runtime,theme,size,seed,variant,days,cpu_ms,wall_ms
node,canyon,128,1,baseline,73,11280,11638.26699999813
node,canyon,128,1,water-sparse,73,10145,10703.3125
node,canyon,128,1,soil-cache,73,10358,10807.79779999936
node,canyon,128,1,soil-saturation,73,12173,12695.492300001672
node,canyon,128,1,water-wasm,73,9273,10487.14560000063
node,canyon,128,1,combined,73,9259,9773.988199999323
node,canyon,128,10,baseline,73,11078,11935.0839999991
node,canyon,128,10,water-sparse,73,10362,11022.80520000006
node,canyon,128,10,soil-cache,73,10566,11430.76880000066
node,canyon,128,10,soil-saturation,73,12033,12781.377299999585
node,canyon,128,10,water-wasm,73,9128,9658.852699998533
node,canyon,128,10,combined,73,9059,9842.325100001646
node,canyon,128,11,baseline,73,10950,12057.898100001272
node,canyon,128,11,water-sparse,73,9751,10649.098800000502
node,canyon,128,11,soil-cache,73,9813,10658.212700001895
node,canyon,128,11,soil-saturation,73,11644,12250.451499999734
node,canyon,128,11,water-wasm,73,9155,10014.485200000461
node,canyon,128,11,combined,73,9088,9744.877199999522
node,canyon,128,12,baseline,73,10814,11746.217000000877
node,canyon,128,12,water-sparse,73,9518,13157.177499998594
node,canyon,128,12,soil-cache,73,10205,14020.678099999903
node,canyon,128,12,soil-saturation,73,11707,15712.506000001682
node,canyon,128,12,water-wasm,73,9016,11103.653799999505
node,canyon,128,12,combined,73,8879,9499.105700000422
node,canyon,128,13,baseline,73,11625,14324.85719999997
node,canyon,128,13,water-sparse,73,11144,14072.9020999996
node,canyon,128,13,soil-cache,73,11042,13095.307100001257
node,canyon,128,13,soil-saturation,73,12717,15089.565499998396
node,canyon,128,13,water-wasm,73,9543,11157.649500000523
node,canyon,128,13,combined,73,9687,11761.87809999939
node,canyon,128,14,baseline,73,11107,14548.204300000798
node,canyon,128,14,water-sparse,73,10424,13570.647900000215
node,canyon,128,14,soil-cache,73,10328,11651.254199999385
node,canyon,128,14,soil-saturation,73,11810,13992.018300000811
node,canyon,128,14,water-wasm,73,9014,10766.491399999475
node,canyon,128,14,combined,73,8952,10367.163800000213
node,canyon,128,15,baseline,73,11547,14329.005300001241
node,canyon,128,15,water-sparse,73,10698,12794.367199998815
node,canyon,128,15,soil-cache,73,11075,13262.937900000717
node,canyon,128,15,soil-saturation,73,12064,14533.70830000122
node,canyon,128,15,water-wasm,73,10204,13422.593400000595
node,canyon,128,15,combined,73,9425,11886.029399998719
node,canyon,128,16,baseline,73,11312,13873.710499999812
node,canyon,128,16,water-sparse,73,10533,12039.332799999975
node,canyon,128,16,soil-cache,73,11154,12602.130199999548
node,canyon,128,16,soil-saturation,73,12280,13772.216299999505
node,canyon,128,16,water-wasm,73,9452,11105.624899998074
node,canyon,128,16,combined,73,9640,10669.562899999786
node,canyon,128,17,baseline,73,10217,10869.611999999732
node,canyon,128,17,water-sparse,73,9419,10264.016900000395
node,canyon,128,17,soil-cache,73,9657,10418.383499998134
node,canyon,128,17,soil-saturation,73,10686,11724.576500000432
node,canyon,128,17,water-wasm,73,8656,9378.76930000051
node,canyon,128,17,combined,73,8344,9207.886499999324
node,canyon,128,18,baseline,73,10673,11345.536699999822
node,canyon,128,18,water-sparse,73,10277,11119.75640000077
node,canyon,128,18,soil-cache,73,10565,11352.333400000352
node,canyon,128,18,soil-saturation,73,11656,12941.308799999999
node,canyon,128,18,water-wasm,73,9130,10050.547100001015
node,canyon,128,18,combined,73,8875,9639.775500000454
node,canyon,128,19,baseline,73,10953,12052.693799998844
node,canyon,128,19,water-sparse,73,10298,11112.424799999455
node,canyon,128,19,soil-cache,73,10158,11024.164999999804
node,canyon,128,19,soil-saturation,73,11970,12795.28209999972
node,canyon,128,19,water-wasm,73,9094,9864.214400001103
node,canyon,128,19,combined,73,8981,9637.78379999823
node,canyon,128,2,baseline,73,10109,10751.789499999955
node,canyon,128,2,water-sparse,73,9518,9916.636899998877
node,canyon,128,2,soil-cache,73,9736,10106.271799999755
node,canyon,128,2,soil-saturation,73,11187,11913.847800000338
node,canyon,128,2,water-wasm,73,8813,9194.462800000561
node,canyon,128,2,combined,73,8482,8694.78659999976
node,canyon,128,20,baseline,73,10782,12568.195800001035
node,canyon,128,20,water-sparse,73,9959,11107.814500001026
node,canyon,128,20,soil-cache,73,10106,10729.41560000158
node,canyon,128,20,soil-saturation,73,11362,12623.65169999795
node,canyon,128,20,water-wasm,73,8808,9630.964400001569
node,canyon,128,20,combined,73,8486,9370.13540000096
node,canyon,128,21,baseline,73,11387,12707.773099999176
node,canyon,128,21,water-sparse,73,10824,11514.809099999955
node,canyon,128,21,soil-cache,73,10742,11261.125799999572
node,canyon,128,21,soil-saturation,73,11830,12959.183799997903
node,canyon,128,21,water-wasm,73,9580,10140.527199998964
node,canyon,128,21,combined,73,9358,10050.133199999575
node,canyon,128,22,baseline,73,10701,11672.313500000397
node,canyon,128,22,water-sparse,73,9924,10551.025300001493
node,canyon,128,22,soil-cache,73,10611,11197.975799999898
node,canyon,128,22,soil-saturation,73,12185,13145.217900000978
node,canyon,128,22,water-wasm,73,9329,9872.618099999381
node,canyon,128,22,combined,73,9485,10220.763299999526
node,canyon,128,23,baseline,73,10013,10994.140700000571
node,canyon,128,23,water-sparse,73,9050,9759.630299998214
node,canyon,128,23,soil-cache,73,9515,10232.109499999322
node,canyon,128,23,soil-saturation,73,10437,11043.747299999697
node,canyon,128,23,water-wasm,73,8251,8679.058199998457
node,canyon,128,23,combined,73,8593,9119.895900000585
node,canyon,128,24,baseline,73,10656,11817.936599999666
node,canyon,128,24,water-sparse,73,9691,10729.821600000374
node,canyon,128,24,soil-cache,73,10670,11521.316000000807
node,canyon,128,24,soil-saturation,73,12127,13408.672599999933
node,canyon,128,24,water-wasm,73,8936,9882.81400000141
node,canyon,128,24,combined,73,9064,9911.023300000932
node,canyon,128,25,baseline,73,10796,11517.193099999102
node,canyon,128,25,water-sparse,73,9968,10463.57880000025
node,canyon,128,25,soil-cache,73,10327,11037.93589999876
node,canyon,128,25,soil-saturation,73,11815,12619.725900001591
node,canyon,128,25,water-wasm,73,8800,9141.437299999874
node,canyon,128,25,combined,73,8862,9240.58239999949
node,canyon,128,26,baseline,73,11661,12255.587699997937
node,canyon,128,26,water-sparse,73,10623,11313.728400001768
node,canyon,128,26,soil-cache,73,11126,11740.338800000027
node,canyon,128,26,soil-saturation,73,12441,12826.270600001328
node,canyon,128,26,water-wasm,73,9873,10530.274199999636
node,canyon,128,26,combined,73,9189,9754.499399998691
node,canyon,128,27,baseline,73,10107,10701.526800000342
node,canyon,128,27,water-sparse,73,8980,9467.356000000611
node,canyon,128,27,soil-cache,73,10146,11154.639300000854
node,canyon,128,27,soil-saturation,73,11547,12236.815600000322
node,canyon,128,27,water-wasm,73,8611,9059.39349999954
node,canyon,128,27,combined,73,8139,8807.326199998846
node,canyon,128,28,baseline,73,10923,11649.79979999899
node,canyon,128,28,water-sparse,73,10202,14563.731299999403
node,canyon,128,28,soil-cache,73,10190,12138.927699999651
node,canyon,128,28,soil-saturation,73,11706,12508.82269999967
node,canyon,128,28,water-wasm,73,8844,9774.378799999366
node,canyon,128,28,combined,73,8828,9387.367000000784
node,canyon,128,29,baseline,73,10220,11516.198600001168
node,canyon,128,29,water-sparse,73,9780,10904.27320000017
node,canyon,128,29,soil-cache,73,9847,11299.657599998172
node,canyon,128,29,soil-saturation,73,11438,12943.900000000838
node,canyon,128,29,water-wasm,73,8544,9894.416799999075
node,canyon,128,29,combined,73,9013,10172.148600000422
node,canyon,128,3,baseline,73,10873,11328.313399998238
node,canyon,128,3,water-sparse,73,9942,10309.0718999987
node,canyon,128,3,soil-cache,73,10406,10599.780899999198
node,canyon,128,3,soil-saturation,73,11904,12462.21380000026
node,canyon,128,3,water-wasm,73,9284,9611.821799999801
node,canyon,128,3,combined,73,9013,9389.14419999905
node,canyon,128,30,baseline,73,11447,12897.064099998912
node,canyon,128,30,water-sparse,73,10425,11986.586300000316
node,canyon,128,30,soil-cache,73,11063,12578.310099999653
node,canyon,128,30,soil-saturation,73,12877,14453.520100000082
node,canyon,128,30,water-wasm,73,9611,11185.161900003674
node,canyon,128,30,combined,73,9849,11310.876500001177
node,canyon,128,4,baseline,73,10654,11215.4729000011
node,canyon,128,4,water-sparse,73,9672,10028.499700000277
node,canyon,128,4,soil-cache,73,10184,10675.725500000874
node,canyon,128,4,soil-saturation,73,11626,12034.732100001536
node,canyon,128,4,water-wasm,73,8593,9040.882800001651
node,canyon,128,4,combined,73,8893,9636.341299999738
node,canyon,128,5,baseline,73,11048,11393.340100001311
node,canyon,128,5,water-sparse,73,10671,10894.639900000766
node,canyon,128,5,soil-cache,73,10626,11040.695300000487
node,canyon,128,5,soil-saturation,73,12145,12636.200299998047
node,canyon,128,5,water-wasm,73,9457,10143.666099999798
node,canyon,128,5,combined,73,9220,9690.078299999703
node,canyon,128,6,baseline,73,11816,12093.846700000344
node,canyon,128,6,water-sparse,73,10827,11325.111700001871
node,canyon,128,6,soil-cache,73,11000,11356.303199999966
node,canyon,128,6,soil-saturation,73,12464,13365.490199999418
node,canyon,128,6,water-wasm,73,10000,10596.877499998547
node,canyon,128,6,combined,73,9763,10111.884700000985
node,canyon,128,7,baseline,73,11559,11988.471500000684
node,canyon,128,7,water-sparse,73,10534,11247.268699998735
node,canyon,128,7,soil-cache,73,10907,11298.588100000052
node,canyon,128,7,soil-saturation,73,12221,13001.379199998453
node,canyon,128,7,water-wasm,73,9471,9861.71370000206
node,canyon,128,7,combined,73,9575,9997.777999999234
node,canyon,128,8,baseline,73,11096,11756.67240000097
node,canyon,128,8,water-sparse,73,10313,10760.736899999669
node,canyon,128,8,soil-cache,73,10847,11428.488300001249
node,canyon,128,8,soil-saturation,73,12355,12948.79579999973
node,canyon,128,8,water-wasm,73,9267,9853.997299999464
node,canyon,128,8,combined,73,9625,10268.3143999991
node,canyon,128,9,baseline,73,11530,12410.762400001287
node,canyon,128,9,water-sparse,73,10923,11544.070599999046
node,canyon,128,9,soil-cache,73,10952,11989.902500001248
node,canyon,128,9,soil-saturation,73,12528,13256.777799999807
node,canyon,128,9,water-wasm,73,9829,10431.216900001047
node,canyon,128,9,combined,73,9530,10056.452999997651
node,canyon,256,1,baseline,73,41190,42345.74749999773
node,canyon,256,1,water-sparse,73,36942,38108.52250000741
node,canyon,256,1,soil-cache,73,38268,39656.2220999999
node,canyon,256,1,soil-saturation,73,45905,47286.18569999654
node,canyon,256,1,water-wasm,73,34593,35416.280699994415
node,canyon,256,1,combined,73,34948,35569.3685999969
node,canyon,256,2,baseline,73,40665,41677.841100000776
node,canyon,256,2,water-sparse,73,35747,36777.67280000448
node,canyon,256,2,soil-cache,73,38061,39472.069799998775
node,canyon,256,2,soil-saturation,73,44766,45987.583900004625
node,canyon,256,2,water-wasm,73,34192,34919.54459999595
node,canyon,256,2,combined,73,34046,34774.39879999962
node,canyon,256,3,baseline,73,45845,47637.268199997954
node,canyon,256,3,water-sparse,73,42280,43749.05810000189
node,canyon,256,3,soil-cache,73,44013,45371.02759999968
node,canyon,256,3,soil-saturation,73,50861,52570.26159999799
node,canyon,256,3,water-wasm,73,38441,39861.19609999657
node,canyon,256,3,combined,73,38580,39582.03819999844
node,canyon,96,1,baseline,73,6889,6987.271700000028
node,canyon,96,1,water-sparse,73,6389,6420.150600000027
node,canyon,96,1,soil-cache,73,6284,6401.59519999999
node,canyon,96,1,soil-saturation,73,7219,7335.233200000013
node,canyon,96,1,water-wasm,73,5531,5597.646100000024
node,canyon,96,1,combined,73,5344,5471.540600000033
node,delta,128,1,baseline,73,27059,29326.222399998456
node,delta,128,1,water-sparse,73,24514,27145.319300001487
node,delta,128,1,soil-cache,73,25814,27751.05429999903
node,delta,128,1,soil-saturation,73,26941,29148.911699998192
node,delta,128,1,water-wasm,73,22160,23810.091299998574
node,delta,128,1,combined,73,18822,20828.13250000123
node,delta,128,10,baseline,73,26958,29297.369800008833
node,delta,128,10,water-sparse,73,25001,26448.246199997142
node,delta,128,10,soil-cache,73,25142,26541.194599999115
node,delta,128,10,soil-saturation,73,26816,28137.676799994893
node,delta,128,10,water-wasm,73,22610,23715.401600003242
node,delta,128,10,combined,73,19266,20745.819200001657
node,delta,128,11,baseline,73,29013,30337.84390000999
node,delta,128,11,water-sparse,73,26436,27571.88139999658
node,delta,128,11,soil-cache,73,27657,28993.17250000406
node,delta,128,11,soil-saturation,73,28715,30006.637000006624
node,delta,128,11,water-wasm,73,23669,25259.850699995644
node,delta,128,11,combined,73,20221,21472.217600001022
node,delta,128,12,baseline,73,31021,32608.975499995984
node,delta,128,12,water-sparse,73,28071,29501.40870000329
node,delta,128,12,soil-cache,73,29048,30178.09309999831
node,delta,128,12,soil-saturation,73,30222,31952.149599990807
node,delta,128,12,water-wasm,73,24737,25832.908599995077
node,delta,128,12,combined,73,21110,22294.459599995054
node,delta,128,13,baseline,73,25778,27747.66209999565
node,delta,128,13,water-sparse,73,23293,25152.741500002332
node,delta,128,13,soil-cache,73,24081,26094.134600005113
node,delta,128,13,soil-saturation,73,25702,28623.155299994163
node,delta,128,13,water-wasm,73,21486,23706.353100002743
node,delta,128,13,combined,73,18377,19889.51189999841
node,delta,128,14,baseline,73,26672,27550.374500002712
node,delta,128,14,water-sparse,73,24550,25597.24029999692
node,delta,128,14,soil-cache,73,24981,25748.68720000051
node,delta,128,14,soil-saturation,73,26600,27305.460100002587
node,delta,128,14,water-wasm,73,22121,22894.037200003862
node,delta,128,14,combined,73,18701,19486.340700001456
node,delta,128,15,baseline,73,25450,26437.746199998073
node,delta,128,15,water-sparse,73,22746,23560.391599995084
node,delta,128,15,soil-cache,73,23966,24967.067099999636
node,delta,128,15,soil-saturation,73,25229,26258.313899992965
node,delta,128,15,water-wasm,73,20939,21620.15050000511
node,delta,128,15,combined,73,17829,18711.570900002494
node,delta,128,16,baseline,73,29956,31045.093699999154
node,delta,128,16,water-sparse,73,27078,28042.748699992895
node,delta,128,16,soil-cache,73,28203,29255.78559999913
node,delta,128,16,soil-saturation,73,29281,30282.36840000283
node,delta,128,16,water-wasm,73,24033,24777.050400000066
node,delta,128,16,combined,73,20158,20882.990699999966
node,delta,128,17,baseline,73,23191,24392.668700003996
node,delta,128,17,water-sparse,73,21003,22287.42970000673
node,delta,128,17,soil-cache,73,21532,23000.43719999958
node,delta,128,17,soil-saturation,73,23503,24717.661300000735
node,delta,128,17,water-wasm,73,19092,20342.502200003713
node,delta,128,17,combined,73,16515,17673.449899992906
node,delta,128,18,baseline,73,26869,27559.451200003736
node,delta,128,18,water-sparse,73,24078,24909.558000002988
node,delta,128,18,soil-cache,73,25123,25919.68030000478
node,delta,128,18,soil-saturation,73,26782,27708.341199997813
node,delta,128,18,water-wasm,73,22249,22891.75960000418
node,delta,128,18,combined,73,19063,19524.770699997433
node,delta,128,19,baseline,73,25656,26720.567199998535
node,delta,128,19,water-sparse,73,22969,23810.124299999326
node,delta,128,19,soil-cache,73,24360,25222.102700003423
node,delta,128,19,soil-saturation,73,25578,26511.519300003536
node,delta,128,19,water-wasm,73,20858,21593.26729999855
node,delta,128,19,combined,73,18156,18759.566200002097
node,delta,128,2,baseline,73,25249,27443.667200008407
node,delta,128,2,water-sparse,73,23143,26343.531200001948
node,delta,128,2,soil-cache,73,24065,26736.275699995458
node,delta,128,2,soil-saturation,73,25359,27922.708099999465
node,delta,128,2,water-wasm,73,21291,22663.900000000373
node,delta,128,2,combined,73,18610,19660.535300001502
node,delta,128,20,baseline,73,27723,29761.311499998905
node,delta,128,20,water-sparse,73,25488,27934.461499998346
node,delta,128,20,soil-cache,73,25799,27536.061299999245
node,delta,128,20,soil-saturation,73,27347,29303.73399999924
node,delta,128,20,water-wasm,73,22574,24430.422000000253
node,delta,128,20,combined,73,19670,20725.91679999791
node,delta,128,21,baseline,73,32138,33301.50300000515
node,delta,128,21,water-sparse,73,28652,30036.321900000796
node,delta,128,21,soil-cache,73,29922,31335.3245000029
node,delta,128,21,soil-saturation,73,31703,32993.592299996875
node,delta,128,21,water-wasm,73,25452,26381.460300002247
node,delta,128,21,combined,73,21158,22152.386300000362
node,delta,128,22,baseline,73,27319,28556.979999997653
node,delta,128,22,water-sparse,73,24840,25405.49800000526
node,delta,128,22,soil-cache,73,26143,27027.02449999936
node,delta,128,22,soil-saturation,73,27062,28127.98050000239
node,delta,128,22,water-wasm,73,23087,24067.7883999981
node,delta,128,22,combined,73,19422,20430.233699996956
node,delta,128,23,baseline,73,27808,29261.356100002304
node,delta,128,23,water-sparse,73,25518,27023.566099995747
node,delta,128,23,soil-cache,73,26109,27398.14269999694
node,delta,128,23,soil-saturation,73,27406,28548.72560000606
node,delta,128,23,water-wasm,73,22236,23636.72889999766
node,delta,128,23,combined,73,19695,20829.559900001623
node,delta,128,24,baseline,73,26628,28950.61249999702
node,delta,128,24,water-sparse,73,24672,27058.300200001337
node,delta,128,24,soil-cache,73,25124,27040.157900003716
node,delta,128,24,soil-saturation,73,27109,28990.710799997672
node,delta,128,24,water-wasm,73,22217,24177.360499999486
node,delta,128,24,combined,73,19293,20963.713800000027
node,delta,128,25,baseline,73,28140,29476.25160000939
node,delta,128,25,water-sparse,73,25066,26376.862599999644
node,delta,128,25,soil-cache,73,26206,27345.155700001866
node,delta,128,25,soil-saturation,73,27646,28962.191899999976
node,delta,128,25,water-wasm,73,22253,23354.33189999964
node,delta,128,25,combined,73,18942,20177.171200003475
node,delta,128,26,baseline,73,27078,28362.342400001362
node,delta,128,26,water-sparse,73,25216,26259.639000003226
node,delta,128,26,soil-cache,73,25216,26023.71660000272
node,delta,128,26,soil-saturation,73,26829,27602.6379000023
node,delta,128,26,water-wasm,73,22407,23057.36219999101
node,delta,128,26,combined,73,19266,19956.107999996282
node,delta,128,27,baseline,73,26579,27666.300499999896
node,delta,128,27,water-sparse,73,24264,25243.173499998637
node,delta,128,27,soil-cache,73,25222,26393.420300005004
node,delta,128,27,soil-saturation,73,26514,27439.211699998938
node,delta,128,27,water-wasm,73,21514,22423.338799998164
node,delta,128,27,combined,73,18877,19563.702200001106
node,delta,128,28,baseline,73,28625,30496.56350000482
node,delta,128,28,water-sparse,73,25951,28006.8361999942
node,delta,128,28,soil-cache,73,26786,28805.258499996737
node,delta,128,28,soil-saturation,73,27965,30296.76590000093
node,delta,128,28,water-wasm,73,23441,25517.998199994676
node,delta,128,28,combined,73,19770,21384.34589999914
node,delta,128,29,baseline,73,24737,25772.57230000198
node,delta,128,29,water-sparse,73,22186,23180.037700003013
node,delta,128,29,soil-cache,73,23234,24361.861399995163
node,delta,128,29,soil-saturation,73,24558,25872.50030000042
node,delta,128,29,water-wasm,73,19673,20516.655800007284
node,delta,128,29,combined,73,16955,17710.701199994422
node,delta,128,3,baseline,73,27172,30277.57680000644
node,delta,128,3,water-sparse,73,24249,27976.53079999704
node,delta,128,3,soil-cache,73,25514,28858.32919999864
node,delta,128,3,soil-saturation,73,26901,29248.144399996847
node,delta,128,3,water-wasm,73,21846,23690.835699999705
node,delta,128,3,combined,73,18609,20253.066599994898
node,delta,128,30,baseline,73,25895,26712.84269999806
node,delta,128,30,water-sparse,73,23280,23886.553999999538
node,delta,128,30,soil-cache,73,24094,24982.915399989113
node,delta,128,30,soil-saturation,73,25517,26248.21779999975
node,delta,128,30,water-wasm,73,21344,22203.924599999562
node,delta,128,30,combined,73,17927,18904.776199997403
node,delta,128,4,baseline,73,29140,32790.754799997434
node,delta,128,4,water-sparse,73,26515,28987.66209999565
node,delta,128,4,soil-cache,73,27672,31226.007699997164
node,delta,128,4,soil-saturation,73,28402,31164.84950000234
node,delta,128,4,water-wasm,73,23549,25968.47089999914
node,delta,128,4,combined,73,20816,22198.17630000133
node,delta,128,5,baseline,73,24996,28452.90460000187
node,delta,128,5,water-sparse,73,25277,28212.482200002298
node,delta,128,5,soil-cache,73,23295,26202.620300001465
node,delta,128,5,soil-saturation,73,25262,29885.641900001094
node,delta,128,5,water-wasm,73,21264,25096.350599997677
node,delta,128,5,combined,73,19512,24557.317999994382
node,delta,128,6,baseline,73,25890,27793.604100001976
node,delta,128,6,water-sparse,73,23621,25871.69670000393
node,delta,128,6,soil-cache,73,24499,26059.181799997576
node,delta,128,6,soil-saturation,73,25801,27382.07880000118
node,delta,128,6,water-wasm,73,21860,22926.963400005363
node,delta,128,6,combined,73,18549,19821.37849999685
node,delta,128,7,baseline,73,30252,32171.034299998544
node,delta,128,7,water-sparse,73,26938,28903.52850000281
node,delta,128,7,soil-cache,73,27983,29950.24670000188
node,delta,128,7,soil-saturation,73,29612,31636.86050000135
node,delta,128,7,water-wasm,73,24311,25854.244300003164
node,delta,128,7,combined,73,20902,22357.241399998777
node,delta,128,8,baseline,73,23250,24642.403899999335
node,delta,128,8,water-sparse,73,23503,24788.965400001034
node,delta,128,8,soil-cache,73,21854,23006.410699997097
node,delta,128,8,soil-saturation,73,23299,24836.012900003232
node,delta,128,8,water-wasm,73,19249,20664.40700000059
node,delta,128,8,combined,73,18858,19746.84620000329
node,delta,128,9,baseline,73,25625,28506.54469999578
node,delta,128,9,water-sparse,73,23412,26132.345899994485
node,delta,128,9,soil-cache,73,24358,27171.755200004205
node,delta,128,9,soil-saturation,73,26078,28961.991599997506
node,delta,128,9,water-wasm,73,21642,24057.940599994734
node,delta,128,9,combined,73,18198,20164.292099998333
node,delta,256,1,baseline,73,96015,98145.4467999991
node,delta,256,1,water-sparse,73,93752,95780.37489999644
node,delta,256,1,soil-cache,73,91801,93725.19739999808
node,delta,256,1,soil-saturation,73,97651,99946.93740000576
node,delta,256,1,water-wasm,73,79078,80941.14309999719
node,delta,256,1,combined,73,73174,74710.40150000341
node,delta,256,2,baseline,73,108195,112084.01150000468
node,delta,256,2,water-sparse,73,93168,97752.56050000153
node,delta,256,2,soil-cache,73,100184,106967.1270999983
node,delta,256,2,soil-saturation,73,106384,114146.60400000215
node,delta,256,2,water-wasm,73,88501,93999.13190000504
node,delta,256,2,combined,73,72570,75495.60679998808
node,delta,256,3,baseline,73,88567,92737.53800000437
node,delta,256,3,water-sparse,73,91926,101858.9178999979
node,delta,256,3,soil-cache,73,83748,91803.18359999545
node,delta,256,3,soil-saturation,73,89327,93703.55689999461
node,delta,256,3,water-wasm,73,72330,76177.2679999955
node,delta,256,3,combined,73,69567,71992.15679999255
node,delta,96,1,baseline,73,13392,14764.789199999868
node,delta,96,1,water-sparse,73,12845,15642.25520000013
node,delta,96,1,soil-cache,73,12579,14502.408700000116
node,delta,96,1,soil-saturation,73,13082,14518.518100000088
node,delta,96,1,water-wasm,73,10639,11581.49830000008
node,delta,96,1,combined,73,8812,8976.384299999976
node,highlands,128,1,baseline,73,21966,25418.329999996815
node,highlands,128,1,water-sparse,73,20939,22161.34359999816
node,highlands,128,1,soil-cache,73,20313,22016.12500000163
node,highlands,128,1,soil-saturation,73,21990,23687.852899999823
node,highlands,128,1,water-wasm,73,18358,19862.387499999488
node,highlands,128,1,combined,73,17469,20443.368399999803
node,highlands,128,10,baseline,73,28846,31476.995500002056
node,highlands,128,10,water-sparse,73,24952,26703.098600002006
node,highlands,128,10,soil-cache,73,27326,30134.795699998736
node,highlands,128,10,soil-saturation,73,27144,28788.050000004005
node,highlands,128,10,water-wasm,73,23187,24847.342300001998
node,highlands,128,10,combined,73,18142,19156.606900001876
node,highlands,128,11,baseline,73,26950,30464.158499999437
node,highlands,128,11,water-sparse,73,24549,27262.07590000052
node,highlands,128,11,soil-cache,73,25480,28908.442000001203
node,highlands,128,11,soil-saturation,73,27203,31227.563699999824
node,highlands,128,11,water-wasm,73,21842,23893.44359999895
node,highlands,128,11,combined,73,19734,21572.493999999482
node,highlands,128,12,baseline,73,31737,34204.139300001785
node,highlands,128,12,water-sparse,73,26839,29102.89900000021
node,highlands,128,12,soil-cache,73,28641,30757.44330000272
node,highlands,128,12,soil-saturation,73,29673,32700.674299999606
node,highlands,128,12,water-wasm,73,26218,29110.334900001064
node,highlands,128,12,combined,73,20126,21832.817599997856
node,highlands,128,13,baseline,73,23017,24791.819499996025
node,highlands,128,13,water-sparse,73,19201,20350.705800000113
node,highlands,128,13,soil-cache,73,19905,20856.409300002735
node,highlands,128,13,soil-saturation,73,21548,22936.221299997997
node,highlands,128,13,water-wasm,73,17516,18780.227000001818
node,highlands,128,13,combined,73,16048,18090.368699999526
node,highlands,128,14,baseline,73,21922,22574.747499999125
node,highlands,128,14,water-sparse,73,19315,20515.436499999836
node,highlands,128,14,soil-cache,73,21237,23029.62359999772
node,highlands,128,14,soil-saturation,73,22501,24204.171100001317
node,highlands,128,14,water-wasm,73,16861,17624.043199998792
node,highlands,128,14,combined,73,14874,15626.388999997638
node,highlands,128,15,baseline,73,20046,21638.29099999927
node,highlands,128,15,water-sparse,73,17924,19028.37399999611
node,highlands,128,15,soil-cache,73,19279,21036.47939999448
node,highlands,128,15,soil-saturation,73,21549,24640.32389999926
node,highlands,128,15,water-wasm,73,17016,18909.73869999731
node,highlands,128,15,combined,73,13894,14999.238300000317
node,highlands,128,16,baseline,73,25152,26223.81099999789
node,highlands,128,16,water-sparse,73,22027,23016.373399998527
node,highlands,128,16,soil-cache,73,24145,24888.36029999936
node,highlands,128,16,soil-saturation,73,25144,26272.584700000007
node,highlands,128,16,water-wasm,73,20468,21276.59680000227
node,highlands,128,16,combined,73,16973,17578.655700000003
node,highlands,128,17,baseline,73,23044,24054.230899998918
node,highlands,128,17,water-sparse,73,20749,21571.371800001245
node,highlands,128,17,soil-cache,73,21771,22814.362500000745
node,highlands,128,17,soil-saturation,73,23389,24505.11739999894
node,highlands,128,17,water-wasm,73,18748,19899.3935000021
node,highlands,128,17,combined,73,15935,16660.254300001543
node,highlands,128,18,baseline,73,26265,27316.426099999808
node,highlands,128,18,water-sparse,73,23330,24237.142400000244
node,highlands,128,18,soil-cache,73,24781,25845.405300001614
node,highlands,128,18,soil-saturation,73,25670,26807.281900000293
node,highlands,128,18,water-wasm,73,21370,22420.561200001743
node,highlands,128,18,combined,73,17973,18535.889199996367
node,highlands,128,19,baseline,73,22795,23451.233100000303
node,highlands,128,19,water-sparse,73,20357,21152.439699999522
node,highlands,128,19,soil-cache,73,22001,22745.544399997685
node,highlands,128,19,soil-saturation,73,22766,23493.141599998344
node,highlands,128,19,water-wasm,73,18141,18939.641400000546
node,highlands,128,19,combined,73,15646,16156.265100002289
node,highlands,128,2,baseline,73,25937,27805.357299997937
node,highlands,128,2,water-sparse,73,25944,27733.558600001037
node,highlands,128,2,soil-cache,73,24464,26973.724600000074
node,highlands,128,2,soil-saturation,73,25686,27579.080500001553
node,highlands,128,2,water-wasm,73,21390,22407.05300000054
node,highlands,128,2,combined,73,20563,21754.1409
node,highlands,128,20,baseline,73,20138,20893.208000001498
node,highlands,128,20,water-sparse,73,17796,18088.117800002452
node,highlands,128,20,soil-cache,73,18645,19467.01449999772
node,highlands,128,20,soil-saturation,73,19857,20462.884300000034
node,highlands,128,20,water-wasm,73,15998,16521.332999998238
node,highlands,128,20,combined,73,13888,14281.992300001439
node,highlands,128,21,baseline,73,26014,26862.754699999467
node,highlands,128,21,water-sparse,73,25036,26206.56009999523
node,highlands,128,21,soil-cache,73,25328,26512.581400000025
node,highlands,128,21,soil-saturation,73,25643,26572.82509999862
node,highlands,128,21,water-wasm,73,21953,22624.895600000862
node,highlands,128,21,combined,73,19202,19965.872400000226
node,highlands,128,22,baseline,73,26969,28132.24560000468
node,highlands,128,22,water-sparse,73,23019,23792.762999998406
node,highlands,128,22,soil-cache,73,24610,25615.645400001667
node,highlands,128,22,soil-saturation,73,26341,27164.83940000087
node,highlands,128,22,water-wasm,73,21530,22411.205500000156
node,highlands,128,22,combined,73,17564,18376.930899998173
node,highlands,128,23,baseline,73,20874,21440.072800000664
node,highlands,128,23,water-sparse,73,19518,20226.198199999984
node,highlands,128,23,soil-cache,73,19254,19891.99760000035
node,highlands,128,23,soil-saturation,73,19763,20326.254599999636
node,highlands,128,23,water-wasm,73,16219,16752.579300001264
node,highlands,128,23,combined,73,15668,16232.822400002275
node,highlands,128,24,baseline,73,30191,31650.5932999989
node,highlands,128,24,water-sparse,73,24730,25892.18510000035
node,highlands,128,24,soil-cache,73,29064,30547.384199997876
node,highlands,128,24,soil-saturation,73,30720,32625.87800000049
node,highlands,128,24,water-wasm,73,24779,26184.067500001285
node,highlands,128,24,combined,73,18969,20103.73730000155
node,highlands,128,25,baseline,73,24796,25783.82430000184
node,highlands,128,25,water-sparse,73,21067,21919.299599999096
node,highlands,128,25,soil-cache,73,22829,23631.88939999882
node,highlands,128,25,soil-saturation,73,23970,24732.812400000636
node,highlands,128,25,water-wasm,73,19939,20506.092399998568
node,highlands,128,25,combined,73,15718,16073.179200001061
node,highlands,128,26,baseline,73,21995,22504.37609999813
node,highlands,128,26,water-sparse,73,18755,19379.340599999763
node,highlands,128,26,soil-cache,73,18531,19225.381899997592
node,highlands,128,26,soil-saturation,73,19996,20480.40100000007
node,highlands,128,26,water-wasm,73,17800,18503.080799997784
node,highlands,128,26,combined,73,15200,15536.879199998919
node,highlands,128,27,baseline,73,20542,21321.600600002334
node,highlands,128,27,water-sparse,73,17361,17933.679800001904
node,highlands,128,27,soil-cache,73,18872,19329.847899998073
node,highlands,128,27,soil-saturation,73,20797,21348.18159999838
node,highlands,128,27,water-wasm,73,16748,17347.753500000574
node,highlands,128,27,combined,73,13831,14311.10750000272
node,highlands,128,28,baseline,73,30878,32286.72990000341
node,highlands,128,28,water-sparse,73,28332,29755.319100002293
node,highlands,128,28,soil-cache,73,28829,30355.099000002723
node,highlands,128,28,soil-saturation,73,29611,30878.682099999394
node,highlands,128,28,water-wasm,73,25659,26954.11129999906
node,highlands,128,28,combined,73,21717,22761.471299998928
node,highlands,128,29,baseline,73,25854,26447.938500001095
node,highlands,128,29,water-sparse,73,22594,23171.682599998545
node,highlands,128,29,soil-cache,73,24458,25294.242400001734
node,highlands,128,29,soil-saturation,73,24468,25298.06790000014
node,highlands,128,29,water-wasm,73,20373,20923.030300000682
node,highlands,128,29,combined,73,16672,17050.14859999949
node,highlands,128,3,baseline,73,29533,30896.06370000029
node,highlands,128,3,water-sparse,73,27981,29296.834499999648
node,highlands,128,3,soil-cache,73,27877,29557.140900001395
node,highlands,128,3,soil-saturation,73,29267,30645.111299998825
node,highlands,128,3,water-wasm,73,24255,25488.614500000607
node,highlands,128,3,combined,73,21592,22484.682600000873
node,highlands,128,30,baseline,73,18251,18632.02199999569
node,highlands,128,30,water-sparse,73,15981,16467.51990000205
node,highlands,128,30,soil-cache,73,17514,17816.25579999853
node,highlands,128,30,soil-saturation,73,19094,19469.515600004233
node,highlands,128,30,water-wasm,73,14517,14799.187500002328
node,highlands,128,30,combined,73,12592,12823.292899999302
node,highlands,128,4,baseline,73,27331,28503.187900000485
node,highlands,128,4,water-sparse,73,24533,25306.699000001652
node,highlands,128,4,soil-cache,73,26157,27302.572800001595
node,highlands,128,4,soil-saturation,73,27028,28080.2639999995
node,highlands,128,4,water-wasm,73,21689,22917.43370000017
node,highlands,128,4,combined,73,18844,19716.003799999133
node,highlands,128,5,baseline,73,22452,23356.43669999903
node,highlands,128,5,water-sparse,73,19670,20251.61109999963
node,highlands,128,5,soil-cache,73,20989,22104.256800000556
node,highlands,128,5,soil-saturation,73,21874,22660.812899999786
node,highlands,128,5,water-wasm,73,17990,18811.995699999854
node,highlands,128,5,combined,73,15344,15909.91039999947
node,highlands,128,6,baseline,73,26722,27629.974700000603
node,highlands,128,6,water-sparse,73,24048,24872.782399999443
node,highlands,128,6,soil-cache,73,26093,30268.075000001118
node,highlands,128,6,soil-saturation,73,27236,30903.762299999362
node,highlands,128,6,water-wasm,73,22265,25740.407699999865
node,highlands,128,6,combined,73,19059,19705.867400001967
node,highlands,128,7,baseline,73,24236,24910.852700001094
node,highlands,128,7,water-sparse,73,22014,23214.077099999413
node,highlands,128,7,soil-cache,73,23281,25628.994499998167
node,highlands,128,7,soil-saturation,73,24799,26577.308600003133
node,highlands,128,7,water-wasm,73,19629,21062.772199999774
node,highlands,128,7,combined,73,16747,18739.705599998822
node,highlands,128,8,baseline,73,27952,29057.453500002855
node,highlands,128,8,water-sparse,73,26827,29034.68780000112
node,highlands,128,8,soil-cache,73,26626,30273.679800000507
node,highlands,128,8,soil-saturation,73,28019,30572.534799998626
node,highlands,128,8,water-wasm,73,23699,26118.89519999642
node,highlands,128,8,combined,73,21440,23791.237500002142
node,highlands,128,9,baseline,73,26266,28148.24520000117
node,highlands,128,9,water-sparse,73,23778,26512.48110000044
node,highlands,128,9,soil-cache,73,25112,29606.21010000026
node,highlands,128,9,soil-saturation,73,26046,27881.61880000285
node,highlands,128,9,water-wasm,73,21125,23022.160000001546
node,highlands,128,9,combined,73,18012,19415.24860000098
node,highlands,256,1,baseline,73,90115,94276.97559999861
node,highlands,256,1,water-sparse,73,76551,80291.45460000541
node,highlands,256,1,soil-cache,73,84467,89034.66270000301
node,highlands,256,1,soil-saturation,73,91301,95208.49250000436
node,highlands,256,1,water-wasm,73,75407,79025.16740000248
node,highlands,256,1,combined,73,62561,65734.30720000993
node,highlands,256,2,baseline,73,93861,96794.22069999762
node,highlands,256,2,water-sparse,73,78450,80455.67250000313
node,highlands,256,2,soil-cache,73,89294,92031.45860000327
node,highlands,256,2,soil-saturation,73,94783,97857.02499999199
node,highlands,256,2,water-wasm,73,80346,82795.55290000048
node,highlands,256,2,combined,73,63342,65207.440399996936
node,highlands,256,3,baseline,73,88200,90376.33779999893
node,highlands,256,3,water-sparse,73,85453,87365.46140000876
node,highlands,256,3,soil-cache,73,83927,86057.8783999877
node,highlands,256,3,soil-saturation,73,90753,92489.74160000775
node,highlands,256,3,water-wasm,73,76899,78828.5484999856
node,highlands,256,3,combined,73,72403,74375.0528000053
node,highlands,96,1,baseline,73,19266,19561.496700000054
node,highlands,96,1,water-sparse,73,19503,19860.68479999995
node,highlands,96,1,soil-cache,73,18153,18306.413800000028
node,highlands,96,1,soil-saturation,73,19095,19394.16280000001
node,highlands,96,1,water-wasm,73,16217,16393.485699999987
node,highlands,96,1,combined,73,14877,15014.706400000046
node,islands,128,1,baseline,73,120203,129265.23810000089
node,islands,128,1,water-sparse,73,92902,96898.63959999976
node,islands,128,1,soil-cache,73,110919,116179.31099999952
node,islands,128,1,soil-saturation,73,110392,114974.84119999944
node,islands,128,1,water-wasm,73,94174,98790.62840000144
node,islands,128,1,combined,73,63826,66245.6407000001
node,islands,128,10,baseline,73,119609,124304.31100000069
node,islands,128,10,water-sparse,73,91301,95495.61870000279
node,islands,128,10,soil-cache,73,110564,115537.21510000108
node,islands,128,10,soil-saturation,73,108762,113049.31389999995
node,islands,128,10,water-wasm,73,93185,96562.40149999969
node,islands,128,10,combined,73,62719,65551.39610000001
node,islands,128,11,baseline,73,118437,122333.40559999924
node,islands,128,11,water-sparse,73,91730,94251.28470000299
node,islands,128,11,soil-cache,73,112111,116024.48359999806
node,islands,128,11,soil-saturation,73,112704,116953.07389999693
node,islands,128,11,water-wasm,73,96952,100391.24649999943
node,islands,128,11,combined,73,62513,64353.8590000011
node,islands,128,12,baseline,73,122613,125708.79600000335
node,islands,128,12,water-sparse,73,93362,96132.0977000012
node,islands,128,12,soil-cache,73,116720,121149.4617999997
node,islands,128,12,soil-saturation,73,121905,125495.04069999838
node,islands,128,12,water-wasm,73,98551,101991.16490000067
node,islands,128,12,combined,73,63844,65748.46020000149
node,islands,128,13,baseline,73,112109,117704.84190000128
node,islands,128,13,water-sparse,73,89531,94122.1139999982
node,islands,128,13,soil-cache,73,107643,111781.46250000037
node,islands,128,13,soil-saturation,73,105170,108249.2799999984
node,islands,128,13,water-wasm,73,88032,90936.59179999726
node,islands,128,13,combined,73,60392,62577.05490000313
node,islands,128,14,baseline,73,116781,118903.94099999778
node,islands,128,14,water-sparse,73,89607,92112.44980000239
node,islands,128,14,soil-cache,73,111062,114254.67810000014
node,islands,128,14,soil-saturation,73,111291,113701.62470000237
node,islands,128,14,water-wasm,73,91283,93419.73730000202
node,islands,128,14,combined,73,60448,61818.03609999642
node,islands,128,15,baseline,73,108790,111209.7369999974
node,islands,128,15,water-sparse,73,82387,83904.1157000023
node,islands,128,15,soil-cache,73,101795,104693.35090000043
node,islands,128,15,soil-saturation,73,109191,112765.34419999877
node,islands,128,15,water-wasm,73,87346,89832.81999999704
node,islands,128,15,combined,73,56388,57615.70630000066
node,islands,128,16,baseline,73,130159,133093.17919999966
node,islands,128,16,water-sparse,73,97402,99659.3369999989
node,islands,128,16,soil-cache,73,117580,120287.66830000002
node,islands,128,16,soil-saturation,73,117342,120101.86490000272
node,islands,128,16,water-wasm,73,96049,97928.95829999913
node,islands,128,16,combined,73,65904,67061.07370000193
node,islands,128,17,baseline,73,116190,120329.78920000093
node,islands,128,17,water-sparse,73,86156,88283.56909999857
node,islands,128,17,soil-cache,73,105237,108816.21460000006
node,islands,128,17,soil-saturation,73,105376,109216.68010000093
node,islands,128,17,water-wasm,73,89765,93561.69380000327
node,islands,128,17,combined,73,61611,65005.81820000149
node,islands,128,18,baseline,73,124530,127243.34129999764
node,islands,128,18,water-sparse,73,90642,92446.37840000214
node,islands,128,18,soil-cache,73,109751,111762.8360999967
node,islands,128,18,soil-saturation,73,110111,112440.42819999857
node,islands,128,18,water-wasm,73,95373,98329.08759999974
node,islands,128,18,combined,73,62500,63590.853100003675
node,islands,128,19,baseline,73,131238,134544.42129999772
node,islands,128,19,water-sparse,73,101235,103914.22799999779
node,islands,128,19,soil-cache,73,126252,129996.4993999959
node,islands,128,19,soil-saturation,73,125527,129050.24879999505
node,islands,128,19,water-wasm,73,104405,107885.68740000296
node,islands,128,19,combined,73,68998,70516.65540000144
node,islands,128,2,baseline,73,116984,122402.29599999939
node,islands,128,2,water-sparse,73,92044,101993.36540000094
node,islands,128,2,soil-cache,73,109748,116428.0169000004
node,islands,128,2,soil-saturation,73,111081,118090.88269999926
node,islands,128,2,water-wasm,73,92330,97109.18349999981
node,islands,128,2,combined,73,61358,65113.56170000089
node,islands,128,20,baseline,73,130560,135637.7111999942
node,islands,128,20,water-sparse,73,100185,103086.1244000066
node,islands,128,20,soil-cache,73,125270,129422.9663000037
node,islands,128,20,soil-saturation,73,126312,131176.88299999386
node,islands,128,20,water-wasm,73,103575,107439.08229999896
node,islands,128,20,combined,73,68801,70822.3932000054
node,islands,128,21,baseline,73,111497,119077.75099999737
node,islands,128,21,water-sparse,73,87753,93377.1625999976
node,islands,128,21,soil-cache,73,104719,110239.7974999994
node,islands,128,21,soil-saturation,73,107061,115232.91049999371
node,islands,128,21,water-wasm,73,91502,98040.33019999601
node,islands,128,21,combined,73,60794,65379.36780000385
node,islands,128,22,baseline,73,122613,125736.47019999474
node,islands,128,22,water-sparse,73,94681,97772.16750000603
node,islands,128,22,soil-cache,73,113923,117174.25599999726
node,islands,128,22,soil-saturation,73,117342,120743.87410000339
node,islands,128,22,water-wasm,73,99716,102927.21410000324
node,islands,128,22,combined,73,66061,67735.8458000021
node,islands,128,23,baseline,73,117957,122305.53250000067
node,islands,128,23,water-sparse,73,89938,93621.794999999
node,islands,128,23,soil-cache,73,111468,116059.29879999906
node,islands,128,23,soil-saturation,73,110750,115755.59210000094
node,islands,128,23,water-wasm,73,92356,96343.55909999646
node,islands,128,23,combined,73,63204,65738.81979999878
node,islands,128,24,baseline,73,135018,142723.27520000283
node,islands,128,24,water-sparse,73,101705,108248.34229999129
node,islands,128,24,soil-cache,73,124216,133992.26549999416
node,islands,128,24,soil-saturation,73,126280,134655.8130000066
node,islands,128,24,water-wasm,73,105971,112179.66219999641
node,islands,128,24,combined,73,69340,73326.44659999665
node,islands,128,25,baseline,73,120989,125516.5906999996
node,islands,128,25,water-sparse,73,93198,97353.183500004
node,islands,128,25,soil-cache,73,115190,119786.85139999446
node,islands,128,25,soil-saturation,73,115577,120875.38840000425
node,islands,128,25,water-wasm,73,93514,97687.11490000412
node,islands,128,25,combined,73,62495,64540.51109999698
node,islands,128,26,baseline,73,109216,113099.62820000015
node,islands,128,26,water-sparse,73,86094,89249.92180000152
node,islands,128,26,soil-cache,73,104361,108558.79599999636
node,islands,128,26,soil-saturation,73,106246,110203.91210000217
node,islands,128,26,water-wasm,73,88485,91318.74730000179
node,islands,128,26,combined,73,59471,62236.610600005835
node,islands,128,27,baseline,73,136485,143434.84059999976
node,islands,128,27,water-sparse,73,103835,113947.12619999982
node,islands,128,27,soil-cache,73,128024,133100.38260000385
node,islands,128,27,soil-saturation,73,129925,135224.43990000244
node,islands,128,27,water-wasm,73,107421,111379.1835000012
node,islands,128,27,combined,73,72548,75240.16069999617
node,islands,128,28,baseline,73,127705,141436.41649999842
node,islands,128,28,water-sparse,73,96330,103819.84239999577
node,islands,128,28,soil-cache,73,117921,123669.60730000213
node,islands,128,28,soil-saturation,73,118987,122628.92759999912
node,islands,128,28,water-wasm,73,100576,103962.97240000032
node,islands,128,28,combined,73,67359,70880.53680000082
node,islands,128,29,baseline,73,133391,147579.71759999823
node,islands,128,29,water-sparse,73,100895,107490.76040000096
node,islands,128,29,soil-cache,73,123330,130249.7124000024
node,islands,128,29,soil-saturation,73,125471,131252.12960000057
node,islands,128,29,water-wasm,73,102031,106403.65570000466
node,islands,128,29,combined,73,68077,71204.24880000483
node,islands,128,3,baseline,73,120519,125836.59500000044
node,islands,128,3,water-sparse,73,89311,91558.39039999922
node,islands,128,3,soil-cache,73,116064,123784.12049999973
node,islands,128,3,soil-saturation,73,113785,116698.33979999926
node,islands,128,3,water-wasm,73,95984,104844.24960000091
node,islands,128,3,combined,73,63310,65312.616800000425
node,islands,128,30,baseline,73,123841,150708.25510000344
node,islands,128,30,water-sparse,73,97393,106496.37890000083
node,islands,128,30,soil-cache,73,116669,125868.29539999459
node,islands,128,30,soil-saturation,73,117377,125157.00369999371
node,islands,128,30,water-wasm,73,100504,108069.93159999698
node,islands,128,30,combined,73,66377,70478.14039999526
node,islands,128,4,baseline,73,123404,129783.54999999981
node,islands,128,4,water-sparse,73,93827,96917.6314999985
node,islands,128,4,soil-cache,73,112249,114979.1641000025
node,islands,128,4,soil-saturation,73,115379,118252.34210000164
node,islands,128,4,water-wasm,73,95143,101101.17229999974
node,islands,128,4,combined,73,64237,71711.96230000188
node,islands,128,5,baseline,73,116981,122561.38589999941
node,islands,128,5,water-sparse,73,91405,93884.63689999911
node,islands,128,5,soil-cache,73,110577,113471.76830000081
node,islands,128,5,soil-saturation,73,110110,116318.13879999891
node,islands,128,5,water-wasm,73,95093,103591.39880000055
node,islands,128,5,combined,73,63203,68422.70110000041
node,islands,128,6,baseline,73,116379,121915.57090000086
node,islands,128,6,water-sparse,73,89967,93226.07840000186
node,islands,128,6,soil-cache,73,109578,112876.19450000138
node,islands,128,6,soil-saturation,73,111249,120222.97510000225
node,islands,128,6,water-wasm,73,94531,109974.6791000003
node,islands,128,6,combined,73,61234,67735.43860000069
node,islands,128,7,baseline,73,110673,114197.08529999945
node,islands,128,7,water-sparse,73,85707,88505.71379999956
node,islands,128,7,soil-cache,73,104795,107806.84310000017
node,islands,128,7,soil-saturation,73,104858,107866.0205000015
node,islands,128,7,water-wasm,73,88311,91663.05019999808
node,islands,128,7,combined,73,59854,61985.099399996456
node,islands,128,8,baseline,73,124422,128117.5391000025
node,islands,128,8,water-sparse,73,93551,96574.58710000245
node,islands,128,8,soil-cache,73,115756,118688.97399999807
node,islands,128,8,soil-saturation,73,116595,119546.97350000031
node,islands,128,8,water-wasm,73,95919,99233.89399999706
node,islands,128,8,combined,73,63141,64962.327099997085
node,islands,128,9,baseline,73,124513,129218.09340000385
node,islands,128,9,water-sparse,73,94951,98207.83340000082
node,islands,128,9,soil-cache,73,115370,118779.50129999453
node,islands,128,9,soil-saturation,73,115701,118846.69270000001
node,islands,128,9,water-wasm,73,99392,102769.51429999806
node,islands,128,9,combined,73,66264,68593.1110000005
node,islands,256,1,baseline,77,355238,366736.21879998595
node,islands,256,1,water-sparse,77,275373,287257.4060000088
node,islands,256,1,soil-cache,77,341783,351258.9613000043
node,islands,256,1,soil-saturation,77,339649,347606.47330000065
node,islands,256,1,water-wasm,77,279275,284944.56960001215
node,islands,256,1,combined,77,185595,189400.8725999929
node,islands,256,2,baseline,77,371653,386685.13890000246
node,islands,256,2,water-sparse,77,270957,278597.6321999915
node,islands,256,2,soil-cache,77,345512,364295.5819999948
node,islands,256,2,soil-saturation,77,359091,378457.5792999957
node,islands,256,2,water-wasm,77,289957,297776.9198000096
node,islands,256,2,combined,77,195565,203549.45350000262
node,islands,256,3,baseline,77,371650,383144.16089999676
node,islands,256,3,water-sparse,77,285654,294688.685399998
node,islands,256,3,soil-cache,77,357379,382530.12359999865
node,islands,256,3,soil-saturation,77,361760,388786.0577000044
node,islands,256,3,water-wasm,77,304717,317461.31080001034
node,islands,256,3,combined,77,200684,217320.3148999978
node,islands,96,1,baseline,73,67375,74119.88409999976
node,islands,96,1,water-sparse,73,51612,53051.86920000015
node,islands,96,1,soil-cache,73,62847,66657.44690000016
node,islands,96,1,soil-saturation,73,61346,63640.58170000005
node,islands,96,1,water-wasm,73,49515,50775.94730000003
node,islands,96,1,combined,73,33972,34837.66830000002
node,lakeBasin,128,1,baseline,73,96703,98677.82920000283
node,lakeBasin,128,1,water-sparse,73,72470,74368.88510000007
node,lakeBasin,128,1,soil-cache,73,87502,89625.95079999976
node,lakeBasin,128,1,soil-saturation,73,92573,94586.22220000206
node,lakeBasin,128,1,water-wasm,73,74499,75911.1251000003
node,lakeBasin,128,1,combined,73,49190,50427.88859999925
node,lakeBasin,128,10,baseline,73,91765,94721.29809999792
node,lakeBasin,128,10,water-sparse,73,72188,73800.33169999998
node,lakeBasin,128,10,soil-cache,73,84394,86760.82380000362
node,lakeBasin,128,10,soil-saturation,73,85215,86708.34369999869
node,lakeBasin,128,10,water-wasm,73,71044,72605.84129999764
node,lakeBasin,128,10,combined,73,47122,48084.134899998084
node,lakeBasin,128,11,baseline,73,92781,96044.03390000947
node,lakeBasin,128,11,water-sparse,73,70766,73394.95460000215
node,lakeBasin,128,11,soil-cache,73,86434,89287.03379999893
node,lakeBasin,128,11,soil-saturation,73,87350,90026.50500000082
node,lakeBasin,128,11,water-wasm,73,71858,73545.3767000027
node,lakeBasin,128,11,combined,73,49326,50603.36460000044
node,lakeBasin,128,12,baseline,73,88440,90734.16619999846
node,lakeBasin,128,12,water-sparse,73,69735,71408.19009999838
node,lakeBasin,128,12,soil-cache,73,83204,86019.37980000395
node,lakeBasin,128,12,soil-saturation,73,84799,86707.555999998
node,lakeBasin,128,12,water-wasm,73,70175,71799.53040000005
node,lakeBasin,128,12,combined,73,47585,48497.04130000388
node,lakeBasin,128,13,baseline,73,99047,101524.70499999076
node,lakeBasin,128,13,water-sparse,73,76891,78419.82949999906
node,lakeBasin,128,13,soil-cache,73,92674,94764.09739999846
node,lakeBasin,128,13,soil-saturation,73,93842,96038.92709999718
node,lakeBasin,128,13,water-wasm,73,78144,80962.34589999635
node,lakeBasin,128,13,combined,73,51392,53032.46209999826
node,lakeBasin,128,14,baseline,73,89014,91504.77119999751
node,lakeBasin,128,14,water-sparse,73,70226,71730.96349999588
node,lakeBasin,128,14,soil-cache,73,84377,86573.25379999634
node,lakeBasin,128,14,soil-saturation,73,84302,85583.16140000243
node,lakeBasin,128,14,water-wasm,73,68282,69853.4371000044
node,lakeBasin,128,14,combined,73,46094,46898.41119999997
node,lakeBasin,128,15,baseline,73,85358,87348.1886999961
node,lakeBasin,128,15,water-sparse,73,66426,68606.31450000405
node,lakeBasin,128,15,soil-cache,73,81077,83088.52769999206
node,lakeBasin,128,15,soil-saturation,73,81809,84496.69060000312
node,lakeBasin,128,15,water-wasm,73,67708,69278.73450000025
node,lakeBasin,128,15,combined,73,44996,46250.333700004965
node,lakeBasin,128,16,baseline,73,82252,84477.74660000112
node,lakeBasin,128,16,water-sparse,73,65469,67392.84790000506
node,lakeBasin,128,16,soil-cache,73,78516,81681.56280000508
node,lakeBasin,128,16,soil-saturation,73,78669,80894.59460000042
node,lakeBasin,128,16,water-wasm,73,66736,68383.59379999992
node,lakeBasin,128,16,combined,73,45063,46334.5996000031
node,lakeBasin,128,17,baseline,73,83941,85465.54170001205
node,lakeBasin,128,17,water-sparse,73,65436,66966.98829999659
node,lakeBasin,128,17,soil-cache,73,79073,80718.1568999989
node,lakeBasin,128,17,soil-saturation,73,78840,80234.3648999976
node,lakeBasin,128,17,water-wasm,73,64298,65676.59059999883
node,lakeBasin,128,17,combined,73,43387,44311.77839999739
node,lakeBasin,128,18,baseline,73,91141,93127.13760000095
node,lakeBasin,128,18,water-sparse,73,70565,72044.49439999927
node,lakeBasin,128,18,soil-cache,73,83583,85274.21830000076
node,lakeBasin,128,18,soil-saturation,73,85401,87713.31540000346
node,lakeBasin,128,18,water-wasm,73,71721,73453.28440000582
node,lakeBasin,128,18,combined,73,49016,50222.31849999912
node,lakeBasin,128,19,baseline,73,78751,80869.2267999975
node,lakeBasin,128,19,water-sparse,73,62108,63545.86379999574
node,lakeBasin,128,19,soil-cache,73,74972,76870.60190000013
node,lakeBasin,128,19,soil-saturation,73,76190,78267.86259999778
node,lakeBasin,128,19,water-wasm,73,61843,63145.40449999925
node,lakeBasin,128,19,combined,73,41500,42486.69889999926
node,lakeBasin,128,2,baseline,73,96112,98223.47340000048
node,lakeBasin,128,2,water-sparse,73,78764,80097.6222999976
node,lakeBasin,128,2,soil-cache,73,92955,95123.13160000229
node,lakeBasin,128,2,soil-saturation,73,93577,95636.26820000075
node,lakeBasin,128,2,water-wasm,73,79529,81158.24160000077
node,lakeBasin,128,2,combined,73,52218,53139.49949999759
node,lakeBasin,128,20,baseline,73,83890,85936.33230000269
node,lakeBasin,128,20,water-sparse,73,66676,68164.09020000417
node,lakeBasin,128,20,soil-cache,73,80781,82508.4502000045
node,lakeBasin,128,20,soil-saturation,73,81876,83198.80669999868
node,lakeBasin,128,20,water-wasm,73,66652,67905.32170000486
node,lakeBasin,128,20,combined,73,44958,45702.20770000573
node,lakeBasin,128,21,baseline,73,93282,95517.54419999974
node,lakeBasin,128,21,water-sparse,73,72842,78786.91250000015
node,lakeBasin,128,21,soil-cache,73,86375,88714.84060000005
node,lakeBasin,128,21,soil-saturation,73,93137,102387.56619999971
node,lakeBasin,128,21,water-wasm,73,73250,75612.04089999985
node,lakeBasin,128,21,combined,73,49093,50089.22679999989
node,lakeBasin,128,22,baseline,73,94813,97455.05839999986
node,lakeBasin,128,22,water-sparse,73,70595,71865.38269999971
node,lakeBasin,128,22,soil-cache,73,90250,95239.5950999997
node,lakeBasin,128,22,soil-saturation,73,87966,90293.62920000032
node,lakeBasin,128,22,water-wasm,73,77563,83170.53540000004
node,lakeBasin,128,22,combined,73,49939,50904.1788999999
node,lakeBasin,128,23,baseline,73,95771,98931.1953000002
node,lakeBasin,128,23,water-sparse,73,72125,73875.57469999991
node,lakeBasin,128,23,soil-cache,73,87239,88845.51060000021
node,lakeBasin,128,23,soil-saturation,73,89717,93580.95209999975
node,lakeBasin,128,23,water-wasm,73,71721,72960.3355000002
node,lakeBasin,128,23,combined,73,50689,53841.31620000019
node,lakeBasin,128,24,baseline,73,87625,89325.64049999989
node,lakeBasin,128,24,water-sparse,73,67386,72882.54479999974
node,lakeBasin,128,24,soil-cache,73,81565,83791.94769999995
node,lakeBasin,128,24,soil-saturation,73,81624,83407.68580000005
node,lakeBasin,128,24,water-wasm,73,65922,67114.64729999972
node,lakeBasin,128,24,combined,73,46610,47383.565400000225
node,lakeBasin,128,25,baseline,73,88315,92496.33959999937
node,lakeBasin,128,25,water-sparse,73,67232,72020.7452
node,lakeBasin,128,25,soil-cache,73,82315,84528.95009999978
node,lakeBasin,128,25,soil-saturation,73,82107,86099.80270000029
node,lakeBasin,128,25,water-wasm,73,68346,79144.36430000036
node,lakeBasin,128,25,combined,73,46155,54278.12000000023
node,lakeBasin,128,26,baseline,73,84374,87351.99819999957
node,lakeBasin,128,26,water-sparse,73,66278,72647.77819999901
node,lakeBasin,128,26,soil-cache,73,78186,80101.89339999977
node,lakeBasin,128,26,soil-saturation,73,81755,93629.67320000008
node,lakeBasin,128,26,water-wasm,73,68059,75895.4418999994
node,lakeBasin,128,26,combined,73,46310,48225.93819999928
node,lakeBasin,128,27,baseline,73,86516,89433.61629999964
node,lakeBasin,128,27,water-sparse,73,68095,72696.99400000065
node,lakeBasin,128,27,soil-cache,73,83124,88965.2874999994
node,lakeBasin,128,27,soil-saturation,73,81859,84561.35400000017
node,lakeBasin,128,27,water-wasm,73,69324,85582.4315999999
node,lakeBasin,128,27,combined,73,46345,48300.6095999995
node,lakeBasin,128,28,baseline,73,86281,94945.73049999995
node,lakeBasin,128,28,water-sparse,73,66017,68050.228
node,lakeBasin,128,28,soil-cache,73,80593,92475.60590000008
node,lakeBasin,128,28,soil-saturation,73,82767,88108.56430000009
node,lakeBasin,128,28,water-wasm,73,66265,68876.17619999929
node,lakeBasin,128,28,combined,73,46173,58197.468200000236
node,lakeBasin,128,29,baseline,73,104079,109887.9405999995
node,lakeBasin,128,29,water-sparse,73,77329,80411.10740000114
node,lakeBasin,128,29,soil-cache,73,97174,103344.58490000176
node,lakeBasin,128,29,soil-saturation,73,98308,103109.04789999896
node,lakeBasin,128,29,water-wasm,73,80144,85406.38760000002
node,lakeBasin,128,29,combined,73,53218,56165.74490000063
node,lakeBasin,128,3,baseline,73,102746,104970.21940000262
node,lakeBasin,128,3,water-sparse,73,79094,81006.26319999853
node,lakeBasin,128,3,soil-cache,73,96824,98625.84719999786
node,lakeBasin,128,3,soil-saturation,73,96814,98748.89770000149
node,lakeBasin,128,3,water-wasm,73,79407,80626.69590000063
node,lakeBasin,128,3,combined,73,54122,55165.39249999914
node,lakeBasin,128,30,baseline,73,92703,98089.19810000074
node,lakeBasin,128,30,water-sparse,73,70092,74042.91079999949
node,lakeBasin,128,30,soil-cache,73,85997,90180.30779999983
node,lakeBasin,128,30,soil-saturation,73,87824,93374.76920000068
node,lakeBasin,128,30,water-wasm,73,72179,77161.28430000157
node,lakeBasin,128,30,combined,73,50048,52708.73439999879
node,lakeBasin,128,4,baseline,73,92048,94605.637800002
node,lakeBasin,128,4,water-sparse,73,74253,76004.11350000463
node,lakeBasin,128,4,soil-cache,73,83129,85472.07289999956
node,lakeBasin,128,4,soil-saturation,73,88373,90253.49460000219
node,lakeBasin,128,4,water-wasm,73,70033,71751.85640000133
node,lakeBasin,128,4,combined,73,47919,49498.90379999904
node,lakeBasin,128,5,baseline,73,98495,102061.91449999809
node,lakeBasin,128,5,water-sparse,73,75965,79032.4990999992
node,lakeBasin,128,5,soil-cache,73,92514,104547.36710000085
node,lakeBasin,128,5,soil-saturation,73,95457,100964.58850000007
node,lakeBasin,128,5,water-wasm,73,76423,79854.28199999966
node,lakeBasin,128,5,combined,73,51082,52804.6857999987
node,lakeBasin,128,6,baseline,73,97216,115210.93520000018
node,lakeBasin,128,6,water-sparse,73,75377,79541.63820000179
node,lakeBasin,128,6,soil-cache,73,91657,98661.84049999714
node,lakeBasin,128,6,soil-saturation,73,94112,105561.2295999988
node,lakeBasin,128,6,water-wasm,73,76092,80438.9104000004
node,lakeBasin,128,6,combined,73,49724,52612.266900002025
node,lakeBasin,128,7,baseline,73,101439,111530.63559999922
node,lakeBasin,128,7,water-sparse,73,73233,76404.97489999933
node,lakeBasin,128,7,soil-cache,73,94240,97675.53180000093
node,lakeBasin,128,7,soil-saturation,73,95718,103742.57800000068
node,lakeBasin,128,7,water-wasm,73,78732,83367.82690000208
node,lakeBasin,128,7,combined,73,52099,54062.07990000071
node,lakeBasin,128,8,baseline,73,94576,98399.63329999987
node,lakeBasin,128,8,water-sparse,73,72438,81975.39449999668
node,lakeBasin,128,8,soil-cache,73,88173,92960.36240000045
node,lakeBasin,128,8,soil-saturation,73,89674,96824.96489999769
node,lakeBasin,128,8,water-wasm,73,73719,76879.80040000193
node,lakeBasin,128,8,combined,73,48861,51207.19529999653
node,lakeBasin,128,9,baseline,73,94079,96420.39509999938
node,lakeBasin,128,9,water-sparse,73,72404,74463.51939999964
node,lakeBasin,128,9,soil-cache,73,87328,89942.39119999995
node,lakeBasin,128,9,soil-saturation,73,88585,90949.90810000058
node,lakeBasin,128,9,water-wasm,73,71877,73818.88829999603
node,lakeBasin,128,9,combined,73,49075,50456.04159999685
node,lakeBasin,256,1,baseline,73,215908,222122.312600011
node,lakeBasin,256,1,water-sparse,73,173468,178675.612900001
node,lakeBasin,256,1,soil-cache,73,203230,208593.22709999885
node,lakeBasin,256,1,soil-saturation,73,207987,213499.36160000227
node,lakeBasin,256,1,water-wasm,73,167953,172643.82649999112
node,lakeBasin,256,1,combined,73,119831,122956.07489999756
node,lakeBasin,256,2,baseline,73,202666,211124.4591000043
node,lakeBasin,256,2,water-sparse,73,160280,165607.05660000443
node,lakeBasin,256,2,soil-cache,73,188250,195212.3836999964
node,lakeBasin,256,2,soil-saturation,73,197157,204341.82009999081
node,lakeBasin,256,2,water-wasm,73,163998,171111.65930000506
node,lakeBasin,256,2,combined,73,115393,120712.58749999665
node,lakeBasin,256,3,baseline,73,246470,254211.05789999105
node,lakeBasin,256,3,water-sparse,73,242945,249030.62460000068
node,lakeBasin,256,3,soil-cache,73,230740,236440.06909998693
node,lakeBasin,256,3,soil-saturation,73,238081,245374.9239000026
node,lakeBasin,256,3,water-wasm,73,194020,206402.16210001148
node,lakeBasin,256,3,combined,73,171548,177485.55990000442
node,lakeBasin,96,1,baseline,73,52685,58088.83540000005
node,lakeBasin,96,1,water-sparse,73,41029,44673.803300000145
node,lakeBasin,96,1,soil-cache,73,48812,53072.944700000095
node,lakeBasin,96,1,soil-saturation,73,49609,52215.7276000001
node,lakeBasin,96,1,water-wasm,73,39737,40715.01049999994
node,lakeBasin,96,1,combined,73,27310,27841.68690000005
node,riverValley,128,1,baseline,73,16907,17557.302600000083
node,riverValley,128,1,water-sparse,73,15482,18587.94339999999
node,riverValley,128,1,soil-cache,73,16811,18773.71659999984
node,riverValley,128,1,soil-saturation,73,17296,18608.040600000008
node,riverValley,128,1,water-wasm,73,13297,13586.508599999972
node,riverValley,128,1,combined,73,11864,12374.906100000197
node,riverValley,128,10,baseline,73,16969,17518.737300000037
node,riverValley,128,10,water-sparse,73,14485,14843.78929999983
node,riverValley,128,10,soil-cache,73,15955,16421.099799999967
node,riverValley,128,10,soil-saturation,73,17172,17409.257799999265
node,riverValley,128,10,water-wasm,73,13628,13902.133399999759
node,riverValley,128,10,combined,73,12231,12635.62830000004
node,riverValley,128,11,baseline,73,20986,23845.720100001025
node,riverValley,128,11,water-sparse,73,19159,20632.395099999732
node,riverValley,128,11,soil-cache,73,19030,19647.212700000033
node,riverValley,128,11,soil-saturation,73,20877,23547.712100001052
node,riverValley,128,11,water-wasm,73,17610,19886.361899999436
node,riverValley,128,11,combined,73,16750,19172.16680000053
node,riverValley,128,12,baseline,73,19812,22178.561599999666
node,riverValley,128,12,water-sparse,73,18673,20838.01450000098
node,riverValley,128,12,soil-cache,73,19357,20547.234299999545
node,riverValley,128,12,soil-saturation,73,20866,23435.388600000297
node,riverValley,128,12,water-wasm,73,17403,19147.260099999723
node,riverValley,128,12,combined,73,15613,17314.27990000008
node,riverValley,128,13,baseline,73,18516,22582.763899999787
node,riverValley,128,13,water-sparse,73,16484,17888.849100000225
node,riverValley,128,13,soil-cache,73,18123,20472.167399999802
node,riverValley,128,13,soil-saturation,73,19265,22615.71309999982
node,riverValley,128,13,water-wasm,73,15279,17184.50519999978
node,riverValley,128,13,combined,73,13593,15068.27409999969
node,riverValley,128,14,baseline,73,18671,20136.72820000013
node,riverValley,128,14,water-sparse,73,16201,17161.895799999824
node,riverValley,128,14,soil-cache,73,17174,21765.934199999785
node,riverValley,128,14,soil-saturation,73,18863,21973.96339999861
node,riverValley,128,14,water-wasm,73,15061,16803.70189999987
node,riverValley,128,14,combined,73,13042,14101.561300000409
node,riverValley,128,15,baseline,73,19113,19931.104900000384
node,riverValley,128,15,water-sparse,73,17424,18196.812900000485
node,riverValley,128,15,soil-cache,73,17752,18392.706299999845
node,riverValley,128,15,soil-saturation,73,19135,19958.37710000039
node,riverValley,128,15,water-wasm,73,15766,16284.227800000343
node,riverValley,128,15,combined,73,13716,14165.843600000022
node,riverValley,128,16,baseline,73,17809,18428.104299999774
node,riverValley,128,16,water-sparse,73,15561,16211.55510000058
node,riverValley,128,16,soil-cache,73,16673,17190.50129999942
node,riverValley,128,16,soil-saturation,73,17735,18589.566600000602
node,riverValley,128,16,water-wasm,73,14613,15536.393699999899
node,riverValley,128,16,combined,73,12594,13163.256999999168
node,riverValley,128,17,baseline,73,18236,18970.623799999477
node,riverValley,128,17,water-sparse,73,15753,16698.84480000008
node,riverValley,128,17,soil-cache,73,17655,18883.60379999969
node,riverValley,128,17,soil-saturation,73,17746,18738.54659999872
node,riverValley,128,17,water-wasm,73,14487,15539.995200000238
node,riverValley,128,17,combined,73,12548,13384.746699999669
node,riverValley,128,18,baseline,73,17387,18314.245500000077
node,riverValley,128,18,water-sparse,73,15968,16597.722099999897
node,riverValley,128,18,soil-cache,73,16344,16975.995600000024
node,riverValley,128,18,soil-saturation,73,17940,18503.309400000027
node,riverValley,128,18,water-wasm,73,14374,15080.092599999392
node,riverValley,128,18,combined,73,12704,13452.266300000134
node,riverValley,128,19,baseline,73,17921,19196.083600000595
node,riverValley,128,19,water-sparse,73,18765,19683.19999999937
node,riverValley,128,19,soil-cache,73,17003,17718.761000000988
node,riverValley,128,19,soil-saturation,73,18332,19417.747199999634
node,riverValley,128,19,water-wasm,73,15432,16132.963300000061
node,riverValley,128,19,combined,73,15159,15926.813800000236
node,riverValley,128,2,baseline,73,17625,17992.367200000066
node,riverValley,128,2,water-sparse,73,15986,16252.281399999803
node,riverValley,128,2,soil-cache,73,15923,16540.96279999992
node,riverValley,128,2,soil-saturation,73,18049,18802.873799999797
node,riverValley,128,2,water-wasm,73,14503,15136.328299999994
node,riverValley,128,2,combined,73,12642,13144.977100000164
node,riverValley,128,20,baseline,73,20545,21694.780800000182
node,riverValley,128,20,water-sparse,73,20220,21083.38880000019
node,riverValley,128,20,soil-cache,73,19764,21074.100500000524
node,riverValley,128,20,soil-saturation,73,21342,22453.32619999966
node,riverValley,128,20,water-wasm,73,17427,18291.572600001004
node,riverValley,128,20,combined,73,16095,17079.382699999725
node,riverValley,128,21,baseline,73,18809,21782.60390000022
node,riverValley,128,21,water-sparse,73,16359,19191.259700000403
node,riverValley,128,21,soil-cache,73,17755,19041.183599998825
node,riverValley,128,21,soil-saturation,73,18872,20131.697899999912
node,riverValley,128,21,water-wasm,73,15650,19350.992700000177
node,riverValley,128,21,combined,73,13359,17138.30070000002
node,riverValley,128,22,baseline,73,17304,20885.839699999313
node,riverValley,128,22,water-sparse,73,15622,17951.907499999274
node,riverValley,128,22,soil-cache,73,16656,18508.997000000323
node,riverValley,128,22,soil-saturation,73,17514,18187.388400000287
node,riverValley,128,22,water-wasm,73,13907,15188.094100000337
node,riverValley,128,22,combined,73,12817,14460.514300000272
node,riverValley,128,23,baseline,73,21200,26180.23119999934
node,riverValley,128,23,water-sparse,73,21201,24751.827000001213
node,riverValley,128,23,soil-cache,73,20325,22516.273099999293
node,riverValley,128,23,soil-saturation,73,21688,23418.628299999866
node,riverValley,128,23,water-wasm,73,17559,18873.05859999929
node,riverValley,128,23,combined,73,16483,18341.271300000255
node,riverValley,128,24,baseline,73,19377,22442.630399999674
node,riverValley,128,24,water-sparse,73,17626,19206.719299999415
node,riverValley,128,24,soil-cache,73,17783,19225.125900000567
node,riverValley,128,24,soil-saturation,73,19451,21567.14449999947
node,riverValley,128,24,water-wasm,73,15875,16928.72459999891
node,riverValley,128,24,combined,73,13799,14447.531500000507
node,riverValley,128,25,baseline,73,18803,20289.366299999412
node,riverValley,128,25,water-sparse,73,17155,18434.92030000058
node,riverValley,128,25,soil-cache,73,18107,19221.73960000032
node,riverValley,128,25,soil-saturation,73,19282,20404.40269999986
node,riverValley,128,25,water-wasm,73,15204,16295.964699999779
node,riverValley,128,25,combined,73,13783,15232.678800000343
node,riverValley,128,26,baseline,73,18735,20511.87120000075
node,riverValley,128,26,water-sparse,73,16486,17895.753400000394
node,riverValley,128,26,soil-cache,73,17705,19402.68649999937
node,riverValley,128,26,soil-saturation,73,19253,20792.0148999996
node,riverValley,128,26,water-wasm,73,15357,16448.252299999585
node,riverValley,128,26,combined,73,13075,14768.941300000879
node,riverValley,128,27,baseline,73,16982,17980.804199999897
node,riverValley,128,27,water-sparse,73,15722,16941.877299999585
node,riverValley,128,27,soil-cache,73,16499,17176.686899999622
node,riverValley,128,27,soil-saturation,73,17220,18573.668000000296
node,riverValley,128,27,water-wasm,73,14064,15079.779600000009
node,riverValley,128,27,combined,73,12327,13290.718400000129
node,riverValley,128,28,baseline,73,19472,20890.332000000402
node,riverValley,128,28,water-sparse,73,17216,17985.32190000126
node,riverValley,128,28,soil-cache,73,18380,19592.766400001477
node,riverValley,128,28,soil-saturation,73,19843,20734.35560000036
node,riverValley,128,28,water-wasm,73,16050,17982.412800000748
node,riverValley,128,28,combined,73,14128,15397.926599999657
node,riverValley,128,29,baseline,73,19402,20596.35000000056
node,riverValley,128,29,water-sparse,73,17781,19494.544900000794
node,riverValley,128,29,soil-cache,73,18621,19890.784100000514
node,riverValley,128,29,soil-saturation,73,19453,20791.869200000307
node,riverValley,128,29,water-wasm,73,15808,16912.524000000674
node,riverValley,128,29,combined,73,13878,14747.77059999993
node,riverValley,128,3,baseline,73,17688,18097.25999999995
node,riverValley,128,3,water-sparse,73,15644,16147.637999999977
node,riverValley,128,3,soil-cache,73,16812,17535.102100000135
node,riverValley,128,3,soil-saturation,73,18136,18804.290099999693
node,riverValley,128,3,water-wasm,73,14842,15268.523300000088
node,riverValley,128,3,combined,73,13125,13422.99730000025
node,riverValley,128,30,baseline,73,20580,22097.277299999725
node,riverValley,128,30,water-sparse,73,20440,22076.217199998908
node,riverValley,128,30,soil-cache,73,19484,21149.16489999974
node,riverValley,128,30,soil-saturation,73,21142,23070.214999999152
node,riverValley,128,30,water-wasm,73,17761,19681.249000001
node,riverValley,128,30,combined,73,16919,18639.09549999889
node,riverValley,128,4,baseline,73,18469,18948.23900000006
node,riverValley,128,4,water-sparse,73,17374,18082.112500000105
node,riverValley,128,4,soil-cache,73,17531,17926.692700000305
node,riverValley,128,4,soil-saturation,73,18856,19203.629799999704
node,riverValley,128,4,water-wasm,73,15131,15373.732899999886
node,riverValley,128,4,combined,73,13856,14155.376900000032
node,riverValley,128,5,baseline,73,20840,21502.27159999998
node,riverValley,128,5,water-sparse,73,19090,19600.836400000146
node,riverValley,128,5,soil-cache,73,19330,19751.01449999999
node,riverValley,128,5,soil-saturation,73,20670,21305.942099999927
node,riverValley,128,5,water-wasm,73,17485,18228.97990000021
node,riverValley,128,5,combined,73,15654,16140.631999999809
node,riverValley,128,6,baseline,73,17422,17876.883199999807
node,riverValley,128,6,water-sparse,73,15734,16285.598400000017
node,riverValley,128,6,soil-cache,73,16768,16972.126599999727
node,riverValley,128,6,soil-saturation,73,18126,18537.84809999977
node,riverValley,128,6,water-wasm,73,14482,14642.672399999865
node,riverValley,128,6,combined,73,12748,12978.454900000186
node,riverValley,128,7,baseline,73,18954,19230.452100000053
node,riverValley,128,7,water-sparse,73,17267,17661.498499999754
node,riverValley,128,7,soil-cache,73,17280,17752.876300000178
node,riverValley,128,7,soil-saturation,73,19171,19512.8836
node,riverValley,128,7,water-wasm,73,15281,15545.52949999983
node,riverValley,128,7,combined,73,14002,14207.810599999793
node,riverValley,128,8,baseline,73,17010,17622.559000000183
node,riverValley,128,8,water-sparse,73,15468,15972.55969999975
node,riverValley,128,8,soil-cache,73,15799,16234.271200000192
node,riverValley,128,8,soil-saturation,73,17221,17831.980299999996
node,riverValley,128,8,water-wasm,73,14251,14921.67009999993
node,riverValley,128,8,combined,73,12801,13240.274899999902
node,riverValley,128,9,baseline,73,18251,18961.44180000032
node,riverValley,128,9,water-sparse,73,16250,16743.356900000188
node,riverValley,128,9,soil-cache,73,17373,18260.804199999548
node,riverValley,128,9,soil-saturation,73,19011,19735.28669999953
node,riverValley,128,9,water-wasm,73,15364,16061.649700000009
node,riverValley,128,9,combined,73,13249,13927.81280000013
node,riverValley,256,1,baseline,73,75970,79194.03359999973
node,riverValley,256,1,water-sparse,73,66839,69023.79829999898
node,riverValley,256,1,soil-cache,73,71848,74638.24629999883
node,riverValley,256,1,soil-saturation,73,77158,80227.50530000124
node,riverValley,256,1,water-wasm,73,62969,65386.17010000069
node,riverValley,256,1,combined,73,55868,58051.4887000015
node,riverValley,256,2,baseline,73,66578,71236.13430000469
node,riverValley,256,2,water-sparse,73,66942,71346.89969999995
node,riverValley,256,2,soil-cache,73,63482,67282.75210000109
node,riverValley,256,2,soil-saturation,73,69319,73468.86740000267
node,riverValley,256,2,water-wasm,73,57780,61903.95490000211
node,riverValley,256,2,combined,73,57892,61662.9797999952
node,riverValley,256,3,baseline,73,76551,79251.50200000126
node,riverValley,256,3,water-sparse,73,78241,81477.34999999776
node,riverValley,256,3,soil-cache,73,73048,75421.00709999818
node,riverValley,256,3,soil-saturation,73,79962,83118.03200000059
node,riverValley,256,3,water-wasm,73,66590,68985.6825000029
node,riverValley,256,3,combined,73,64583,66950.02929999959
node,riverValley,96,1,baseline,73,11155,11321.147699999976
node,riverValley,96,1,water-sparse,73,10032,10235.977499999995
node,riverValley,96,1,soil-cache,73,10172,10315.234400000014
node,riverValley,96,1,soil-saturation,73,10968,11142.73859999998
node,riverValley,96,1,water-wasm,73,8764,8854.336299999999
node,riverValley,96,1,combined,73,7732,7921.4923999999555
chromium,canyon,128,1,baseline,73,,12783.400000035763
chromium,canyon,128,1,water-sparse,73,,12550.999999940395
chromium,canyon,128,1,soil-cache,73,,13545.299999535084
chromium,canyon,128,1,soil-saturation,73,,14579.400000572205
chromium,canyon,128,1,water-wasm,73,,11063.500000059605
chromium,canyon,128,1,combined,73,,10547.799999773502
chromium,canyon,128,10,baseline,73,,25966.900000035763
chromium,canyon,128,10,water-sparse,73,,13216.80000013113
chromium,canyon,128,10,soil-cache,73,,11650.100000143051
chromium,canyon,128,10,soil-saturation,73,,16537.800000071526
chromium,canyon,128,10,water-wasm,73,,18579.499999642372
chromium,canyon,128,10,combined,73,,14709.699999630451
chromium,canyon,128,11,baseline,73,,14240.30000025034
chromium,canyon,128,11,water-sparse,73,,13230.500000059605
chromium,canyon,128,11,soil-cache,73,,12843.99999988079
chromium,canyon,128,11,soil-saturation,73,,13911.50000011921
chromium,canyon,128,11,water-wasm,73,,37312.89999973774
chromium,canyon,128,11,combined,73,,10616.600000083447
chromium,canyon,128,12,baseline,73,,12465.200000107288
chromium,canyon,128,12,water-sparse,73,,11757.69999986887
chromium,canyon,128,12,soil-cache,73,,12258.499999821186
chromium,canyon,128,12,soil-saturation,73,,24529.900000095367
chromium,canyon,128,12,water-wasm,73,,24029.799999654293
chromium,canyon,128,12,combined,73,,11801.899999976158
chromium,canyon,128,13,baseline,73,,13031.700000286102
chromium,canyon,128,13,water-sparse,73,,12096.89999973774
chromium,canyon,128,13,soil-cache,73,,12747.499999821186
chromium,canyon,128,13,soil-saturation,73,,13676.499999821186
chromium,canyon,128,13,water-wasm,73,,11744.399999797344
chromium,canyon,128,13,combined,73,,10891.099999725819
chromium,canyon,128,14,baseline,73,,11891.700000286102
chromium,canyon,128,14,water-sparse,73,,12420.599999785423
chromium,canyon,128,14,soil-cache,73,,11138.400000095367
chromium,canyon,128,14,soil-saturation,73,,13859.200000345707
chromium,canyon,128,14,water-wasm,73,,11980.400000035763
chromium,canyon,128,14,combined,73,,11309.299999892712
chromium,canyon,128,15,baseline,73,,12655.100000083447
chromium,canyon,128,15,water-sparse,73,,12796.299999654293
chromium,canyon,128,15,soil-cache,73,,12477.900000333786
chromium,canyon,128,15,soil-saturation,73,,14341.299999833107
chromium,canyon,128,15,water-wasm,73,,10144.700000047684
chromium,canyon,128,15,combined,73,,11349.599999904633
chromium,canyon,128,16,baseline,73,,13313.900000333786
chromium,canyon,128,16,water-sparse,73,,11991.300000190735
chromium,canyon,128,16,soil-cache,73,,12281.69999974966
chromium,canyon,128,16,soil-saturation,73,,14159.399999916553
chromium,canyon,128,16,water-wasm,73,,10850.800000071526
chromium,canyon,128,16,combined,73,,10648.5
chromium,canyon,128,17,baseline,73,,11078.89999961853
chromium,canyon,128,17,water-sparse,73,,10823.199999809265
chromium,canyon,128,17,soil-cache,73,,11688.799999654293
chromium,canyon,128,17,soil-saturation,73,,12423.300000071526
chromium,canyon,128,17,water-wasm,73,,9346.600000083447
chromium,canyon,128,17,combined,73,,9327.299999892712
chromium,canyon,128,18,baseline,73,,12776.30000013113
chromium,canyon,128,18,water-sparse,73,,12007.19999974966
chromium,canyon,128,18,soil-cache,73,,11662.500000238419
chromium,canyon,128,18,soil-saturation,73,,13282.399999916553
chromium,canyon,128,18,water-wasm,73,,10760.299999833107
chromium,canyon,128,18,combined,73,,10176.100000202656
chromium,canyon,128,19,baseline,73,,12901.399999797344
chromium,canyon,128,19,water-sparse,73,,11395.299999773502
chromium,canyon,128,19,soil-cache,73,,12021.399999976158
chromium,canyon,128,19,soil-saturation,73,,13027.099999964237
chromium,canyon,128,19,water-wasm,73,,9960.199999928474
chromium,canyon,128,19,combined,73,,9646.399999976158
chromium,canyon,128,2,baseline,73,,14182.200000405312
chromium,canyon,128,2,water-sparse,73,,10857.399999439716
chromium,canyon,128,2,soil-cache,73,,11221.800000071526
chromium,canyon,128,2,soil-saturation,73,,12635.700000166893
chromium,canyon,128,2,water-wasm,73,,11368.50000011921
chromium,canyon,128,2,combined,73,,10934.30000013113
chromium,canyon,128,20,baseline,73,,11558.700000047684
chromium,canyon,128,20,water-sparse,73,,11477.300000071526
chromium,canyon,128,20,soil-cache,73,,11533.299999833107
chromium,canyon,128,20,soil-saturation,73,,12592.000000298023
chromium,canyon,128,20,water-wasm,73,,9484.899999976158
chromium,canyon,128,20,combined,73,,9716.499999284744
chromium,canyon,128,21,baseline,73,,12150.099999964237
chromium,canyon,128,21,water-sparse,73,,10988.900000035763
chromium,canyon,128,21,soil-cache,73,,10956.900000154972
chromium,canyon,128,21,soil-saturation,73,,13176.599999904633
chromium,canyon,128,21,water-wasm,73,,10206
chromium,canyon,128,21,combined,73,,9839.900000274181
chromium,canyon,128,22,baseline,73,,11833.099999725819
chromium,canyon,128,22,water-sparse,73,,10904.099999845028
chromium,canyon,128,22,soil-cache,73,,10748.499999761581
chromium,canyon,128,22,soil-saturation,73,,12727.899999916553
chromium,canyon,128,22,water-wasm,73,,9667.899999856949
chromium,canyon,128,22,combined,73,,9904.999999523163
chromium,canyon,128,23,baseline,73,,10626.899999797344
chromium,canyon,128,23,water-sparse,73,,9978.999999701977
chromium,canyon,128,23,soil-cache,73,,10434.400000035763
chromium,canyon,128,23,soil-saturation,73,,11893.099999964237
chromium,canyon,128,23,water-wasm,73,,9079.09999960661
chromium,canyon,128,23,combined,73,,8805.100000202656
chromium,canyon,128,24,baseline,73,,11577.500000357628
chromium,canyon,128,24,water-sparse,73,,10860.600000023842
chromium,canyon,128,24,soil-cache,73,,11462.400000095367
chromium,canyon,128,24,soil-saturation,73,,12890.200000047684
chromium,canyon,128,24,water-wasm,73,,9512.700000464916
chromium,canyon,128,24,combined,73,,9451.900000035763
chromium,canyon,128,25,baseline,73,,11346.199999928474
chromium,canyon,128,25,water-sparse,73,,10297.099999964237
chromium,canyon,128,25,soil-cache,73,,11539.199999809265
chromium,canyon,128,25,soil-saturation,73,,14510.699999809265
chromium,canyon,128,25,water-wasm,73,,19808.700000226498
chromium,canyon,128,25,combined,73,,21808.90000039339
chromium,canyon,128,26,baseline,73,,12998.999999523163
chromium,canyon,128,26,water-sparse,73,,12906.099999904633
chromium,canyon,128,26,soil-cache,73,,14138.299999892712
chromium,canyon,128,26,soil-saturation,73,,44716.29999959469
chromium,canyon,128,26,water-wasm,73,,13237.599999904633
chromium,canyon,128,26,combined,73,,11792.70000052452
chromium,canyon,128,27,baseline,73,,11815.400000154972
chromium,canyon,128,27,water-sparse,73,,13884.200000286102
chromium,canyon,128,27,soil-cache,73,,18991.69999986887
chromium,canyon,128,27,soil-saturation,73,,21763.400000452995
chromium,canyon,128,27,water-wasm,73,,15242.100000023842
chromium,canyon,128,27,combined,73,,13531.40000039339
chromium,canyon,128,28,baseline,73,,12963.50000011921
chromium,canyon,128,28,water-sparse,73,,12089.700000047684
chromium,canyon,128,28,soil-cache,73,,43470.30000025034
chromium,canyon,128,28,soil-saturation,73,,16095.699999928474
chromium,canyon,128,28,water-wasm,73,,11759.10000026226
chromium,canyon,128,28,combined,73,,10372.199999809265
chromium,canyon,128,29,baseline,73,,14002.499999821186
chromium,canyon,128,29,water-sparse,73,,11596.800000309944
chromium,canyon,128,29,soil-cache,73,,13018.899999499321
chromium,canyon,128,29,soil-saturation,73,,17250.500000298023
chromium,canyon,128,29,water-wasm,73,,10697.499999940395
chromium,canyon,128,29,combined,73,,12731.300000369549
chromium,canyon,128,3,baseline,73,,13026.000000178814
chromium,canyon,128,3,water-sparse,73,,14666.400000154972
chromium,canyon,128,3,soil-cache,73,,13926.999999701977
chromium,canyon,128,3,soil-saturation,73,,14277.10000038147
chromium,canyon,128,3,water-wasm,73,,11358.099999904633
chromium,canyon,128,3,combined,73,,10606.80000025034
chromium,canyon,128,30,baseline,73,,15379.200000047684
chromium,canyon,128,30,water-sparse,73,,17232.100000321865
chromium,canyon,128,30,soil-cache,73,,16760.999999701977
chromium,canyon,128,30,soil-saturation,73,,18354.700000286102
chromium,canyon,128,30,water-wasm,73,,13855
chromium,canyon,128,30,combined,73,,11477.09999960661
chromium,canyon,128,4,baseline,73,,13027.999999761581
chromium,canyon,128,4,water-sparse,73,,12156.400000095367
chromium,canyon,128,4,soil-cache,73,,11546.700000107288
chromium,canyon,128,4,soil-saturation,73,,15037.099999904633
chromium,canyon,128,4,water-wasm,73,,11108.700000047684
chromium,canyon,128,4,combined,73,,10602.699999988079
chromium,canyon,128,5,baseline,73,,13714.500000178814
chromium,canyon,128,5,water-sparse,73,,12818.800000309944
chromium,canyon,128,5,soil-cache,73,,12948.999999642372
chromium,canyon,128,5,soil-saturation,73,,16415.600000023842
chromium,canyon,128,5,water-wasm,73,,10642.199999988079
chromium,canyon,128,5,combined,73,,10413.399999976158
chromium,canyon,128,6,baseline,73,,13612.300000071526
chromium,canyon,128,6,water-sparse,73,,13628.299999833107
chromium,canyon,128,6,soil-cache,73,,12948.399999797344
chromium,canyon,128,6,soil-saturation,73,,14950.799999713898
chromium,canyon,128,6,water-wasm,73,,12448.50000011921
chromium,canyon,128,6,combined,73,,10550.400000274181
chromium,canyon,128,7,baseline,73,,12771.50000011921
chromium,canyon,128,7,water-sparse,73,,13420.300000011921
chromium,canyon,128,7,soil-cache,73,,12674.30000013113
chromium,canyon,128,7,soil-saturation,73,,14543.59999960661
chromium,canyon,128,7,water-wasm,73,,10907.999999642372
chromium,canyon,128,7,combined,73,,11911.300000190735
chromium,canyon,128,8,baseline,73,,12344.399999976158
chromium,canyon,128,8,water-sparse,73,,12100.400000452995
chromium,canyon,128,8,soil-cache,73,,12311.100000023842
chromium,canyon,128,8,soil-saturation,73,,14863.299999892712
chromium,canyon,128,8,water-wasm,73,,10514.499999940395
chromium,canyon,128,8,combined,73,,10821.40000039339
chromium,canyon,128,9,baseline,73,,13364.10000026226
chromium,canyon,128,9,water-sparse,73,,11908.099999964237
chromium,canyon,128,9,soil-cache,73,,42749.50000023842
chromium,canyon,128,9,soil-saturation,73,,17308.600000083447
chromium,canyon,128,9,water-wasm,73,,11546.399999797344
chromium,canyon,128,9,combined,73,,12458.700000166893
chromium,canyon,256,1,baseline,73,,45655.89999991655
chromium,canyon,256,1,water-sparse,73,,40557.50000011921
chromium,canyon,256,1,soil-cache,73,,41579.89999961853
chromium,canyon,256,1,soil-saturation,73,,48605.099999666214
chromium,canyon,256,1,water-wasm,73,,36141.300000309944
chromium,canyon,256,1,combined,73,,38510.400000333786
chromium,canyon,256,2,baseline,73,,41276.19999998808
chromium,canyon,256,2,water-sparse,73,,38947.00000029802
chromium,canyon,256,2,soil-cache,73,,41521.09999972582
chromium,canyon,256,2,soil-saturation,73,,46658.199999928474
chromium,canyon,256,2,water-wasm,73,,34891.69999998808
chromium,canyon,256,2,combined,73,,34546.89999991655
chromium,canyon,256,3,baseline,73,,48421.29999959469
chromium,canyon,256,3,water-sparse,73,,40377.39999973774
chromium,canyon,256,3,soil-cache,73,,44775.10000002384
chromium,canyon,256,3,soil-saturation,73,,49976.000000178814
chromium,canyon,256,3,water-wasm,73,,41550.49999964237
chromium,canyon,256,3,combined,73,,40155.499999940395
chromium,canyon,96,1,baseline,73,,7859.5000004172325
chromium,canyon,96,1,water-sparse,73,,8535.500000298023
chromium,canyon,96,1,soil-cache,73,,7630.000000298023
chromium,canyon,96,1,soil-saturation,73,,8174.199999690056
chromium,canyon,96,1,water-wasm,73,,6388.6999997496605
chromium,canyon,96,1,combined,73,,6072.499999940395
chromium,delta,128,1,baseline,73,,50616.50000029802
chromium,delta,128,1,water-sparse,73,,42771.999999821186
chromium,delta,128,1,soil-cache,73,,30139.000000178814
chromium,delta,128,1,soil-saturation,73,,41123.700000047684
chromium,delta,128,1,water-wasm,73,,37752
chromium,delta,128,1,combined,73,,28023.499999940395
chromium,delta,128,10,baseline,73,,89496.50000023842
chromium,delta,128,10,water-sparse,73,,38822.89999997616
chromium,delta,128,10,soil-cache,73,,41140.899999558926
chromium,delta,128,10,soil-saturation,73,,37177.60000008345
chromium,delta,128,10,water-wasm,73,,28462.90000027418
chromium,delta,128,10,combined,73,,123633.19999986887
chromium,delta,128,11,baseline,73,,42860.90000021458
chromium,delta,128,11,water-sparse,73,,42529.29999989271
chromium,delta,128,11,soil-cache,73,,58987.2999997139
chromium,delta,128,11,soil-saturation,73,,48511.70000010729
chromium,delta,128,11,water-wasm,73,,37383.29999989271
chromium,delta,128,11,combined,73,,31585.800000309944
chromium,delta,128,12,baseline,73,,47444.69999986887
chromium,delta,128,12,water-sparse,73,,44210.09999996424
chromium,delta,128,12,soil-cache,73,,49554.10000026226
chromium,delta,128,12,soil-saturation,73,,46783.100000321865
chromium,delta,128,12,water-wasm,73,,45900.99999976158
chromium,delta,128,12,combined,73,,36151.50000041723
chromium,delta,128,13,baseline,73,,41754.700000703335
chromium,delta,128,13,water-sparse,73,,88347.40000003576
chromium,delta,128,13,soil-cache,73,,43431.90000021458
chromium,delta,128,13,soil-saturation,73,,47423.2000002265
chromium,delta,128,13,water-wasm,73,,36280.79999989271
chromium,delta,128,13,combined,73,,29060.200000166893
chromium,delta,128,14,baseline,73,,37462.199999809265
chromium,delta,128,14,water-sparse,73,,34343.80000001192
chromium,delta,128,14,soil-cache,73,,36725.69999998808
chromium,delta,128,14,soil-saturation,73,,36951.600000202656
chromium,delta,128,14,water-wasm,73,,29005.49999976158
chromium,delta,128,14,combined,73,,24238.300000190735
chromium,delta,128,15,baseline,73,,59306.4000005126
chromium,delta,128,15,water-sparse,73,,60750.200000047684
chromium,delta,128,15,soil-cache,73,,31809.400000035763
chromium,delta,128,15,soil-saturation,73,,34486.800000071526
chromium,delta,128,15,water-wasm,73,,27241.30000013113
chromium,delta,128,15,combined,73,,21407.000000178814
chromium,delta,128,16,baseline,73,,37345.39999997616
chromium,delta,128,16,water-sparse,73,,40655.80000001192
chromium,delta,128,16,soil-cache,73,,33270.999999940395
chromium,delta,128,16,soil-saturation,73,,38657.49999988079
chromium,delta,128,16,water-wasm,73,,30366.799999833107
chromium,delta,128,16,combined,73,,26805.099999845028
chromium,delta,128,17,baseline,73,,37888.799999952316
chromium,delta,128,17,water-sparse,73,,38658.30000001192
chromium,delta,128,17,soil-cache,73,,37739.40000015497
chromium,delta,128,17,soil-saturation,73,,41235.90000015497
chromium,delta,128,17,water-wasm,73,,31588.5
chromium,delta,128,17,combined,73,,22672.89999973774
chromium,delta,128,18,baseline,73,,51597.50000023842
chromium,delta,128,18,water-sparse,73,,42939.30000013113
chromium,delta,128,18,soil-cache,73,,46582.300000071526
chromium,delta,128,18,soil-saturation,73,,45544.100000202656
chromium,delta,128,18,water-wasm,73,,38448.59999996424
chromium,delta,128,18,combined,73,,33478.60000014305
chromium,delta,128,19,baseline,73,,35572.99999976158
chromium,delta,128,19,water-sparse,73,,33219.40000009537
chromium,delta,128,19,soil-cache,73,,35695.60000002384
chromium,delta,128,19,soil-saturation,73,,35219.299999952316
chromium,delta,128,19,water-wasm,73,,29087.700000226498
chromium,delta,128,19,combined,73,,23335.099999845028
chromium,delta,128,2,baseline,73,,67490.10000032187
chromium,delta,128,2,water-sparse,73,,41406.49999988079
chromium,delta,128,2,soil-cache,73,,22242.5
chromium,delta,128,2,soil-saturation,73,,30961.80000001192
chromium,delta,128,2,water-wasm,73,,21262.000000059605
chromium,delta,128,2,combined,73,,35675.10000008345
chromium,delta,128,20,baseline,73,,43704.000000178814
chromium,delta,128,20,water-sparse,73,,39568.800000309944
chromium,delta,128,20,soil-cache,73,,43257.00000029802
chromium,delta,128,20,soil-saturation,73,,47574.69999986887
chromium,delta,128,20,water-wasm,73,,35870.69999986887
chromium,delta,128,20,combined,73,,28918.90000027418
chromium,delta,128,21,baseline,73,,34546
chromium,delta,128,21,water-sparse,73,,30770.69999986887
chromium,delta,128,21,soil-cache,73,,33043.80000001192
chromium,delta,128,21,soil-saturation,73,,32299.200000047684
chromium,delta,128,21,water-wasm,73,,25728.199999809265
chromium,delta,128,21,combined,73,,21861.200000166893
chromium,delta,128,22,baseline,73,,30415.199999809265
chromium,delta,128,22,water-sparse,73,,31565.099999845028
chromium,delta,128,22,soil-cache,73,,26668.19999974966
chromium,delta,128,22,soil-saturation,73,,29499.499999821186
chromium,delta,128,22,water-wasm,73,,25007.900000154972
chromium,delta,128,22,combined,73,,20832.19999986887
chromium,delta,128,23,baseline,73,,38061.09999996424
chromium,delta,128,23,water-sparse,73,,31047.900000095367
chromium,delta,128,23,soil-cache,73,,33244.99999964237
chromium,delta,128,23,soil-saturation,73,,35737.999999821186
chromium,delta,128,23,water-wasm,73,,26000.100000083447
chromium,delta,128,23,combined,73,,23356.69999974966
chromium,delta,128,24,baseline,73,,39326.300000309944
chromium,delta,128,24,water-sparse,73,,31808.699999570847
chromium,delta,128,24,soil-cache,73,,35454.40000003576
chromium,delta,128,24,soil-saturation,73,,35215.49999964237
chromium,delta,128,24,water-wasm,73,,26997.20000010729
chromium,delta,128,24,combined,73,,26455.50000023842
chromium,delta,128,25,baseline,73,,35533.00000041723
chromium,delta,128,25,water-sparse,73,,34151.49999958277
chromium,delta,128,25,soil-cache,73,,33643.10000008345
chromium,delta,128,25,soil-saturation,73,,33726.39999997616
chromium,delta,128,25,water-wasm,73,,27027.699999690056
chromium,delta,128,25,combined,73,,24862.399999976158
chromium,delta,128,26,baseline,73,,32791.700000047684
chromium,delta,128,26,water-sparse,73,,29665.399999916553
chromium,delta,128,26,soil-cache,73,,30955.19999974966
chromium,delta,128,26,soil-saturation,73,,31960.89999985695
chromium,delta,128,26,water-wasm,73,,25241.799999773502
chromium,delta,128,26,combined,73,,22422.399999916553
chromium,delta,128,27,baseline,73,,30961.099999845028
chromium,delta,128,27,water-sparse,73,,27715.699999809265
chromium,delta,128,27,soil-cache,73,,25096.400000095367
chromium,delta,128,27,soil-saturation,73,,27286.000000417233
chromium,delta,128,27,water-wasm,73,,29430.69999998808
chromium,delta,128,27,combined,73,,19827.300000190735
chromium,delta,128,28,baseline,73,,33750.39999991655
chromium,delta,128,28,water-sparse,73,,29221.300000071526
chromium,delta,128,28,soil-cache,73,,28426.899999678135
chromium,delta,128,28,soil-saturation,73,,31704.400000154972
chromium,delta,128,28,water-wasm,73,,24311.89999985695
chromium,delta,128,28,combined,73,,26548.79999989271
chromium,delta,128,29,baseline,73,,26093.80000001192
chromium,delta,128,29,water-sparse,73,,21933.199999809265
chromium,delta,128,29,soil-cache,73,,24927.500000357628
chromium,delta,128,29,soil-saturation,73,,25217.10000014305
chromium,delta,128,29,water-wasm,73,,20750.699999928474
chromium,delta,128,29,combined,73,,18653.90000027418
chromium,delta,128,3,baseline,73,,23465.200000226498
chromium,delta,128,3,water-sparse,73,,51737.50000035763
chromium,delta,128,3,soil-cache,73,,26717.19999986887
chromium,delta,128,3,soil-saturation,73,,58483.10000014305
chromium,delta,128,3,water-wasm,73,,31747.799999654293
chromium,delta,128,3,combined,73,,22359.099999904633
chromium,delta,128,30,baseline,73,,24532.10000014305
chromium,delta,128,30,water-sparse,73,,28432.600000083447
chromium,delta,128,30,soil-cache,73,,28311.399999916553
chromium,delta,128,30,soil-saturation,73,,31128.799999952316
chromium,delta,128,30,water-wasm,73,,22766.899999976158
chromium,delta,128,30,combined,73,,19294.199999809265
chromium,delta,128,4,baseline,73,,32039.69999998808
chromium,delta,128,4,water-sparse,73,,27960.50000023842
chromium,delta,128,4,soil-cache,73,,35523.90000009537
chromium,delta,128,4,soil-saturation,73,,34999.7999997735
chromium,delta,128,4,water-wasm,73,,19925.200000166893
chromium,delta,128,4,combined,73,,20311.300000429153
chromium,delta,128,5,baseline,73,,21966.899999976158
chromium,delta,128,5,water-sparse,73,,22149.69999974966
chromium,delta,128,5,soil-cache,73,,20315.699999690056
chromium,delta,128,5,soil-saturation,73,,29968.29999989271
chromium,delta,128,5,water-wasm,73,,21287.80000001192
chromium,delta,128,5,combined,73,,15725.500000178814
chromium,delta,128,6,baseline,73,,25447.10000050068
chromium,delta,128,6,water-sparse,73,,25607.700000345707
chromium,delta,128,6,soil-cache,73,,28841.09999960661
chromium,delta,128,6,soil-saturation,73,,29333.599999904633
chromium,delta,128,6,water-wasm,73,,20814.600000083447
chromium,delta,128,6,combined,73,,14190.99999988079
chromium,delta,128,7,baseline,73,,27948.60000014305
chromium,delta,128,7,water-sparse,73,,25947.500000476837
chromium,delta,128,7,soil-cache,73,,28732.39999973774
chromium,delta,128,7,soil-saturation,73,,30002.49999988079
chromium,delta,128,7,water-wasm,73,,22505.099999785423
chromium,delta,128,7,combined,73,,19670.100000023842
chromium,delta,128,8,baseline,73,,29835.800000071526
chromium,delta,128,8,water-sparse,73,,28435.200000047684
chromium,delta,128,8,soil-cache,73,,23191.600000321865
chromium,delta,128,8,soil-saturation,73,,27784.699999809265
chromium,delta,128,8,water-wasm,73,,25948.000000178814
chromium,delta,128,8,combined,73,,23753.500000417233
chromium,delta,128,9,baseline,73,,34093.99999970198
chromium,delta,128,9,water-sparse,73,,30279.300000071526
chromium,delta,128,9,soil-cache,73,,33228.400000333786
chromium,delta,128,9,soil-saturation,73,,40584.400000452995
chromium,delta,128,9,water-wasm,73,,31876.400000035763
chromium,delta,128,9,combined,73,,22233.599999666214
chromium,delta,256,1,baseline,73,,106580.7999997139
chromium,delta,256,1,water-sparse,73,,98439.89999985695
chromium,delta,256,1,soil-cache,73,,95025.50000029802
chromium,delta,256,1,soil-saturation,73,,90245.60000002384
chromium,delta,256,1,water-wasm,73,,74812.69999998808
chromium,delta,256,1,combined,73,,91093.49999976158
chromium,delta,256,2,baseline,73,,87722.69999969006
chromium,delta,256,2,water-sparse,73,,75095.09999984503
chromium,delta,256,2,soil-cache,73,,83088.49999958277
chromium,delta,256,2,soil-saturation,73,,87060.60000002384
chromium,delta,256,2,water-wasm,73,,71322.69999957085
chromium,delta,256,2,combined,73,,57371.50000011921
chromium,delta,256,3,baseline,73,,70977.59999984503
chromium,delta,256,3,water-sparse,73,,72111.0000000596
chromium,delta,256,3,soil-cache,73,,66900.30000007153
chromium,delta,256,3,soil-saturation,73,,72925.2000002265
chromium,delta,256,3,water-wasm,73,,58724.800000071526
chromium,delta,256,3,combined,73,,56746.00000029802
chromium,delta,96,1,baseline,73,,15077.999999582767
chromium,delta,96,1,water-sparse,73,,13652.200000226498
chromium,delta,96,1,soil-cache,73,,13788.899999976158
chromium,delta,96,1,soil-saturation,73,,14984.700000166893
chromium,delta,96,1,water-wasm,73,,12717.299999773502
chromium,delta,96,1,combined,73,,10200.300000071526
chromium,highlands,128,1,baseline,73,,30170.899999558926
chromium,highlands,128,1,water-sparse,73,,27765.099999964237
chromium,highlands,128,1,soil-cache,73,,32042.299999833107
chromium,highlands,128,1,soil-saturation,73,,28789.400000214577
chromium,highlands,128,1,water-wasm,73,,24630.100000023842
chromium,highlands,128,1,combined,73,,26657.599999785423
chromium,highlands,128,10,baseline,73,,29812.900000035763
chromium,highlands,128,10,water-sparse,73,,25021.800000190735
chromium,highlands,128,10,soil-cache,73,,28252.300000190735
chromium,highlands,128,10,soil-saturation,73,,28906.50000023842
chromium,highlands,128,10,water-wasm,73,,22996.99999988079
chromium,highlands,128,10,combined,73,,18767.30000025034
chromium,highlands,128,11,baseline,73,,27157.799999952316
chromium,highlands,128,11,water-sparse,73,,24650.59999972582
chromium,highlands,128,11,soil-cache,73,,26245.500000178814
chromium,highlands,128,11,soil-saturation,73,,28977.200000226498
chromium,highlands,128,11,water-wasm,73,,22853.899999678135
chromium,highlands,128,11,combined,73,,19767.100000202656
chromium,highlands,128,12,baseline,73,,34009.40000009537
chromium,highlands,128,12,water-sparse,73,,28890.100000321865
chromium,highlands,128,12,soil-cache,73,,31354.30000025034
chromium,highlands,128,12,soil-saturation,73,,31171.19999998808
chromium,highlands,128,12,water-wasm,73,,25626.799999952316
chromium,highlands,128,12,combined,73,,20542.100000083447
chromium,highlands,128,13,baseline,73,,23837.299999535084
chromium,highlands,128,13,water-sparse,73,,20926.100000321865
chromium,highlands,128,13,soil-cache,73,,22086.69999986887
chromium,highlands,128,13,soil-saturation,73,,23699.499999582767
chromium,highlands,128,13,water-wasm,73,,18437.89999985695
chromium,highlands,128,13,combined,73,,16194.700000286102
chromium,highlands,128,14,baseline,73,,22162.100000083447
chromium,highlands,128,14,water-sparse,73,,19291.299999713898
chromium,highlands,128,14,soil-cache,73,,20905.499999821186
chromium,highlands,128,14,soil-saturation,73,,22597.999999940395
chromium,highlands,128,14,water-wasm,73,,17857.199999690056
chromium,highlands,128,14,combined,73,,15299.500000298023
chromium,highlands,128,15,baseline,73,,20358.20000010729
chromium,highlands,128,15,water-sparse,73,,17359.99999988079
chromium,highlands,128,15,soil-cache,73,,19496.300000309944
chromium,highlands,128,15,soil-saturation,73,,20808.699999570847
chromium,highlands,128,15,water-wasm,73,,16326.299999535084
chromium,highlands,128,15,combined,73,,14124.399999856949
chromium,highlands,128,16,baseline,73,,26230.80000036955
chromium,highlands,128,16,water-sparse,73,,22654.49999976158
chromium,highlands,128,16,soil-cache,73,,24172.500000059605
chromium,highlands,128,16,soil-saturation,73,,24933.200000226498
chromium,highlands,128,16,water-wasm,73,,20584.499999523163
chromium,highlands,128,16,combined,73,,17147.10000014305
chromium,highlands,128,17,baseline,73,,22845.800000190735
chromium,highlands,128,17,water-sparse,73,,20638.60000014305
chromium,highlands,128,17,soil-cache,73,,21532.499999701977
chromium,highlands,128,17,soil-saturation,73,,22899.30000025034
chromium,highlands,128,17,water-wasm,73,,17728.099999666214
chromium,highlands,128,17,combined,73,,15404.800000429153
chromium,highlands,128,18,baseline,73,,25496.49999988079
chromium,highlands,128,18,water-sparse,73,,22421.400000035763
chromium,highlands,128,18,soil-cache,73,,24884.499999821186
chromium,highlands,128,18,soil-saturation,73,,25829.20000010729
chromium,highlands,128,18,water-wasm,73,,21532.500000059605
chromium,highlands,128,18,combined,73,,18079.999999701977
chromium,highlands,128,19,baseline,73,,22319.99999988079
chromium,highlands,128,19,water-sparse,73,,19447.500000059605
chromium,highlands,128,19,soil-cache,73,,20951.900000095367
chromium,highlands,128,19,soil-saturation,73,,21888.100000202656
chromium,highlands,128,19,water-wasm,73,,17335.599999964237
chromium,highlands,128,19,combined,73,,15170.000000059605
chromium,highlands,128,2,baseline,73,,36176.79999989271
chromium,highlands,128,2,water-sparse,73,,42089.40000003576
chromium,highlands,128,2,soil-cache,73,,35607.40000015497
chromium,highlands,128,2,soil-saturation,73,,38188.69999998808
chromium,highlands,128,2,water-wasm,73,,26411.899999678135
chromium,highlands,128,2,combined,73,,27694.299999833107
chromium,highlands,128,20,baseline,73,,19837.69999986887
chromium,highlands,128,20,water-sparse,73,,17043.50000023842
chromium,highlands,128,20,soil-cache,73,,18355.99999988079
chromium,highlands,128,20,soil-saturation,73,,20284.400000095367
chromium,highlands,128,20,water-wasm,73,,15856.300000011921
chromium,highlands,128,20,combined,73,,13858.699999809265
chromium,highlands,128,21,baseline,73,,27015.70000010729
chromium,highlands,128,21,water-sparse,73,,24176.999999940395
chromium,highlands,128,21,soil-cache,73,,24834.299999952316
chromium,highlands,128,21,soil-saturation,73,,27294.80000001192
chromium,highlands,128,21,water-wasm,73,,22624.89999961853
chromium,highlands,128,21,combined,73,,19516.80000013113
chromium,highlands,128,22,baseline,73,,29151.100000202656
chromium,highlands,128,22,water-sparse,73,,24406.700000047684
chromium,highlands,128,22,soil-cache,73,,26666.59999972582
chromium,highlands,128,22,soil-saturation,73,,27882.899999916553
chromium,highlands,128,22,water-wasm,73,,23236.100000321865
chromium,highlands,128,22,combined,73,,19330.99999976158
chromium,highlands,128,23,baseline,73,,22770.30000025034
chromium,highlands,128,23,water-sparse,73,,21729.800000309944
chromium,highlands,128,23,soil-cache,73,,21667.90000027418
chromium,highlands,128,23,soil-saturation,73,,24027.89999985695
chromium,highlands,128,23,water-wasm,73,,18900.19999986887
chromium,highlands,128,23,combined,73,,16869.599999547005
chromium,highlands,128,24,baseline,73,,32288.500000059605
chromium,highlands,128,24,water-sparse,73,,27800.399999916553
chromium,highlands,128,24,soil-cache,73,,30097.400000333786
chromium,highlands,128,24,soil-saturation,73,,32392.399999976158
chromium,highlands,128,24,water-wasm,73,,25105.599999964237
chromium,highlands,128,24,combined,73,,20288.69999963045
chromium,highlands,128,25,baseline,73,,27621.199999928474
chromium,highlands,128,25,water-sparse,73,,22395.399999916553
chromium,highlands,128,25,soil-cache,73,,24427.79999989271
chromium,highlands,128,25,soil-saturation,73,,25419.89999973774
chromium,highlands,128,25,water-wasm,73,,20222.99999988079
chromium,highlands,128,25,combined,73,,17613.400000035763
chromium,highlands,128,26,baseline,73,,24582.50000011921
chromium,highlands,128,26,water-sparse,73,,21952.10000014305
chromium,highlands,128,26,soil-cache,73,,23984.30000025034
chromium,highlands,128,26,soil-saturation,73,,24412.200000166893
chromium,highlands,128,26,water-wasm,73,,19960.39999973774
chromium,highlands,128,26,combined,73,,16169.300000190735
chromium,highlands,128,27,baseline,73,,23663.400000154972
chromium,highlands,128,27,water-sparse,73,,19750.599999427795
chromium,highlands,128,27,soil-cache,73,,21897.699999392033
chromium,highlands,128,27,soil-saturation,73,,23085.79999989271
chromium,highlands,128,27,water-wasm,73,,18784.400000154972
chromium,highlands,128,27,combined,73,,14894.800000011921
chromium,highlands,128,28,baseline,73,,34949.90000009537
chromium,highlands,128,28,water-sparse,73,,29861.599999785423
chromium,highlands,128,28,soil-cache,73,,31635.9000005126
chromium,highlands,128,28,soil-saturation,73,,33911.00000047684
chromium,highlands,128,28,water-wasm,73,,27364.00000023842
chromium,highlands,128,28,combined,73,,23118.39999985695
chromium,highlands,128,29,baseline,73,,31817.80000013113
chromium,highlands,128,29,water-sparse,73,,25310.299999535084
chromium,highlands,128,29,soil-cache,73,,27816.500000298023
chromium,highlands,128,29,soil-saturation,73,,28728.099999964237
chromium,highlands,128,29,water-wasm,73,,23730.400000333786
chromium,highlands,128,29,combined,73,,18401.49999976158
chromium,highlands,128,3,baseline,73,,33444.999999940395
chromium,highlands,128,3,water-sparse,73,,37354.200000047684
chromium,highlands,128,3,soil-cache,73,,37664.39999997616
chromium,highlands,128,3,soil-saturation,73,,37618.800000309944
chromium,highlands,128,3,water-wasm,73,,36739.699999690056
chromium,highlands,128,3,combined,73,,23848.399999797344
chromium,highlands,128,30,baseline,73,,22768.300000190735
chromium,highlands,128,30,water-sparse,73,,19714.099999845028
chromium,highlands,128,30,soil-cache,73,,20690.399999916553
chromium,highlands,128,30,soil-saturation,73,,21325.199999809265
chromium,highlands,128,30,water-wasm,73,,17241.399999916553
chromium,highlands,128,30,combined,73,,14526.100000143051
chromium,highlands,128,4,baseline,73,,35804.70000010729
chromium,highlands,128,4,water-sparse,73,,35360.699999928474
chromium,highlands,128,4,soil-cache,73,,35135.49999970198
chromium,highlands,128,4,soil-saturation,73,,32545.69999963045
chromium,highlands,128,4,water-wasm,73,,25149.699999928474
chromium,highlands,128,4,combined,73,,21341.299999833107
chromium,highlands,128,5,baseline,73,,26280.79999989271
chromium,highlands,128,5,water-sparse,73,,22904.099999904633
chromium,highlands,128,5,soil-cache,73,,24677.000000298023
chromium,highlands,128,5,soil-saturation,73,,24710.000000059605
chromium,highlands,128,5,water-wasm,73,,21860.900000035763
chromium,highlands,128,5,combined,73,,17379.599999666214
chromium,highlands,128,6,baseline,73,,31242.700000166893
chromium,highlands,128,6,water-sparse,73,,26745.79999959469
chromium,highlands,128,6,soil-cache,73,,28177.09999960661
chromium,highlands,128,6,soil-saturation,73,,28230.70000010729
chromium,highlands,128,6,water-wasm,73,,24046.399999916553
chromium,highlands,128,6,combined,73,,21432.800000190735
chromium,highlands,128,7,baseline,73,,26120.899999976158
chromium,highlands,128,7,water-sparse,73,,23322.30000013113
chromium,highlands,128,7,soil-cache,73,,23969.000000059605
chromium,highlands,128,7,soil-saturation,73,,24804.400000154972
chromium,highlands,128,7,water-wasm,73,,19651.000000178814
chromium,highlands,128,7,combined,73,,17096.400000333786
chromium,highlands,128,8,baseline,73,,30086.89999985695
chromium,highlands,128,8,water-sparse,73,,27750.30000013113
chromium,highlands,128,8,soil-cache,73,,28004.60000014305
chromium,highlands,128,8,soil-saturation,73,,28857.899999976158
chromium,highlands,128,8,water-wasm,73,,23352.100000202656
chromium,highlands,128,8,combined,73,,22325.299999713898
chromium,highlands,128,9,baseline,73,,28009.500000178814
chromium,highlands,128,9,water-sparse,73,,24946.000000178814
chromium,highlands,128,9,soil-cache,73,,25936.899999916553
chromium,highlands,128,9,soil-saturation,73,,26628.799999952316
chromium,highlands,128,9,water-wasm,73,,22308.800000071526
chromium,highlands,128,9,combined,73,,18869.900000035763
chromium,highlands,256,1,baseline,73,,96071.10000008345
chromium,highlands,256,1,water-sparse,73,,82100.50000011921
chromium,highlands,256,1,soil-cache,73,,89355.40000009537
chromium,highlands,256,1,soil-saturation,73,,103387.89999991655
chromium,highlands,256,1,water-wasm,73,,81929.2000002861
chromium,highlands,256,1,combined,73,,70276.20000004768
chromium,highlands,256,2,baseline,73,,99922.90000003576
chromium,highlands,256,2,water-sparse,73,,79562.70000004768
chromium,highlands,256,2,soil-cache,73,,99163.99999976158
chromium,highlands,256,2,soil-saturation,73,,97540.60000002384
chromium,highlands,256,2,water-wasm,73,,73684.50000017881
chromium,highlands,256,2,combined,73,,65560.49999976158
chromium,highlands,256,3,baseline,73,,97215.70000010729
chromium,highlands,256,3,water-sparse,73,,100214.09999978542
chromium,highlands,256,3,soil-cache,73,,88790.40000027418
chromium,highlands,256,3,soil-saturation,73,,100382.30000013113
chromium,highlands,256,3,water-wasm,73,,86766.99999988079
chromium,highlands,256,3,combined,73,,83876.90000021458
chromium,highlands,96,1,baseline,73,,23145
chromium,highlands,96,1,water-sparse,73,,22360.10000038147
chromium,highlands,96,1,soil-cache,73,,22937.999999821186
chromium,highlands,96,1,soil-saturation,73,,23147.000000417233
chromium,highlands,96,1,water-wasm,73,,21748.60000026226
chromium,highlands,96,1,combined,73,,18336.10000026226
chromium,islands,128,1,baseline,73,,123197.59999990463
chromium,islands,128,1,water-sparse,73,,96602.70000010729
chromium,islands,128,1,soil-cache,73,,123641.80000013113
chromium,islands,128,1,soil-saturation,73,,124395.10000044107
chromium,islands,128,1,water-wasm,73,,101056.5000000596
chromium,islands,128,1,combined,73,,66221.19999974966
chromium,islands,128,10,baseline,73,,165010.5000001192
chromium,islands,128,10,water-sparse,73,,604973.9999996424
chromium,islands,128,10,soil-cache,73,,290026.2000000477
chromium,islands,128,10,soil-saturation,73,,276485.0000000596
chromium,islands,128,10,water-wasm,73,,291582.50000041723
chromium,islands,128,10,combined,73,,88261.39999961853
chromium,islands,128,11,baseline,73,,231534.5000001788
chromium,islands,128,11,water-sparse,73,,133088.39999997616
chromium,islands,128,11,soil-cache,73,,746264.3000001907
chromium,islands,128,11,soil-saturation,73,,121550.80000019073
chromium,islands,128,11,water-wasm,73,,255180.5000001192
chromium,islands,128,11,combined,73,,227462.5999996066
chromium,islands,128,12,baseline,73,,177608.49999952316
chromium,islands,128,12,water-sparse,73,,126943.7000001669
chromium,islands,128,12,soil-cache,73,,200424.90000015497
chromium,islands,128,12,soil-saturation,73,,209725.60000032187
chromium,islands,128,12,water-wasm,73,,199476.19999992847
chromium,islands,128,12,combined,73,,115698.99999988079
chromium,islands,128,13,baseline,73,,200948.39999991655
chromium,islands,128,13,water-sparse,73,,156622.19999957085
chromium,islands,128,13,soil-cache,73,,206213.09999996424
chromium,islands,128,13,soil-saturation,73,,199221.00000035763
chromium,islands,128,13,water-wasm,73,,145010.89999979734
chromium,islands,128,13,combined,73,,85726.60000002384
chromium,islands,128,14,baseline,73,,243581.19999980927
chromium,islands,128,14,water-sparse,73,,208343.9999999404
chromium,islands,128,14,soil-cache,73,,237646.09999996424
chromium,islands,128,14,soil-saturation,73,,295241.39999991655
chromium,islands,128,14,water-wasm,73,,249241.29999995232
chromium,islands,128,14,combined,73,,154856.30000025034
chromium,islands,128,15,baseline,73,,1400927.9000005126
chromium,islands,128,15,water-sparse,73,,554446.4999999404
chromium,islands,128,15,soil-cache,73,,161799.40000003576
chromium,islands,128,15,soil-saturation,73,,482329.2000005841
chromium,islands,128,15,water-wasm,73,,147181.10000026226
chromium,islands,128,15,combined,73,,832669.4999995232
chromium,islands,128,16,baseline,73,,231115.7999998331
chromium,islands,128,16,water-sparse,73,,203496.80000001192
chromium,islands,128,16,soil-cache,73,,223419.5999996662
chromium,islands,128,16,soil-saturation,73,,252405.89999973774
chromium,islands,128,16,water-wasm,73,,225075.90000021458
chromium,islands,128,16,combined,73,,149271.39999985695
chromium,islands,128,17,baseline,73,,2086049.6999998093
chromium,islands,128,17,water-sparse,73,,152223.69999998808
chromium,islands,128,17,soil-cache,73,,195216.7999995947
chromium,islands,128,17,soil-saturation,73,,260691.80000007153
chromium,islands,128,17,water-wasm,73,,538147.1000002027
chromium,islands,128,17,combined,73,,90756.49999958277
chromium,islands,128,18,baseline,73,,271241.40000009537
chromium,islands,128,18,water-sparse,73,,189561.40000021458
chromium,islands,128,18,soil-cache,73,,261218.89999985695
chromium,islands,128,18,soil-saturation,73,,226525.9999998212
chromium,islands,128,18,water-wasm,73,,222949.7000004053
chromium,islands,128,18,combined,73,,153829.7999997139
chromium,islands,128,19,baseline,73,,247832.19999986887
chromium,islands,128,19,water-sparse,73,,175859.99999964237
chromium,islands,128,19,soil-cache,73,,220130.50000023842
chromium,islands,128,19,soil-saturation,73,,239164.89999997616
chromium,islands,128,19,water-wasm,73,,212315.19999992847
chromium,islands,128,19,combined,73,,152996.89999991655
chromium,islands,128,2,baseline,73,,127380.69999998808
chromium,islands,128,2,water-sparse,73,,94283.7000001669
chromium,islands,128,2,soil-cache,73,,120994.30000013113
chromium,islands,128,2,soil-saturation,73,,123405.10000002384
chromium,islands,128,2,water-wasm,73,,99275.69999998808
chromium,islands,128,2,combined,73,,64792.99999952316
chromium,islands,128,20,baseline,73,,190969.59999984503
chromium,islands,128,20,water-sparse,73,,129882.30000025034
chromium,islands,128,20,soil-cache,73,,207511.69999974966
chromium,islands,128,20,soil-saturation,73,,208594.89999967813
chromium,islands,128,20,water-wasm,73,,167850.4999998212
chromium,islands,128,20,combined,73,,111881.40000033379
chromium,islands,128,21,baseline,73,,167706.90000009537
chromium,islands,128,21,water-sparse,73,,123076.30000025034
chromium,islands,128,21,soil-cache,73,,145102.5
chromium,islands,128,21,soil-saturation,73,,177280.99999958277
chromium,islands,128,21,water-wasm,73,,146619.39999973774
chromium,islands,128,21,combined,73,,97569.59999978542
chromium,islands,128,22,baseline,73,,186448.60000014305
chromium,islands,128,22,water-sparse,73,,115598.19999980927
chromium,islands,128,22,soil-cache,73,,145717.19999992847
chromium,islands,128,22,soil-saturation,73,,170528.0999994278
chromium,islands,128,22,water-wasm,73,,167496.60000002384
chromium,islands,128,22,combined,73,,95937.69999998808
chromium,islands,128,23,baseline,73,,164151.90000003576
chromium,islands,128,23,water-sparse,73,,155785.0000001788
chromium,islands,128,23,soil-cache,73,,275596.10000008345
chromium,islands,128,23,soil-saturation,73,,171737.4999998212
chromium,islands,128,23,water-wasm,73,,178110.59999996424
chromium,islands,128,23,combined,73,,85290.10000032187
chromium,islands,128,24,baseline,73,,210176.7000001073
chromium,islands,128,24,water-sparse,73,,129210.09999996424
chromium,islands,128,24,soil-cache,73,,173130.90000021458
chromium,islands,128,24,soil-saturation,73,,188088.69999974966
chromium,islands,128,24,water-wasm,73,,149843.39999985695
chromium,islands,128,24,combined,73,,102301.7000001669
chromium,islands,128,25,baseline,73,,149536.7999998927
chromium,islands,128,25,water-sparse,73,,271926
chromium,islands,128,25,soil-cache,73,,196877.0999993682
chromium,islands,128,25,soil-saturation,73,,165966.10000008345
chromium,islands,128,25,water-wasm,73,,144810.7000003457
chromium,islands,128,25,combined,73,,87938.60000014305
chromium,islands,128,26,baseline,73,,121326.89999979734
chromium,islands,128,26,water-sparse,73,,92909.50000023842
chromium,islands,128,26,soil-cache,73,,109425.60000020266
chromium,islands,128,26,soil-saturation,73,,113105.00000011921
chromium,islands,128,26,water-wasm,73,,92517.2999997139
chromium,islands,128,26,combined,73,,62676.099999547005
chromium,islands,128,27,baseline,73,,174934.4999999404
chromium,islands,128,27,water-sparse,73,,132178.69999992847
chromium,islands,128,27,soil-cache,73,,116114.30000007153
chromium,islands,128,27,soil-saturation,73,,134914.9999999404
chromium,islands,128,27,water-wasm,73,,104395.19999998808
chromium,islands,128,27,combined,73,,66731.70000010729
chromium,islands,128,28,baseline,73,,153989.69999969006
chromium,islands,128,28,water-sparse,73,,271386.90000003576
chromium,islands,128,28,soil-cache,73,,175988.19999992847
chromium,islands,128,28,soil-saturation,73,,110150.69999998808
chromium,islands,128,28,water-wasm,73,,97734.30000001192
chromium,islands,128,28,combined,73,,59152.900000452995
chromium,islands,128,29,baseline,73,,117423.39999973774
chromium,islands,128,29,water-sparse,73,,200829.59999984503
chromium,islands,128,29,soil-cache,73,,275295.59999990463
chromium,islands,128,29,soil-saturation,73,,111525.90000015497
chromium,islands,128,29,water-wasm,73,,88141.39999991655
chromium,islands,128,29,combined,73,,59177.600000441074
chromium,islands,128,3,baseline,73,,132880.19999998808
chromium,islands,128,3,water-sparse,73,,98447.89999997616
chromium,islands,128,3,soil-cache,73,,124396.10000026226
chromium,islands,128,3,soil-saturation,73,,122243.90000033379
chromium,islands,128,3,water-wasm,73,,102312.70000040531
chromium,islands,128,3,combined,73,,67402.7000001669
chromium,islands,128,30,baseline,73,,178784.19999951124
chromium,islands,128,30,water-sparse,73,,121929.89999997616
chromium,islands,128,30,soil-cache,73,,152454.50000047684
chromium,islands,128,30,soil-saturation,73,,158902.10000032187
chromium,islands,128,30,water-wasm,73,,122207.19999980927
chromium,islands,128,30,combined,73,,81843.29999989271
chromium,islands,128,4,baseline,73,,124467.39999985695
chromium,islands,128,4,water-sparse,73,,103723.80000007153
chromium,islands,128,4,soil-cache,73,,166264.50000029802
chromium,islands,128,4,soil-saturation,73,,133277.40000021458
chromium,islands,128,4,water-wasm,73,,103385.09999984503
chromium,islands,128,4,combined,73,,64747.09999990463
chromium,islands,128,5,baseline,73,,124665.7999998331
chromium,islands,128,5,water-sparse,73,,134637.50000023842
chromium,islands,128,5,soil-cache,73,,138554.40000003576
chromium,islands,128,5,soil-saturation,73,,129888.89999967813
chromium,islands,128,5,water-wasm,73,,123681.99999970198
chromium,islands,128,5,combined,73,,62227.100000202656
chromium,islands,128,6,baseline,73,,188606.20000046492
chromium,islands,128,6,water-sparse,73,,91177.39999961853
chromium,islands,128,6,soil-cache,73,,138340.39999991655
chromium,islands,128,6,soil-saturation,73,,143440.2000001669
chromium,islands,128,6,water-wasm,73,,214038.2000001073
chromium,islands,128,6,combined,73,,71109.5
chromium,islands,128,7,baseline,73,,216084.40000015497
chromium,islands,128,7,water-sparse,73,,145886.19999992847
chromium,islands,128,7,soil-cache,73,,105907.2000001669
chromium,islands,128,7,soil-saturation,73,,102189.19999992847
chromium,islands,128,7,water-wasm,73,,157359.2999996543
chromium,islands,128,7,combined,73,,71156.69999951124
chromium,islands,128,8,baseline,73,,165651.50000023842
chromium,islands,128,8,water-sparse,73,,90461.79999953508
chromium,islands,128,8,soil-cache,73,,153021.29999947548
chromium,islands,128,8,soil-saturation,73,,137616.09999996424
chromium,islands,128,8,water-wasm,73,,101950.80000025034
chromium,islands,128,8,combined,73,,75223.59999978542
chromium,islands,128,9,baseline,73,,215799.09999984503
chromium,islands,128,9,water-sparse,73,,129408.90000003576
chromium,islands,128,9,soil-cache,73,,166497.59999984503
chromium,islands,128,9,soil-saturation,73,,128068.49999982119
chromium,islands,128,9,water-wasm,73,,103033.40000015497
chromium,islands,128,9,combined,73,,98739.9999999404
chromium,islands,256,1,baseline,77,,341918.10000026226
chromium,islands,256,1,water-sparse,77,,287952.2000000477
chromium,islands,256,1,soil-cache,77,,330023.9000002146
chromium,islands,256,1,soil-saturation,77,,299179.6999999881
chromium,islands,256,1,water-wasm,77,,236729.80000030994
chromium,islands,256,1,combined,77,,149160.60000032187
chromium,islands,256,2,baseline,77,,350281.40000003576
chromium,islands,256,2,water-sparse,77,,250592.00000035763
chromium,islands,256,2,soil-cache,77,,314126.69999974966
chromium,islands,256,2,soil-saturation,77,,302581.2000004053
chromium,islands,256,2,water-wasm,77,,242055.5
chromium,islands,256,2,combined,77,,184917.90000003576
chromium,islands,256,3,baseline,77,,354882.10000014305
chromium,islands,256,3,water-sparse,77,,262200.39999997616
chromium,islands,256,3,soil-cache,77,,366787.80000025034
chromium,islands,256,3,soil-saturation,77,,294134.7000001073
chromium,islands,256,3,water-wasm,77,,254049.60000026226
chromium,islands,256,3,combined,77,,179053.49999970198
chromium,islands,96,1,baseline,73,,73340.10000008345
chromium,islands,96,1,water-sparse,73,,55745.30000036955
chromium,islands,96,1,soil-cache,73,,88062.59999996424
chromium,islands,96,1,soil-saturation,73,,76980.89999973774
chromium,islands,96,1,water-wasm,73,,54365.80000042915
chromium,islands,96,1,combined,73,,40184.49999970198
chromium,lakeBasin,128,1,baseline,73,,100914.5
chromium,lakeBasin,128,1,water-sparse,73,,77791.39999991655
chromium,lakeBasin,128,1,soil-cache,73,,97344.7000002861
chromium,lakeBasin,128,1,soil-saturation,73,,149456.19999992847
chromium,lakeBasin,128,1,water-wasm,73,,81172.19999998808
chromium,lakeBasin,128,1,combined,73,,53154.600000202656
chromium,lakeBasin,128,10,baseline,73,,90704.39999985695
chromium,lakeBasin,128,10,water-sparse,73,,70911.10000032187
chromium,lakeBasin,128,10,soil-cache,73,,86644.69999998808
chromium,lakeBasin,128,10,soil-saturation,73,,85351.09999996424
chromium,lakeBasin,128,10,water-wasm,73,,71002.59999960661
chromium,lakeBasin,128,10,combined,73,,46802.100000202656
chromium,lakeBasin,128,11,baseline,73,,93308.7000001669
chromium,lakeBasin,128,11,water-sparse,73,,72459.99999982119
chromium,lakeBasin,128,11,soil-cache,73,,87717.99999982119
chromium,lakeBasin,128,11,soil-saturation,73,,86869.50000029802
chromium,lakeBasin,128,11,water-wasm,73,,68836.60000026226
chromium,lakeBasin,128,11,combined,73,,47606.99999964237
chromium,lakeBasin,128,12,baseline,73,,88148.80000013113
chromium,lakeBasin,128,12,water-sparse,73,,68079.5000000596
chromium,lakeBasin,128,12,soil-cache,73,,83850.09999984503
chromium,lakeBasin,128,12,soil-saturation,73,,81390.39999997616
chromium,lakeBasin,128,12,water-wasm,73,,65966.99999946356
chromium,lakeBasin,128,12,combined,73,,43697.39999991655
chromium,lakeBasin,128,13,baseline,73,,97737.29999995232
chromium,lakeBasin,128,13,water-sparse,73,,77343.40000027418
chromium,lakeBasin,128,13,soil-cache,73,,93927.2999997735
chromium,lakeBasin,128,13,soil-saturation,73,,91638.29999947548
chromium,lakeBasin,128,13,water-wasm,73,,75252.7999997735
chromium,lakeBasin,128,13,combined,73,,47862.89999985695
chromium,lakeBasin,128,14,baseline,73,,98497.50000017881
chromium,lakeBasin,128,14,water-sparse,73,,88010.09999978542
chromium,lakeBasin,128,14,soil-cache,73,,108696.5000000596
chromium,lakeBasin,128,14,soil-saturation,73,,113962.60000008345
chromium,lakeBasin,128,14,water-wasm,73,,79601.7999997735
chromium,lakeBasin,128,14,combined,73,,51733.59999978542
chromium,lakeBasin,128,15,baseline,73,,112550.70000004768
chromium,lakeBasin,128,15,water-sparse,73,,74284.50000023842
chromium,lakeBasin,128,15,soil-cache,73,,110982.80000007153
chromium,lakeBasin,128,15,soil-saturation,73,,98657.50000029802
chromium,lakeBasin,128,15,water-wasm,73,,107361.69999986887
chromium,lakeBasin,128,15,combined,73,,47910.80000025034
chromium,lakeBasin,128,16,baseline,73,,121993.99999988079
chromium,lakeBasin,128,16,water-sparse,73,,80854.90000015497
chromium,lakeBasin,128,16,soil-cache,73,,84409.00000011921
chromium,lakeBasin,128,16,soil-saturation,73,,97500.40000015497
chromium,lakeBasin,128,16,water-wasm,73,,82995.49999976158
chromium,lakeBasin,128,16,combined,73,,53243.69999957085
chromium,lakeBasin,128,17,baseline,73,,100160.30000019073
chromium,lakeBasin,128,17,water-sparse,73,,104522.10000020266
chromium,lakeBasin,128,17,soil-cache,73,,84086.89999997616
chromium,lakeBasin,128,17,soil-saturation,73,,106296.39999967813
chromium,lakeBasin,128,17,water-wasm,73,,72023.2000002265
chromium,lakeBasin,128,17,combined,73,,67912.400000453
chromium,lakeBasin,128,18,baseline,73,,104285.80000019073
chromium,lakeBasin,128,18,water-sparse,73,,80657.30000013113
chromium,lakeBasin,128,18,soil-cache,73,,127657.10000002384
chromium,lakeBasin,128,18,soil-saturation,73,,108669.90000015497
chromium,lakeBasin,128,18,water-wasm,73,,78342.99999958277
chromium,lakeBasin,128,18,combined,73,,53703.100000321865
chromium,lakeBasin,128,19,baseline,73,,96641.40000033379
chromium,lakeBasin,128,19,water-sparse,73,,70742.79999989271
chromium,lakeBasin,128,19,soil-cache,73,,86236.49999988079
chromium,lakeBasin,128,19,soil-saturation,73,,134793.00000023842
chromium,lakeBasin,128,19,water-wasm,73,,78795.69999986887
chromium,lakeBasin,128,19,combined,73,,49798.00000023842
chromium,lakeBasin,128,2,baseline,73,,106429.19999974966
chromium,lakeBasin,128,2,water-sparse,73,,83833.60000020266
chromium,lakeBasin,128,2,soil-cache,73,,127267.89999985695
chromium,lakeBasin,128,2,soil-saturation,73,,143576.60000032187
chromium,lakeBasin,128,2,water-wasm,73,,92453.70000004768
chromium,lakeBasin,128,2,combined,73,,54627.800000190735
chromium,lakeBasin,128,20,baseline,73,,97985.39999997616
chromium,lakeBasin,128,20,water-sparse,73,,74445.30000001192
chromium,lakeBasin,128,20,soil-cache,73,,94812.40000009537
chromium,lakeBasin,128,20,soil-saturation,73,,104677.59999996424
chromium,lakeBasin,128,20,water-wasm,73,,98524.29999995232
chromium,lakeBasin,128,20,combined,73,,57358.40000015497
chromium,lakeBasin,128,21,baseline,73,,109683.99999988079
chromium,lakeBasin,128,21,water-sparse,73,,83015.30000007153
chromium,lakeBasin,128,21,soil-cache,73,,145841.50000023842
chromium,lakeBasin,128,21,soil-saturation,73,,122821.4999999404
chromium,lakeBasin,128,21,water-wasm,73,,85535.00000011921
chromium,lakeBasin,128,21,combined,73,,56255.69999998808
chromium,lakeBasin,128,22,baseline,73,,103810.39999991655
chromium,lakeBasin,128,22,water-sparse,73,,80154.30000019073
chromium,lakeBasin,128,22,soil-cache,73,,95214.09999990463
chromium,lakeBasin,128,22,soil-saturation,73,,97602.99999982119
chromium,lakeBasin,128,22,water-wasm,73,,81230.2999998331
chromium,lakeBasin,128,22,combined,73,,52734.00000023842
chromium,lakeBasin,128,23,baseline,73,,101241.49999970198
chromium,lakeBasin,128,23,water-sparse,73,,75998.00000017881
chromium,lakeBasin,128,23,soil-cache,73,,96138.80000007153
chromium,lakeBasin,128,23,soil-saturation,73,,95136.5000000596
chromium,lakeBasin,128,23,water-wasm,73,,76687.69999986887
chromium,lakeBasin,128,23,combined,73,,50296.400000333786
chromium,lakeBasin,128,24,baseline,73,,92198.4000005722
chromium,lakeBasin,128,24,water-sparse,73,,70573.40000033379
chromium,lakeBasin,128,24,soil-cache,73,,85720.50000017881
chromium,lakeBasin,128,24,soil-saturation,73,,87977.00000035763
chromium,lakeBasin,128,24,water-wasm,73,,72990.49999988079
chromium,lakeBasin,128,24,combined,73,,46905.400000333786
chromium,lakeBasin,128,25,baseline,73,,83455.09999978542
chromium,lakeBasin,128,25,water-sparse,73,,65684.40000003576
chromium,lakeBasin,128,25,soil-cache,73,,78408.4999999404
chromium,lakeBasin,128,25,soil-saturation,73,,82708.19999963045
chromium,lakeBasin,128,25,water-wasm,73,,64808.700000464916
chromium,lakeBasin,128,25,combined,73,,42636.59999984503
chromium,lakeBasin,128,26,baseline,73,,85842.89999973774
chromium,lakeBasin,128,26,water-sparse,73,,86380.19999969006
chromium,lakeBasin,128,26,soil-cache,73,,92846.90000009537
chromium,lakeBasin,128,26,soil-saturation,73,,92710.5000000596
chromium,lakeBasin,128,26,water-wasm,73,,67258.69999974966
chromium,lakeBasin,128,26,combined,73,,43985.30000001192
chromium,lakeBasin,128,27,baseline,73,,127310.19999998808
chromium,lakeBasin,128,27,water-sparse,73,,73974.20000004768
chromium,lakeBasin,128,27,soil-cache,73,,83909.99999952316
chromium,lakeBasin,128,27,soil-saturation,73,,84347.9999999404
chromium,lakeBasin,128,27,water-wasm,73,,68644.9999999404
chromium,lakeBasin,128,27,combined,73,,67057.69999998808
chromium,lakeBasin,128,28,baseline,73,,85554.9999999404
chromium,lakeBasin,128,28,water-sparse,73,,75166.10000026226
chromium,lakeBasin,128,28,soil-cache,73,,110837.39999973774
chromium,lakeBasin,128,28,soil-saturation,73,,95327.99999988079
chromium,lakeBasin,128,28,water-wasm,73,,67329.89999997616
chromium,lakeBasin,128,28,combined,73,,44602.800000071526
chromium,lakeBasin,128,29,baseline,73,,99174.40000009537
chromium,lakeBasin,128,29,water-sparse,73,,108057.10000008345
chromium,lakeBasin,128,29,soil-cache,73,,138454.60000026226
chromium,lakeBasin,128,29,soil-saturation,73,,96573.50000011921
chromium,lakeBasin,128,29,water-wasm,73,,75473.09999984503
chromium,lakeBasin,128,29,combined,73,,50960.699999928474
chromium,lakeBasin,128,3,baseline,73,,114600.5
chromium,lakeBasin,128,3,water-sparse,73,,114204.49999982119
chromium,lakeBasin,128,3,soil-cache,73,,112988.00000017881
chromium,lakeBasin,128,3,soil-saturation,73,,116805.40000033379
chromium,lakeBasin,128,3,water-wasm,73,,112542.80000019073
chromium,lakeBasin,128,3,combined,73,,59285.20000010729
chromium,lakeBasin,128,30,baseline,73,,92229.90000003576
chromium,lakeBasin,128,30,water-sparse,73,,74727.39999979734
chromium,lakeBasin,128,30,soil-cache,73,,89051.49999982119
chromium,lakeBasin,128,30,soil-saturation,73,,91843.7999998331
chromium,lakeBasin,128,30,water-wasm,73,,73083.69999986887
chromium,lakeBasin,128,30,combined,73,,50704.20000016689
chromium,lakeBasin,128,4,baseline,73,,106438.50000017881
chromium,lakeBasin,128,4,water-sparse,73,,149827.69999998808
chromium,lakeBasin,128,4,soil-cache,73,,95957.00000017881
chromium,lakeBasin,128,4,soil-saturation,73,,102716.39999991655
chromium,lakeBasin,128,4,water-wasm,73,,77490.00000011921
chromium,lakeBasin,128,4,combined,73,,51395.30000001192
chromium,lakeBasin,128,5,baseline,73,,97772.7000002265
chromium,lakeBasin,128,5,water-sparse,73,,76629.60000002384
chromium,lakeBasin,128,5,soil-cache,73,,95450.20000004768
chromium,lakeBasin,128,5,soil-saturation,73,,92288.7000002265
chromium,lakeBasin,128,5,water-wasm,73,,75648
chromium,lakeBasin,128,5,combined,73,,51102.100000202656
chromium,lakeBasin,128,6,baseline,73,,102105.10000020266
chromium,lakeBasin,128,6,water-sparse,73,,75871.20000004768
chromium,lakeBasin,128,6,soil-cache,73,,93950.90000003576
chromium,lakeBasin,128,6,soil-saturation,73,,94920.80000019073
chromium,lakeBasin,128,6,water-wasm,73,,71712.4999999404
chromium,lakeBasin,128,6,combined,73,,48488.600000321865
chromium,lakeBasin,128,7,baseline,73,,96621.10000026226
chromium,lakeBasin,128,7,water-sparse,73,,76764.10000014305
chromium,lakeBasin,128,7,soil-cache,73,,95807.30000019073
chromium,lakeBasin,128,7,soil-saturation,73,,95102.20000004768
chromium,lakeBasin,128,7,water-wasm,73,,76027.40000003576
chromium,lakeBasin,128,7,combined,73,,51185.00000041723
chromium,lakeBasin,128,8,baseline,73,,94192.90000009537
chromium,lakeBasin,128,8,water-sparse,73,,71650.40000009537
chromium,lakeBasin,128,8,soil-cache,73,,90146.2000003457
chromium,lakeBasin,128,8,soil-saturation,73,,90899.19999980927
chromium,lakeBasin,128,8,water-wasm,73,,69750.49999982119
chromium,lakeBasin,128,8,combined,73,,45904.59999972582
chromium,lakeBasin,128,9,baseline,73,,92179.29999989271
chromium,lakeBasin,128,9,water-sparse,73,,69218.50000017881
chromium,lakeBasin,128,9,soil-cache,73,,85078.2999997139
chromium,lakeBasin,128,9,soil-saturation,73,,85357.30000001192
chromium,lakeBasin,128,9,water-wasm,73,,70712.10000020266
chromium,lakeBasin,128,9,combined,73,,48179.699999690056
chromium,lakeBasin,256,1,baseline,73,,208074.10000032187
chromium,lakeBasin,256,1,water-sparse,73,,163538.0000000596
chromium,lakeBasin,256,1,soil-cache,73,,170999.80000019073
chromium,lakeBasin,256,1,soil-saturation,73,,192902.30000025034
chromium,lakeBasin,256,1,water-wasm,73,,179735.4999999404
chromium,lakeBasin,256,1,combined,73,,126815.90000021458
chromium,lakeBasin,256,2,baseline,73,,186408.19999992847
chromium,lakeBasin,256,2,water-sparse,73,,137460.89999997616
chromium,lakeBasin,256,2,soil-cache,73,,158566.89999979734
chromium,lakeBasin,256,2,soil-saturation,73,,214537.39999991655
chromium,lakeBasin,256,2,water-wasm,73,,157095.89999979734
chromium,lakeBasin,256,2,combined,73,,103832.59999996424
chromium,lakeBasin,256,3,baseline,73,,208542.69999992847
chromium,lakeBasin,256,3,water-sparse,73,,197985.9999998808
chromium,lakeBasin,256,3,soil-cache,73,,172314.2999998927
chromium,lakeBasin,256,3,soil-saturation,73,,218258.49999946356
chromium,lakeBasin,256,3,water-wasm,73,,183816.2999997735
chromium,lakeBasin,256,3,combined,73,,153605.60000020266
chromium,lakeBasin,96,1,baseline,73,,57471.10000014305
chromium,lakeBasin,96,1,water-sparse,73,,45867.89999997616
chromium,lakeBasin,96,1,soil-cache,73,,51611.700000047684
chromium,lakeBasin,96,1,soil-saturation,73,,52534.60000026226
chromium,lakeBasin,96,1,water-wasm,73,,42168.400000333786
chromium,lakeBasin,96,1,combined,73,,59935.10000026226
chromium,riverValley,128,1,baseline,73,,18473.700000047684
chromium,riverValley,128,1,water-sparse,73,,16828.199999928474
chromium,riverValley,128,1,soil-cache,73,,18015.30000013113
chromium,riverValley,128,1,soil-saturation,73,,18877.899999558926
chromium,riverValley,128,1,water-wasm,73,,14409.000000357628
chromium,riverValley,128,1,combined,73,,13226.800000309944
chromium,riverValley,128,10,baseline,73,,18404.50000011921
chromium,riverValley,128,10,water-sparse,73,,15486.40000039339
chromium,riverValley,128,10,soil-cache,73,,17282.200000047684
chromium,riverValley,128,10,soil-saturation,73,,18381.100000023842
chromium,riverValley,128,10,water-wasm,73,,14802.299999713898
chromium,riverValley,128,10,combined,73,,13489.300000488758
chromium,riverValley,128,11,baseline,73,,22236.200000226498
chromium,riverValley,128,11,water-sparse,73,,20248.299999952316
chromium,riverValley,128,11,soil-cache,73,,20112.69999998808
chromium,riverValley,128,11,soil-saturation,73,,22189.600000083447
chromium,riverValley,128,11,water-wasm,73,,18047.00000023842
chromium,riverValley,128,11,combined,73,,16744.19999998808
chromium,riverValley,128,12,baseline,73,,22145.30000013113
chromium,riverValley,128,12,water-sparse,73,,46753.80000001192
chromium,riverValley,128,12,soil-cache,73,,23003.099999904633
chromium,riverValley,128,12,soil-saturation,73,,23767.000000357628
chromium,riverValley,128,12,water-wasm,73,,19230.799999773502
chromium,riverValley,128,12,combined,73,,16289.700000226498
chromium,riverValley,128,13,baseline,73,,42171.99999976158
chromium,riverValley,128,13,water-sparse,73,,22817.300000071526
chromium,riverValley,128,13,soil-cache,73,,21753.699999928474
chromium,riverValley,128,13,soil-saturation,73,,22142.999999642372
chromium,riverValley,128,13,water-wasm,73,,16963.799999833107
chromium,riverValley,128,13,combined,73,,14848.700000286102
chromium,riverValley,128,14,baseline,73,,22478.19999998808
chromium,riverValley,128,14,water-sparse,73,,44330.59999984503
chromium,riverValley,128,14,soil-cache,73,,21087.400000154972
chromium,riverValley,128,14,soil-saturation,73,,22311.400000154972
chromium,riverValley,128,14,water-wasm,73,,17416.19999974966
chromium,riverValley,128,14,combined,73,,14775.699999988079
chromium,riverValley,128,15,baseline,73,,24207.70000010729
chromium,riverValley,128,15,water-sparse,73,,21245.69999986887
chromium,riverValley,128,15,soil-cache,73,,21972.199999690056
chromium,riverValley,128,15,soil-saturation,73,,22180.400000035763
chromium,riverValley,128,15,water-wasm,73,,44098.800000190735
chromium,riverValley,128,15,combined,73,,18707.500000178814
chromium,riverValley,128,16,baseline,73,,22699.599999845028
chromium,riverValley,128,16,water-sparse,73,,20958.199999690056
chromium,riverValley,128,16,soil-cache,73,,19480.700000166893
chromium,riverValley,128,16,soil-saturation,73,,23060.999999642372
chromium,riverValley,128,16,water-wasm,73,,18844.100000083447
chromium,riverValley,128,16,combined,73,,17174.099999845028
chromium,riverValley,128,17,baseline,73,,22292.99999988079
chromium,riverValley,128,17,water-sparse,73,,20548.299999952316
chromium,riverValley,128,17,soil-cache,73,,20160.499999940395
chromium,riverValley,128,17,soil-saturation,73,,24772.19999998808
chromium,riverValley,128,17,water-wasm,73,,18217.799999773502
chromium,riverValley,128,17,combined,73,,15624.500000536442
chromium,riverValley,128,18,baseline,73,,24465.099999964237
chromium,riverValley,128,18,water-sparse,73,,19131.300000190735
chromium,riverValley,128,18,soil-cache,73,,21464.299999654293
chromium,riverValley,128,18,soil-saturation,73,,27177.899999916553
chromium,riverValley,128,18,water-wasm,73,,19465.30000013113
chromium,riverValley,128,18,combined,73,,17347.200000286102
chromium,riverValley,128,19,baseline,73,,20665.20000052452
chromium,riverValley,128,19,water-sparse,73,,21716.00000023842
chromium,riverValley,128,19,soil-cache,73,,22224.299999713898
chromium,riverValley,128,19,soil-saturation,73,,22018.199999690056
chromium,riverValley,128,19,water-wasm,73,,17354.199999928474
chromium,riverValley,128,19,combined,73,,17572.49999976158
chromium,riverValley,128,2,baseline,73,,17769.30000001192
chromium,riverValley,128,2,water-sparse,73,,15358.099999845028
chromium,riverValley,128,2,soil-cache,73,,17138.80000025034
chromium,riverValley,128,2,soil-saturation,73,,18017.099999845028
chromium,riverValley,128,2,water-wasm,73,,15613.399999678135
chromium,riverValley,128,2,combined,73,,12475.099999964237
chromium,riverValley,128,20,baseline,73,,24765.39999973774
chromium,riverValley,128,20,water-sparse,73,,22622.400000154972
chromium,riverValley,128,20,soil-cache,73,,21792.900000095367
chromium,riverValley,128,20,soil-saturation,73,,22761.300000071526
chromium,riverValley,128,20,water-wasm,73,,19521.299999773502
chromium,riverValley,128,20,combined,73,,19022.80000001192
chromium,riverValley,128,21,baseline,73,,22517.300000071526
chromium,riverValley,128,21,water-sparse,73,,18702.499999642372
chromium,riverValley,128,21,soil-cache,73,,18359.5
chromium,riverValley,128,21,soil-saturation,73,,21936.900000095367
chromium,riverValley,128,21,water-wasm,73,,16837.09999960661
chromium,riverValley,128,21,combined,73,,15448.500000059605
chromium,riverValley,128,22,baseline,73,,21236.599999904633
chromium,riverValley,128,22,water-sparse,73,,17117.799999713898
chromium,riverValley,128,22,soil-cache,73,,19283.199999272823
chromium,riverValley,128,22,soil-saturation,73,,18070.200000047684
chromium,riverValley,128,22,water-wasm,73,,16978.500000357628
chromium,riverValley,128,22,combined,73,,13014.199999630451
chromium,riverValley,128,23,baseline,73,,23914.300000071526
chromium,riverValley,128,23,water-sparse,73,,22590
chromium,riverValley,128,23,soil-cache,73,,22055.000000059605
chromium,riverValley,128,23,soil-saturation,73,,24580.299999773502
chromium,riverValley,128,23,water-wasm,73,,18122.79999989271
chromium,riverValley,128,23,combined,73,,17459.400000214577
chromium,riverValley,128,24,baseline,73,,20369.600000441074
chromium,riverValley,128,24,water-sparse,73,,19750.50000023842
chromium,riverValley,128,24,soil-cache,73,,20285.20000010729
chromium,riverValley,128,24,soil-saturation,73,,21471.80000036955
chromium,riverValley,128,24,water-wasm,73,,18810.399999797344
chromium,riverValley,128,24,combined,73,,15779.799999952316
chromium,riverValley,128,25,baseline,73,,22667.600000023842
chromium,riverValley,128,25,water-sparse,73,,19420.099999964237
chromium,riverValley,128,25,soil-cache,73,,20528.20000040531
chromium,riverValley,128,25,soil-saturation,73,,24873.29999989271
chromium,riverValley,128,25,water-wasm,73,,20815.400000035763
chromium,riverValley,128,25,combined,73,,15150.599999904633
chromium,riverValley,128,26,baseline,73,,24456.69999998808
chromium,riverValley,128,26,water-sparse,73,,19608.89999973774
chromium,riverValley,128,26,soil-cache,73,,21283.199999928474
chromium,riverValley,128,26,soil-saturation,73,,23713.59999972582
chromium,riverValley,128,26,water-wasm,73,,19868.200000286102
chromium,riverValley,128,26,combined,73,,15355.100000202656
chromium,riverValley,128,27,baseline,73,,24059.300000071526
chromium,riverValley,128,27,water-sparse,73,,17095.29999947548
chromium,riverValley,128,27,soil-cache,73,,22622.100000023842
chromium,riverValley,128,27,soil-saturation,73,,33742.20000010729
chromium,riverValley,128,27,water-wasm,73,,28002.800000071526
chromium,riverValley,128,27,combined,73,,23076.400000214577
chromium,riverValley,128,28,baseline,73,,24489.999999940395
chromium,riverValley,128,28,water-sparse,73,,30705.800000190735
chromium,riverValley,128,28,soil-cache,73,,33034.49999988079
chromium,riverValley,128,28,soil-saturation,73,,32470.30000013113
chromium,riverValley,128,28,water-wasm,73,,26666.90000027418
chromium,riverValley,128,28,combined,73,,15593.699999570847
chromium,riverValley,128,29,baseline,73,,26466.80000013113
chromium,riverValley,128,29,water-sparse,73,,24547.299999952316
chromium,riverValley,128,29,soil-cache,73,,21744.599999845028
chromium,riverValley,128,29,soil-saturation,73,,26057.000000059605
chromium,riverValley,128,29,water-wasm,73,,59556.09999972582
chromium,riverValley,128,29,combined,73,,16521.69999986887
chromium,riverValley,128,3,baseline,73,,18299.99999988079
chromium,riverValley,128,3,water-sparse,73,,15900.200000405312
chromium,riverValley,128,3,soil-cache,73,,17002.19999974966
chromium,riverValley,128,3,soil-saturation,73,,18398.100000083447
chromium,riverValley,128,3,water-wasm,73,,14645.099999725819
chromium,riverValley,128,3,combined,73,,12320.899999678135
chromium,riverValley,128,30,baseline,73,,32894.39999997616
chromium,riverValley,128,30,water-sparse,73,,27183.100000321865
chromium,riverValley,128,30,soil-cache,73,,22910.100000023842
chromium,riverValley,128,30,soil-saturation,73,,24751.799999654293
chromium,riverValley,128,30,water-wasm,73,,22143.599999010563
chromium,riverValley,128,30,combined,73,,19925.800000071526
chromium,riverValley,128,4,baseline,73,,19612.400000333786
chromium,riverValley,128,4,water-sparse,73,,17305.99999988079
chromium,riverValley,128,4,soil-cache,73,,17575.599999845028
chromium,riverValley,128,4,soil-saturation,73,,19610.400000035763
chromium,riverValley,128,4,water-wasm,73,,15449.80000025034
chromium,riverValley,128,4,combined,73,,13759.399999976158
chromium,riverValley,128,5,baseline,73,,26203.49999976158
chromium,riverValley,128,5,water-sparse,73,,25089.49999946356
chromium,riverValley,128,5,soil-cache,73,,23561.700000047684
chromium,riverValley,128,5,soil-saturation,73,,24758.400000214577
chromium,riverValley,128,5,water-wasm,73,,19365.29999959469
chromium,riverValley,128,5,combined,73,,39884.00000011921
chromium,riverValley,128,6,baseline,73,,24465.899999558926
chromium,riverValley,128,6,water-sparse,73,,19561.39999985695
chromium,riverValley,128,6,soil-cache,73,,48133.30000036955
chromium,riverValley,128,6,soil-saturation,73,,20875.200000226498
chromium,riverValley,128,6,water-wasm,73,,17378.099999845028
chromium,riverValley,128,6,combined,73,,15639.500000357628
chromium,riverValley,128,7,baseline,73,,21297.300000190735
chromium,riverValley,128,7,water-sparse,73,,20015.500000059605
chromium,riverValley,128,7,soil-cache,73,,19897.69999986887
chromium,riverValley,128,7,soil-saturation,73,,22200
chromium,riverValley,128,7,water-wasm,73,,17146.399999797344
chromium,riverValley,128,7,combined,73,,16273.99999988079
chromium,riverValley,128,8,baseline,73,,18856.899999678135
chromium,riverValley,128,8,water-sparse,73,,17812.19999998808
chromium,riverValley,128,8,soil-cache,73,,19226.39999973774
chromium,riverValley,128,8,soil-saturation,73,,20117.000000178814
chromium,riverValley,128,8,water-wasm,73,,15642.899999916553
chromium,riverValley,128,8,combined,73,,13042.900000214577
chromium,riverValley,128,9,baseline,73,,20034.30000025034
chromium,riverValley,128,9,water-sparse,73,,18290.899999916553
chromium,riverValley,128,9,soil-cache,73,,19847.799999773502
chromium,riverValley,128,9,soil-saturation,73,,20715.600000083447
chromium,riverValley,128,9,water-wasm,73,,16673.100000321865
chromium,riverValley,128,9,combined,73,,14578.099999785423
chromium,riverValley,256,1,baseline,73,,79141.19999986887
chromium,riverValley,256,1,water-sparse,73,,69558.50000023842
chromium,riverValley,256,1,soil-cache,73,,81109.30000036955
chromium,riverValley,256,1,soil-saturation,73,,88544.30000013113
chromium,riverValley,256,1,water-wasm,73,,68620.20000010729
chromium,riverValley,256,1,combined,73,,61191.90000003576
chromium,riverValley,256,2,baseline,73,,63079.7999997735
chromium,riverValley,256,2,water-sparse,73,,77601.40000021458
chromium,riverValley,256,2,soil-cache,73,,72885.89999997616
chromium,riverValley,256,2,soil-saturation,73,,77473.5
chromium,riverValley,256,2,water-wasm,73,,61871.499999940395
chromium,riverValley,256,2,combined,73,,61866.39999991655
chromium,riverValley,256,3,baseline,73,,76130.40000003576
chromium,riverValley,256,3,water-sparse,73,,88575.09999990463
chromium,riverValley,256,3,soil-cache,73,,77611.10000020266
chromium,riverValley,256,3,soil-saturation,73,,85062.7999998331
chromium,riverValley,256,3,water-wasm,73,,66534.79999935627
chromium,riverValley,256,3,combined,73,,63416.89999997616
chromium,riverValley,96,1,baseline,73,,13232.09999960661
chromium,riverValley,96,1,water-sparse,73,,12007.200000345707
chromium,riverValley,96,1,soil-cache,73,,11769.999999701977
chromium,riverValley,96,1,soil-saturation,73,,12343.799999892712
chromium,riverValley,96,1,water-wasm,73,,10126.100000143051
chromium,riverValley,96,1,combined,73,,9295.299999833107
