file	line	category	expression
src/core/analysis/damsites.ts	45	iteration	for (const sgn of [1, -1]) { let k = 1; for (;;) { const yy = y + sgn * k * dy; const xx = x + sgn * k * dx; if (!inside(xx, yy) || k > maxHalf) return null; if (h[yy * W + xx] >= crest) break; line.push(yy * W + xx); k++; } }
src/core/analysis/damsites.ts	60	iteration	for (const [sy, sx] of [[y + py, x + px], [y - py, x - px]]) { if (inside(sx, sy) && !onLine(sy * W + sx)) sides.push(sy * W + sx); }
src/core/analysis/damsites.ts	83	iteration	for (const [ddy, ddx] of N4) { const yy = cy + ddy; const xx = cx + ddx; if (!inside(xx, yy)) return null; // the reservoir spills off the map edge const n = yy * W + xx; if (seen[n] === mark || onLine(n) || h[n] >= crest) continue; if (n === down) return null; // water walks round the dam seen[n] = mark; count++; queue[tail++] = n; }
src/core/analysis/damsites.ts	135	iteration	for (const hh of heights) { for (const [dy, dx] of DAM_DIRS) { const c = damCandidate(h, surface, W, H, x, y, dy, dx, hh, stamp, 10, maxFlood); if (c && (minDepth <= 0 || c.volume / c.area >= minDepth) && (!best || c.ratio > best.ratio)) best = c; } }
src/core/analysis/damsites.ts	136	iteration	for (const [dy, dx] of DAM_DIRS) { const c = damCandidate(h, surface, W, H, x, y, dy, dx, hh, stamp, 10, maxFlood); if (c && (minDepth <= 0 || c.volume / c.area >= minDepth) && (!best || c.ratio > best.ratio)) best = c; }
src/core/analysis/damsites.ts	143	sort	found.sort((a, b) => b.ratio - a.ratio)
src/core/analysis/damsites.ts	145	iteration	for (const c of found) { if (kept.every((q) => Math.max(Math.abs(c.x - q.x), Math.abs(c.y - q.y)) >= 8)) kept.push(c); }
src/core/analysis/mechanics.ts	48	iteration	for (const o of objects) { if (o.template === "StartingLocation") starts.push(o); const s = o.template === "WaterSource" || o.template === "WaterSeep" || o.template === "Aquifer" ? specifiedStrength(o.components) : 0; if (o.template === "WaterSource") { if (isDelayed(o.components)) cleanDelayed += s; else cleanRunning += s; } else if (o.template === "WaterSeep") seeps += s; else if (o.template === "Aquifer") aquifers += s; }
src/core/analysis/mechanics.ts	65	iteration	for (const b of cells) { sx += b.x; sy += b.y; }
src/core/analysis/mechanics.ts	97	iteration	for (const i of ring ?? []) { if (settled[i] > 0.05) ringSettled++; if (stored[i]) ringStored++; }
src/core/analysis/mechanics.ts	121	iteration	for (const b of cells) { sx += b.x; sy += b.y; }
src/core/analysis/metrics.ts	117	sort	h.slice().sort()
src/core/analysis/metrics.ts	168	approximate Math.sqrt	Math.sqrt((bx - ax) * (bx - ax) + (by - ay) * (by - ay))
src/core/analysis/metrics.ts	174	approximate Math.sqrt	Math.sqrt((p[k][0] - p[k - 1][0]) ** 2 + (p[k][1] - p[k - 1][1]) ** 2)
src/core/analysis/metrics.ts	174	approximate exponentiation	(p[k][0] - p[k - 1][0]) ** 2
src/core/analysis/metrics.ts	174	approximate exponentiation	(p[k][1] - p[k - 1][1]) ** 2
src/core/analysis/metrics.ts	181	iteration	for (const r of rivers) for (const s of r.params.bedProfile.steps) if (s.drop >= 2) bedDrops2++;
src/core/analysis/metrics.ts	181	iteration	for (const s of r.params.bedProfile.steps) if (s.drop >= 2) bedDrops2++;
src/core/analysis/metrics.ts	187	iteration	for (const s of m.built.sources) { if (s.template === "BadwaterSource") { badwaterStrength += s.strength; badwaterSources++; } else cleanStrength += s.strength; }
src/core/analysis/metrics.ts	209	iteration	for (const n of nb) if (n >= 0 && water[n] >= CAL_WET && s - (h[n] + water[n]) >= 1.5) fall[i] = 1;
src/core/analysis/metrics.ts	226	iteration	for (const e of m.built.entities) { const t = e.template; if (t === "Pine" || t === "Birch" || t === "Oak" || t === "Succulent") { trees++; sp[t.toLowerCase() as keyof typeof sp]++; const lnr = e.components.LivingNaturalResource as { IsDead?: boolean } | undefined; if (!lnr?.IsDead) living++; } else if (t === "BlueberryBush") bushes++; else if (t.startsWith("RuinColumnH")) { scrap += 15 * Number(t.slice(11)); if (sd && e.x >= 0 && e.y >= 0 && e.x < W && e.y < H) ruinsNearest = Math.min(ruinsNearest, sd[e.y * W + e.x]); } }
src/core/analysis/metrics.ts	240	sort	groves.sort((p, q) => p - q)
src/core/analysis/metrics.ts	250	iteration	for (const s of m.built.sources) if (s.x !== undefined && s.y !== undefined && s.x >= 0 && s.y >= 0 && s.x < W && s.y < H) source[s.y * W + s.x] = 1;
src/core/analysis/regions.ts	12	iteration	for (const [a, b] of links) { count[a + 1]++; count[b + 1]++; }
src/core/analysis/regions.ts	19	iteration	for (const [a, b] of links) { adj[fill[a]++] = b; adj[fill[b]++] = a; }
src/core/analysis/ridge.ts	66	iteration	for (const sgn of [1, -1]) { let f = Infinity; for (let m = 4; m <= 7; m++) { const j = at(px + sgn * m * nx, py + sgn * m * ny); if (j < 0) return bad; if (h[j] < f) f = h[j]; if (depth[j] > 0.05) wetFace = true; } if (!wetFace) dry = true; wetFace = false; if (crest < f + 2 || crest > f + 6) return bad; // a vertical face: two levels or more down in one step from the band let face = false; for (let m = 0; m <= 5 && !face; m++) { const a = at(px + sgn * m * nx, py + sgn * m * ny); const b = at(px + sgn * (m + 1) * nx, py + sgn * (m + 1) * ny); if (a < 0 || b < 0) return bad; if (h[a] >= crest - 1 && h[a] - h[b] >= 2) face = true; } if (!face) return bad; floors.push(f); }
src/core/analysis/ridge.ts	89	iteration	for (const sgn of [1, -1]) for (let m = 1; m <= 8; m++) { const j = at(px + sgn * m * nx, py + sgn * m * ny); if (j < 0 || h[j] < crest - 1) break; thick++; }
src/core/analysis/ridge.ts	104	iteration	for (const [tx, ty] of LINES) { const nx = -ty; const ny = tx; const sides: Probe[][] = []; for (const sgn of [1, -1]) { const pts: Probe[] = []; let started = false; let miss = 0; for (let k = 1; k <= 40; k++) { const p = probe(cx + sgn * k * tx, cy + sgn * k * ty, nx, ny); if (p.ok) { started = true; miss = 0; pts.push(p); } else if (!started) { if (k > 8) break; } else if (++miss > 1) break; } sides.push(pts); } if (sides[0].length < 6 || sides[1].length < 6) continue; const all = [...sides[0], ...sides[1]]; const crests = all.map((p) => p.crest); if (Math.max(...crests) - Math.min(...crests) > 1) continue; const med = (v: number[]) => v.slice().sort((a, b) => a - b)[v.length >> 1]; const fa = med(all.map((p) => p.floorA)); const fb = med(all.map((p) => p.floorB)); if (Math.abs(fa - fb) > 1) continue; const th = all.map((p) => p.thick); if (Math.max(...th) - Math.min(...th) > 3) conti
src/core/analysis/ridge.ts	108	iteration	for (const sgn of [1, -1]) { const pts: Probe[] = []; let started = false; let miss = 0; for (let k = 1; k <= 40; k++) { const p = probe(cx + sgn * k * tx, cy + sgn * k * ty, nx, ny); if (p.ok) { started = true; miss = 0; pts.push(p); } else if (!started) { if (k > 8) break; } else if (++miss > 1) break; } sides.push(pts); }
src/core/analysis/ridge.ts	128	sort	v.slice().sort((a, b) => a - b)
src/core/analysis/sources.ts	30	new Set	new Set(["WaterSource", "BadwaterSource"])
src/core/analysis/sources.ts	57	iteration	for (const [lx, ly] of rule.tiles) { const [x, y] = objectTile(o, lx, ly); if (x >= 0 && x < W && y >= 0 && y < H) cells.push(y * W + x); }
src/core/analysis/sources.ts	81	iteration	for (const c of u.cells) if (owner[c] < 0) owner[c] = k;
src/core/analysis/sources.ts	84	iteration	for (const c of u.cells) { const x = c % W; const y = (c - x) / W; for (let dy = -1; dy <= 1; dy++) for (let dx = -1; dx <= 1; dx++) { const xx = x + dx; const yy = y + dy; if (xx < 0 || yy < 0 || xx >= W || yy >= H) continue; const o = owner[yy * W + xx]; if (o < 0) continue; const ra = find(o); const rb = find(k); if (ra !== rb) parent[Math.max(ra, rb)] = Math.min(ra, rb); } }
src/core/analysis/sources.ts	100	new Map	new Map<number, number[]>()
src/core/analysis/sources.ts	115	iteration	for (const u of units) for (const c of u.cells) emitting[c] = 1;
src/core/analysis/sources.ts	115	iteration	for (const c of u.cells) emitting[c] = 1;
src/core/analysis/sources.ts	148	iteration	for (const k of g) for (const c of units[k].cells) if (!seen[c]) { seen[c] = 1; queue.push(c); }
src/core/analysis/sources.ts	149	iteration	for (const c of units[k].cells) if (!seen[c]) { seen[c] = 1; queue.push(c); }
src/core/analysis/sources.ts	178	iteration	for (const k of groups[b]) { if (!units[k].source) continue; const c = units[k].cells[0]; inFlow.push([units[k].object, [c % W, (c - (c % W)) / W]]); }
src/core/analysis/sources.ts	184	sort	inFlow.sort((p, q) => p[0] - q[0])
src/core/analysis/startPlanting.ts	65	iteration	for (const f of features) { const grove = f.kind === "forest" && f.role?.startsWith("forest/start/"); const patch = f.kind === "berryPatch" && f.role?.startsWith("berryPatch/start/"); if (!grove && !patch) continue; if (grove) groves++; else patches++; const kind = f.role!.split("/")[2]; if (kind && !/^\d+$/.test(kind)) kinds.push(kind); const tiles = runsToTiles((f.params as { area: [number, number, number][] }).area, W); if (f.kind === "forest") for (const sp of Object.keys(f.params.speciesMix ?? {})) species[sp] = (species[sp] ?? 0) + tiles.length; for (const i of tiles) { const x = i % W; const y = (i - x) / W; const dx = x - start.x; const dy = y - start.y; const r = Math.sqrt(dx * dx + dy * dy); plants++; dist += r; if (r < nearest) nearest = r; if (r > 0) { sx += dx / r; sy += dy / r; } if (r < YARD_RADIUS) yard++; if (r <= RING_RADIUS) { inner++; byOctant[(Math.round(Math.atan2(d
src/core/analysis/startPlanting.ts	74	iteration	for (const sp of Object.keys(f.params.speciesMix ?? {})) species[sp] = (species[sp] ?? 0) + tiles.length;
src/core/analysis/startPlanting.ts	74	object iteration	Object.keys(f.params.speciesMix ?? {})
src/core/analysis/startPlanting.ts	75	iteration	for (const i of tiles) { const x = i % W; const y = (i - x) / W; const dx = x - start.x; const dy = y - start.y; const r = Math.sqrt(dx * dx + dy * dy); plants++; dist += r; if (r < nearest) nearest = r; if (r > 0) { sx += dx / r; sy += dy / r; } if (r < YARD_RADIUS) yard++; if (r <= RING_RADIUS) { inner++; byOctant[(Math.round(Math.atan2(dy, dx) / (Math.PI / 4)) + 8) % 8]++; } }
src/core/analysis/startPlanting.ts	80	approximate Math.sqrt	Math.sqrt(dx * dx + dy * dy)
src/core/analysis/startPlanting.ts	91	approximate Math.atan2	Math.atan2(dy, dx)
src/core/analysis/startPlanting.ts	104	approximate Math.sqrt	Math.sqrt(sx * sx + sy * sy)
src/core/analysis/storage.ts	34	iteration	for (const j of nb) { if (j < 0 || body[j] || !(depth[j] > 0.001)) continue; body[j] = 1; q.push(j); }
src/core/analysis/storage.ts	41	iteration	for (const e of emitters) { if (e.contamination > 0 || !(e.strength > 0)) continue; if (e.cells.some((c) => body[c])) running += e.strength; }
src/core/analysis/storage.ts	61	new Set	new Set<string>()
src/core/analysis/storage.ts	62	iteration	for (const s0 of seeds) { for (let crest = 1; crest <= 3; crest++) { const lambda = h[s0] + crest; if (lambda > start.z) break; stamp++; if (R[s0] >= 0 && tried.has(`${R[s0]}:${lambda}`)) continue; const q = [s0]; R[s0] = stamp; let cut = 0; let perim = 0; let vol = 0; for (let k = 0; k < q.length; k++) { const i = q[k]; const x = i % W; const y = (i - x) / W; const sfc = h[i] + D[i]; if (lambda > sfc) vol += lambda - sfc; for (const [dx, dy] of [[1, 0], [-1, 0], [0, 1], [0, -1]] as const) { const xx = x + dx; const yy = y + dy; if (xx < 0 || yy < 0 || xx >= W || yy >= H) continue; const j = yy * W + xx; if (R[j] === stamp) continue; if (h[j] >= lambda) { perim++; continue; } if (!inBox(xx, yy)) { cut++; perim++; continue; } R[j] = stamp; q.push(j); } } tried.add(`${stamp}:${lambda}`); if (cut <= 0.25 * perim && vol > best) best = vol; if (best >= enough) return best; } }
src/core/analysis/storage.ts	79	iteration	for (const [dx, dy] of [[1, 0], [-1, 0], [0, 1], [0, -1]] as const) { const xx = x + dx; const yy = y + dy; if (xx < 0 || yy < 0 || xx >= W || yy >= H) continue; const j = yy * W + xx; if (R[j] === stamp) continue; if (h[j] >= lambda) { perim++; continue; } if (!inBox(xx, yy)) { cut++; perim++; continue; } R[j] = stamp; q.push(j); }
src/core/analysis/straight.ts	88	new Map	new Map<number, number[]>()
src/core/analysis/straight.ts	112	new Set	new Set<number>()
src/core/analysis/straight.ts	113	iteration	for (const [, b] of edges) hasIn.add(b);
src/core/analysis/straight.ts	132	iteration	for (const e of next) { if (used[e]) continue; const [cx, cy] = corner(edges[e][1]); const turn = (bx - ax) * (cy - by) - (by - ay) * (cx - bx); // +1 left, 0 straight, -1 right if (turn > bestTurn) { bestTurn = turn; best = e; } }
src/core/analysis/straight.ts	170	approximate Math.sqrt	Math.sqrt(d2)
src/core/analysis/straight.ts	180	approximate Math.sqrt	Math.sqrt(1 - sa * sa)
src/core/analysis/straight.ts	213	iteration	for (const pts of chains) { let lastEnd = -1; for (let i = 0; i + 1 < pts.length; i++) { const e = runEnd(pts, i, tau, 512); const len = e - i; if (len > 0 && (!longest || len > longest.length)) longest = { length: len, from: pts[i], to: pts[e] }; // maximal runs: one that ends further than the last kept one if (len >= minRun && e > lastEnd) { runs.push({ length: len, from: pts[i], to: pts[e] }); lastEnd = e; } } }
src/core/analysis/straight.ts	253	approximate Math.sqrt	Math.sqrt(dx * dx + dy * dy)
src/core/analysis/vertical.ts	29	iteration	for (const o of objects) { if (o.template !== "Slope") continue; const [dx, dy] = slopeHighSide(o.orientation as Orientation); const hx = o.x + dx; const hy = o.y + dy; if (o.x < 0 || o.y < 0 || o.x >= W || o.y >= H || hx < 0 || hy < 0 || hx >= W || hy >= H) continue; links.push([o.y * W + o.x, hy * W + hx]); }
src/core/analysis/vertical.ts	42	iteration	for (const o of objects) { if (!WALK_BLOCKERS.has(o.template) || !FOOTPRINTS[o.template]) continue; for (const [x, y] of footprintTiles(o.template, o as never)) if (x >= 0 && y >= 0 && x < W && y < H) blocked[y * W + x] = 1; }
src/core/analysis/vertical.ts	44	iteration	for (const [x, y] of footprintTiles(o.template, o as never)) if (x >= 0 && y >= 0 && x < W && y < H) blocked[y * W + x] = 1;
src/core/analysis/vertical.ts	62	iteration	for (const [dx, dy] of [[1, 0], [-1, 0], [0, 1], [0, -1]] as const) { const xx = x + dx; const yy = y + dy; if (xx < 0 || yy < 0 || xx >= W || yy >= H) continue; const j = yy * W + xx; if (!(D[j] >= 0.1)) continue; const d = h[i] + D[i] - (h[j] + D[j]); if (d > best) best = d; }
src/core/analysis/vertical.ts	101	sort	h.slice().sort()
src/core/analysis/vertical.ts	103	new Map	new Map<number, number>()
src/core/analysis/vertical.ts	112	iteration	for (const n of count.values()) if (n >= 0.01 * N) levels++;
src/core/analysis/vertical.ts	134	reduce	falls.reduce((m, f) => Math.max(m, f.drop), 0)
src/core/analysis/walk.ts	35	iteration	for (const [a, b] of links) { count[a + 1]++; count[b + 1]++; }
src/core/analysis/walk.ts	42	iteration	for (const [a, b] of links) { adj[fill[a]++] = b; adj[fill[b]++] = a; }
src/core/analysis/walk.ts	63	iteration	for (const [dx, dy] of DIRS) { const xx = x + dx; const yy = y + dy; if (xx < 0 || yy < 0 || xx >= W || yy >= H) continue; const n = yy * W + xx; if (!free(n, lv)) continue; if (dx && dy && !(free(y * W + xx, lv) && free(yy * W + x, lv))) continue; const nd = k + (dx && dy ? S2 : 1); if (nd < d[n] && nd <= limit) { d[n] = nd; heap.push(nd, n); } }
src/core/analysis/walk.ts	212	iteration	for (const e of emitters) if (e.strength > 0) for (const c of e.cells) if (c >= 0 && c < N && body[c] >= 0) counts[body[c]] = 1;
src/core/analysis/walk.ts	212	iteration	for (const c of e.cells) if (c >= 0 && c < N && body[c] >= 0) counts[body[c]] = 1;
src/core/analysis/wood.ts	24	object iteration	Object.keys(v)
src/core/analysis/wood.ts	71	sort	WOOD_SPECIES.filter((s) => by[s] > 0).sort((a, b) => by[b] - by[a])
src/core/doc/bake.ts	23	new Set	new Set(drawn.map((f) => f.id))
src/core/doc/bake.ts	26	new Map	new Map<number, number[]>()
src/core/doc/bake.ts	34	iteration	for (const [level, tiles] of [...byLevel].sort((a, b) => a[0] - b[0])) ops.push({ op: "sculpt", params: { mode: "flatten", cells: tilesToRuns(tiles, W), level } } as EditOp);
src/core/doc/bake.ts	34	sort	[...byLevel].sort((a, b) => a[0] - b[0])
src/core/doc/base.ts	64	new Map	new Map<number, Uint8Array>()
src/core/doc/base.ts	95	iteration	for (const [i, col] of t.columns) runs.push([i, runsOfColumn(col)]);
src/core/doc/base.ts	96	sort	runs.sort((a, b) => a[0] - b[0])
src/core/doc/base.ts	115	new Map	new Map<number, Uint8Array>()
src/core/doc/base.ts	116	iteration	for (const [i, r] of base.runs) columns.set(i, columnOfRuns(r, LAYERS));
src/core/doc/base.ts	123	iteration	for (const [i, text] of columns) { const col = new Uint8Array(LAYERS); for (let z = 0; z < LAYERS; z++) col[z] = text.charCodeAt(z) === 49 ? 1 : 0; out.push([i, runsOfColumn(col)]); }
src/core/doc/base.ts	128	sort	out.sort((a, b) => a[0] - b[0])
src/core/doc/describeTile.ts	101	number formatting	(h * SCRAP_PER_LEVEL).toLocaleString("en-GB")
src/core/doc/describeTile.ts	131	number formatting	d.toFixed(2)
src/core/doc/describeTile.ts	131	number formatting	d.toFixed(1)
src/core/doc/describeTile.ts	176	new Map	new Map<number, TileObject[]>()
src/core/doc/describeTile.ts	177	iteration	for (const e of b.entities) { if (e.raw && !placementOf(e.raw)) continue; const o = objectOf(e); for (const [tx, ty] of entityTiles(e)) { if (tx < 0 || ty < 0 || tx >= W || ty >= H) continue; const i = ty * W + tx; const list = at.get(i); if (list) list.push(o); else at.set(i, [o]); } }
src/core/doc/describeTile.ts	180	iteration	for (const [tx, ty] of entityTiles(e)) { if (tx < 0 || ty < 0 || tx >= W || ty >= H) continue; const i = ty * W + tx; const list = at.get(i); if (list) list.push(o); else at.set(i, [o]); }
src/core/doc/document.ts	219	iteration	for (const list of [raw.baseFeatures, raw.features]) { if (!Array.isArray(list)) continue; for (const f of list) if (f && typeof f === "object" && (f as { origin?: string }).origin === "stamp") { (f as { origin?: string }).origin = "user"; stamped = true; } }
src/core/doc/document.ts	221	iteration	for (const f of list) if (f && typeof f === "object" && (f as { origin?: string }).origin === "stamp") { (f as { origin?: string }).origin = "user"; stamped = true; }
src/core/doc/document.ts	294	reduce	doc.edits.reduce((m, e) => Math.max(m, e.seq), 0)
src/core/doc/inArea.ts	28	new Set	new Set<number>()
src/core/doc/inArea.ts	29	iteration	for (const i of tiles) if (i >= 0 && i < W * H) inside.add(i);
src/core/doc/inArea.ts	30	new Set	new Set<number>()
src/core/doc/inArea.ts	31	iteration	for (const i of inside) if (b.water[i] > 0) want.add(i);
src/core/doc/inArea.ts	35	iteration	for (const i of want) water[i] = 0;
src/core/doc/inArea.ts	38	iteration	for (const f of resourceOrder(s.features)) { if (!isResource(f)) continue; const now = cache.resources.get(f.id)?.placed; const ground: ResourceGround = { W, seed: b.seed, heights: b.heights, water, moisture: b.moisture, soilContamination: b.soilContamination, occupied: occupied.slice(), channel: b.channel, locked: null }; const dry = rasterizeResource(f, ground); const here = new Set(now?.entities.map((e) => e.id) ?? []); for (const e of dry.entities) { const i = e.y * W + e.x; if (want.has(i) && !here.has(e.id)) out.push({ feature: f.id, template: e.template, tile: i }); } // (the next feature takes its tiles after this one's, as the build has them) if (now) for (const i of now.tiles) occupied[i] = 1; }
src/core/doc/inArea.ts	43	new Set	new Set(now?.entities.map((e) => e.id) ?? [])
src/core/doc/inArea.ts	44	iteration	for (const e of dry.entities) { const i = e.y * W + e.x; if (want.has(i) && !here.has(e.id)) out.push({ feature: f.id, template: e.template, tile: i }); }
src/core/doc/inArea.ts	49	iteration	for (const i of now.tiles) occupied[i] = 1;
src/core/doc/inArea.ts	58	new Set	new Set<number>()
src/core/doc/inArea.ts	59	iteration	for (const i of tiles) if (i >= 0 && i < W * H) want.add(i);
src/core/doc/inArea.ts	63	iteration	for (const e of s.built.entities) { if (e.raw && !placementOf(e.raw)) continue; if (!entityTiles(e).some(([tx, ty]) => tx >= 0 && ty >= 0 && tx < W && ty < H && want.has(ty * W + tx))) continue; counts[e.template] = (counts[e.template] ?? 0) + 1; }
src/core/doc/inArea.ts	68	iteration	for (const o of submergedIn(s, want)) { counts[o.template] = (counts[o.template] ?? 0) + 1; submerged[o.template] = (submerged[o.template] ?? 0) + 1; }
src/core/doc/inArea.ts	80	new Set	new Set<number>()
src/core/doc/inArea.ts	81	iteration	for (const i of tiles) if (i >= 0 && i < W * H) inside.add(i);
src/core/doc/inArea.ts	82	new Map	new Map<string, number[]>()
src/core/doc/inArea.ts	83	iteration	for (const f of s.features) { if (f.kind !== "ruinField") continue; const here = runsToTiles(f.params.area, W).filter((i) => inside.has(i)); if (here.length) out.set(f.id, here); }
src/core/doc/ops.ts	138	iteration	for (const k of ["outflowTo", "outletTo", "lake"]) { const to = f.params.plan[k]; if (typeof to === "string" && to !== "edge" && to !== r) out.push(to); }
src/core/doc/ops.ts	145	iteration	for (const s of f.params.bedProfile.steps) if (s.setPiece) out.push(s.setPiece);
src/core/doc/ops.ts	289	iteration	for (const m of op.params.moved ?? []) out.push({ op: "moveEntity", params: { id: m.id, x: m.x, y: m.y, quiet: true }, seq, origin });
src/core/doc/ops.ts	290	iteration	for (const f of op.params.felled ?? []) out.push({ op: "setEntityProps", params: { id: f.id, components: { LivingNaturalResource: { IsDead: true } }, quiet: true }, seq, origin });
src/core/doc/ops.ts	293	iteration	for (const s of [...(p.source ? [p.source] : []), ...(("sources" in p ? p.sources : undefined) ?? [])]) out.push({ op: "placeEntity", params: { id: s.id, template: "WaterSource", x: s.x, y: s.y, orientation: "Cw0", components: { WaterSource: { SpecifiedStrength: s.strength, CurrentStrength: s.strength } } }, seq, origin });
src/core/doc/ops.ts	364	iteration	for (const op of log) { const copy = clone(op) as AppliedOp; applyOp(state, copy); out.push(copy); }
src/core/doc/ops.ts	399	new Set	new Set([ "Pine", "Birch", "Oak", "Succulent", "BlueberryBush", "Blockage", "GeothermalField", "LargeRelic", "MediumRelic", "SmallRelic", "NaturalDam", "NaturalOverhang2x1", "NaturalOverhang3x1", "NaturalOverhang4x1", "Slope", "Thorns", "UnstableCore", "RuinColumnH1", "RuinColumnH2", "RuinColumnH3", "RuinColumnH4", "RuinColumnH5", "RuinColumnH6", "RuinColumnH7", "RuinColumnH8", "UndergroundRuins", "BadwaterSource", "WaterSource", "WaterSeep", "BadwaterSeep", ])
src/core/doc/ops.ts	417	iteration	for (const [y, x0, x1] of runs) { if (y < 0 || y >= H || x0 < 0 || x1 >= W || x0 > x1) return [`${what}: the run [${y}, ${x0}, ${x1}] is outside the ${W}×${H} map`]; n += x1 - x0 + 1; }
src/core/doc/ops.ts	467	iteration	for (const s of rp.bedProfile.steps) bed -= s.drop;
src/core/doc/ops.ts	541	iteration	for (const [y, x0, x1] of p.cells) for (let x = x0; x <= x1; x++) { if (ctx.lockedColumns.has(y * W + x)) return [`(${x}, ${y}) has a cave or overhang, which the sculpt tools leave as it is`]; }
src/core/doc/ops.ts	553	iteration	for (const i of p.tiles) if (ctx.lockedColumns.has(i)) return [`(${i % W}, ${Math.floor(i / W)}) has a cave or overhang, which a carve leaves as it is`];
src/core/doc/ops.ts	555	iteration	for (const id of p.removed) if (!ctx.entityIds.has(id)) return [`entity ${id} does not exist`];
src/core/doc/ops.ts	556	iteration	for (const id of p.removed) if (!GUID.test(id)) return [`${id} is not a lowercase GUID`];
src/core/doc/ops.ts	557	iteration	for (const src of [...(p.source ? [p.source] : []), ...(p.sources ?? [])]) { if (!GUID.test(src.id)) return [`${src.id} is not a lowercase GUID`]; if (ctx.entityIds.has(src.id) || state.entityEdits.some((e) => e.op === "placeEntity" && e.params.id === src.id)) return [`an entity with the Id ${src.id} already exists`]; }
src/core/doc/ops.ts	568	iteration	for (const i of p.tiles) if (ctx.lockedColumns.has(i)) return [`(${i % W}, ${Math.floor(i / W)}) has a cave or overhang, which a force leaves as it is`];
src/core/doc/ops.ts	572	iteration	for (const id of p.removed) if (!ctx.entityIds.has(id)) return [`entity ${id} does not exist`];
src/core/doc/ops.ts	573	iteration	for (const m of p.moved ?? []) if (!ctx.entityIds.has(m.id)) return [`entity ${m.id} does not exist`];
src/core/doc/ops.ts	574	iteration	for (const f of p.felled ?? []) if (!ctx.entityIds.has(f.id)) return [`entity ${f.id} does not exist`];
src/core/doc/ops.ts	576	iteration	for (const id of [...p.removed, ...(p.moved ?? []).map((m) => m.id), ...(p.felled ?? []).map((f) => f.id)]) if (!GUID.test(id)) return [`${id} is not a lowercase GUID`];
src/core/doc/ops.ts	577	iteration	for (const src of [...(p.source ? [p.source] : []), ...(p.sources ?? [])]) { if (!GUID.test(src.id)) return [`${src.id} is not a lowercase GUID`]; if (ctx.entityIds.has(src.id) || state.entityEdits.some((e) => e.op === "placeEntity" && e.params.id === src.id)) return [`an entity with the Id ${src.id} already exists`]; }
src/core/doc/placing.ts	35	new Set	new Set(s.features.filter((f) => f.kind === "forest" || f.kind === "berryPatch" || f.kind === "ruinField").map((f) => f.id))
src/core/doc/placing.ts	57	iteration	for (const e of b.entities) { if (skip.has(e.owner)) continue; for (const [x, y] of entityTiles(e)) if (x >= 0 && y >= 0 && x < W && y < H) occupied[y * W + x] = 1; }
src/core/doc/placing.ts	59	iteration	for (const [x, y] of entityTiles(e)) if (x >= 0 && y >= 0 && x < W && y < H) occupied[y * W + x] = 1;
src/core/doc/placing.ts	62	iteration	for (const f of s.features) { if (f.kind !== "setPiece" || f.id === exclude) continue; for (const i of BUILDERS[f.params.kind]?.clears?.(f, W, H, s.features) ?? []) occupied[i] = 1; }
src/core/doc/placing.ts	64	iteration	for (const i of BUILDERS[f.params.kind]?.clears?.(f, W, H, s.features) ?? []) occupied[i] = 1;
src/core/doc/placing.ts	131	new Map	new Map<string, number>()
src/core/doc/placing.ts	132	iteration	for (const i of tiles) { const p = fitProblems(req.kind, [[i % W, Math.floor(i / W)]], g); if (!p.length) fits.push(i); else for (const w of p) why.set(w, (why.get(w) ?? 0) + 1); }
src/core/doc/placing.ts	135	iteration	for (const w of p) why.set(w, (why.get(w) ?? 0) + 1);
src/core/doc/placing.ts	160	iteration	for (const [x, y] of tiles) d = Math.min(d, Math.sqrt((x - ctx.start.x) * (x - ctx.start.x) + (y - ctx.start.y) * (y - ctx.start.y)));
src/core/doc/placing.ts	160	approximate Math.sqrt	Math.sqrt((x - ctx.start.x) * (x - ctx.start.x) + (y - ctx.start.y) * (y - ctx.start.y))
src/core/doc/placing.ts	228	new Map	new Map(s.features.map((f) => [f.id, f.kind]))
src/core/doc/placing.ts	229	iteration	for (const e of b.entities) { const k = kindOf.get(e.owner); if (k === "berryPatch" || (k === "forest" && req.kind !== "berryPatch") || (k === "ruinField" && req.kind === "ruinField")) for (const [x, y] of entityTiles(e)) if (x >= 0 && y >= 0 && x < W && y < H) occupied[y * W + x] = 1; }
src/core/doc/placing.ts	232	iteration	for (const [x, y] of entityTiles(e)) if (x >= 0 && y >= 0 && x < W && y < H) occupied[y * W + x] = 1;
src/core/doc/placing.ts	237	iteration	for (const e of b.entities) if (e.owner === DERIVED_SLOPES && e.x >= 0 && e.y >= 0 && e.x < W && e.y < H && mask[e.y * W + e.x]) occupied[e.y * W + e.x] = 0;
src/core/doc/placing.ts	245	iteration	for (const i of area) { const x = i % W; const y = (i - x) / W; if (dens < 1 && tileHash01(sPlace, x, y) >= dens) continue; if (water[i] > 0 || g.occupied?.[i] || g.channel?.[i]) { preview.bare.push(i); continue; } const moist = moisture[i] > 0 && !(soil[i] > 0); if (moist) preview.alive.push(i); else if (life === "auto") preview.dead.push(i); else preview.bare.push(i); }
src/core/doc/placing.ts	276	iteration	for (const i of area) { if (water[i] > 0 || g.occupied?.[i] || g.channel?.[i] || g.columns?.has(i)) continue; const x = i % W; const y = (i - x) / W; if (g.start && Math.abs(x - g.start.x) <= g.start.radius && Math.abs(y - g.start.y) <= g.start.radius) continue; allowed[i] = 1; free++; }
src/core/doc/placing.ts	293	iteration	for (const i of area) if (left[i]) cands.push(i);
src/core/doc/placing.ts	300	iteration	for (const i of cands) if (b.heights[i] === level) same[i] = 1;
src/core/doc/placing.ts	313	iteration	for (const i of tiles) { const x = i % W; const y = (i - x) / W; x0 = Math.min(x0, x); y0 = Math.min(y0, y); x1 = Math.max(x1, x); y1 = Math.max(y1, y); }
src/core/doc/placing.ts	329	iteration	for (const i of tiles) { const x = i % W; const y = (i - x) / W; for (let dy = -1; dy <= 1; dy++) for (let dx = -1; dx <= 1; dx++) if (x + dx >= 0 && y + dy >= 0 && x + dx < W && y + dy < H) left[(y + dy) * W + x + dx] = 0; }
src/core/doc/placing.ts	336	reduce	RUIN_HEIGHT_SHARES.reduce((a, v, k) => a + v * (k + 1), 0)
src/core/doc/placing.ts	344	reduce	fields.reduce((a, t) => a + t.length, 0)
src/core/doc/placing.ts	345	number formatting	Math.round(cols * 15 * meanH).toLocaleString("en-US")
src/core/doc/placing.ts	370	new Map	new Map<number, string>()
src/core/doc/placing.ts	371	iteration	for (const e of b.entities) { if (e.id === ignore || skip.has(e.owner)) continue; for (const [tx, ty] of entityTiles(e)) if (tx >= 0 && ty >= 0 && tx < W && ty < H) taken.set(ty * W + tx, e.template); }
src/core/doc/placing.ts	373	iteration	for (const [tx, ty] of entityTiles(e)) if (tx >= 0 && ty >= 0 && tx < W && ty < H) taken.set(ty * W + tx, e.template);
src/core/doc/placing.ts	377	iteration	for (const blk of worldBlocks(fp, { template: p.template, x: p.x, y: p.y, z, orientation: p.orientation, flipped: !!p.flipped })) { if (blk.x < 0 || blk.y < 0 || blk.x >= W || blk.y >= H || blk.z >= 33) return "it does not fit on the map"; const i = blk.y * W + blk.x; if (s.columns.has(i)) return "there is a cave or overhang there"; const top = b.heights[i]; const other = taken.get(i); if (pool) { if (other === "StartingLocation") return "the district center stands there"; continue; } if (!level) { if (blk.z < top) return "the ground under it is not level"; if ((blk.below === "ground" || blk.below === "groundOrStackable") && blk.z > top) return "the ground under it is not level"; } if (other) { if (other === "StartingLocation") return "the district center stands there"; const name = other === "UndergroundRuins" ? "mine site" : other.replace(/([a-z])([A-Z])/g, "$1 $2").toLowerCase(); retu
src/core/doc/placing.ts	409	new Set	new Set<number>(extra.filter((i) => i >= 0 && i < W * H))
src/core/doc/placing.ts	410	iteration	for (const blk of worldBlocks(fp, { template, x: p.x, y: p.y, z: 0, orientation: p.orientation, flipped: !!p.flipped })) if (blk.x >= 0 && blk.y >= 0 && blk.x < W && blk.y < H) tiles.add(blk.y * W + blk.x);
src/core/doc/placing.ts	440	new Set	new Set(tiles)
src/core/doc/placing.ts	454	new Set	new Set([id])
src/core/doc/placing.ts	457	new Set	new Set(tiles)
src/core/doc/placing.ts	479	new Set	new Set()
src/core/doc/placing.ts	485	new Set	new Set<number>()
src/core/doc/placing.ts	486	iteration	for (const blk of worldBlocks(fp, { template, x: p.x, y: p.y, z: 0, orientation: p.orientation, flipped: !!p.flipped })) if (blk.x >= 0 && blk.y >= 0 && blk.x < W && blk.y < H) tiles.add(blk.y * W + blk.x);
src/core/doc/placing.ts	488	iteration	for (const i of extra) if (i >= 0 && i < W * H) tiles.add(i);
src/core/doc/placing.ts	492	iteration	for (const i of list) low = Math.min(low, b.heights[i]);
src/core/doc/placing.ts	497	new Set	new Set<string>()
src/core/doc/placing.ts	498	iteration	for (const e of b.entities) { if (ignore.has(e.id) || skip.has(e.owner) || e.template === "StartingLocation") continue; if (entityTiles(e).some(([tx, ty]) => tiles.has(ty * W + tx))) gone.add(e.id); }
src/core/doc/placing.ts	515	new Map	new Map<number, number>()
src/core/doc/placing.ts	516	iteration	for (const i of list) target.set(i, level);
src/core/doc/placing.ts	520	new Set	new Set<number>()
src/core/doc/placing.ts	521	iteration	for (const e of b.entities) { if (ignore.has(e.id) || skip.has(e.owner)) continue; for (const [tx, ty] of entityTiles(e)) if (tx >= 0 && ty >= 0 && tx < W && ty < H) held.add(ty * W + tx); }
src/core/doc/placing.ts	523	iteration	for (const [tx, ty] of entityTiles(e)) if (tx >= 0 && ty >= 0 && tx < W && ty < H) held.add(ty * W + tx);
src/core/doc/placing.ts	528	iteration	for (const i of list) biggest = Math.max(biggest, Math.abs(h[i] - level));
src/core/doc/placing.ts	529	new Set	new Set<number>(list)
src/core/doc/placing.ts	533	iteration	for (const i of ring) { const x = i % W; const y = (i - x) / W; for (const [dx, dy] of [[1, 0], [-1, 0], [0, 1], [0, -1]]) { const nx = x + dx; const ny = y + dy; if (nx < 0 || ny < 0 || nx >= W || ny >= H) continue; const j = ny * W + nx; if (dist.has(j)) continue; dist.add(j); next.push(j); } }
src/core/doc/placing.ts	536	iteration	for (const [dx, dy] of [[1, 0], [-1, 0], [0, 1], [0, -1]]) { const nx = x + dx; const ny = y + dy; if (nx < 0 || ny < 0 || nx >= W || ny >= H) continue; const j = ny * W + nx; if (dist.has(j)) continue; dist.add(j); next.push(j); }
src/core/doc/placing.ts	546	iteration	for (const j of next) { if (s.columns.has(j) || held.has(j) || water[j] > 0) continue; const hv = h[j]; const want = hv > level ? Math.min(hv, level + d) : Math.max(hv, level - d); const room = biggest - d + 1; let to = want < hv ? Math.max(want, hv - room) : Math.min(want, hv + room); // (never cut below the water beside it: that would let the water flow in) if (to < hv) to = Math.min(hv, Math.max(to, floorBesideWater(h, water, W, H, j))); if (room > 0 && to !== hv && to >= 0 && to <= 32) target.set(j, to); }
src/core/doc/placing.ts	559	new Map	new Map<number, number[]>()
src/core/doc/placing.ts	560	iteration	for (const [i, t] of target) if (h[i] !== t) (byLevel.get(t) ?? byLevel.set(t, []).get(t)!).push(i);
src/core/doc/placing.ts	561	iteration	for (const [lv, ts] of [...byLevel].sort((a, c) => a[0] - c[0])) ops.push({ op: "sculpt", params: { mode: "flatten", cells: tilesToRuns(ts, W), level: lv, exact: true } });
src/core/doc/placing.ts	561	sort	[...byLevel].sort((a, c) => a[0] - c[0])
src/core/doc/placing.ts	583	iteration	for (const [x, y] of groups) { const lv = h[y * W + x]; for (let dy = 0; dy < 3; dy++) for (let dx = 0; dx < 3; dx++) if (h[(y + dy) * W + x + dx] !== lv) return fail("the river's bed at the map edge is not level for badwater sources (3 by 3)"); }
src/core/doc/placing.ts	604	iteration	for (const f of s.features) { if (f.kind !== "lake" || f.params.planned) continue; const w = lakeWater(f, W, H); for (let yy = Math.max(0, y - 4); yy <= Math.min(H - 1, y + 4); yy++) for (let xx = Math.max(0, x - 4); xx <= Math.min(W - 1, x + 4); xx++) { if (!w[yy * W + xx]) continue; const d = (xx - x) * (xx - x) + (yy - y) * (yy - y); if (d < bd) { bd = d; best = f.id; } } }
src/core/doc/placing.ts	633	new Set	new Set(tiles)
src/core/doc/session.ts	117	new Map	new Map<number, BuildResult>()
src/core/doc/session.ts	137	iteration	for (const n of (doc as MapDocument & RetiredNotes).__retiredNotes ?? []) this.notices.push(n);
src/core/doc/session.ts	206	iteration	for (const [k, b] of this.snaps) if (b === before) this.snaps.set(k, this.cur);
src/core/doc/session.ts	305	new Map	new Map()
src/core/doc/session.ts	329	new Set	new Set()
src/core/doc/session.ts	329	new Set	new Set(this.baseStuff().terrain.columns.keys())
src/core/doc/session.ts	349	sort	[...base.columns.keys()].sort((a, b) => a - b)
src/core/doc/session.ts	401	new Map	new Map(this.log.map((o) => [o.seq, o]))
src/core/doc/session.ts	403	iteration	for (const o of this.log) if (o.orphaned) out.push({ seq: o.seq, op: o.op, label: labelOf(o), reason: o.orphaned });
src/core/doc/session.ts	404	iteration	for (const o of this.cur.orphans) { const op = bySeq.get(o.seq); if (op) out.push({ seq: o.seq, op: op.op, label: labelOf(op), reason: o.reason }); }
src/core/doc/session.ts	409	new Set	new Set(this.gen.baseFeatures.map((f) => f.id))
src/core/doc/session.ts	410	iteration	for (const o of this.log) { const target = o.op === "updateFeature" || o.op === "deleteFeature" || o.op === "reorderFeature" ? o.params.id : null; if (target && frozen.has(target) && !o.orphaned) { out.push({ seq: o.seq, op: o.op, label: labelOf(o), reason: `the map keeps what generator ${this.gen.generatorVersion} made as it was saved` }); } }
src/core/doc/session.ts	417	sort	out.sort((a, b) => a.seq - b.seq)
src/core/doc/session.ts	442	new Set	new Set<string>()
src/core/doc/session.ts	443	new Set	new Set<number>()
src/core/doc/session.ts	444	new Set	new Set(this.st.features.filter((f) => f.kind === "start").map((f) => f.id))
src/core/doc/session.ts	446	iteration	for (const e of this.cur.entities) { entityIds.add(e.id); if (e.template === "Slope") slopeTiles.add(e.y * W + e.x); else if (e.template === "StartingLocation" && !starts.has(e.owner)) otherStarts++; }
src/core/doc/session.ts	458	new Set	new Set(this.baseStuff().terrain.columns.keys())
src/core/doc/session.ts	468	new Set	new Set(this.gen.baseFeatures.map((f) => f.id))
src/core/doc/session.ts	489	iteration	for (const op of ops) { const errors = this.check(op); if (errors.length) { for (const a of done.reverse()) { invertOp(this.st, a); this.log.pop(); } if (done.length) this.cur = this.rebuilt(); return { ok: false, errors, applied: [], dirty: null }; } done.push(this.applyChecked(op, origin, label)); // later operations of the group may refer to what earlier ones made this.cur = this.rebuilt(); }
src/core/doc/session.ts	492	iteration	for (const a of done.reverse()) { invertOp(this.st, a); this.log.pop(); }
src/core/doc/session.ts	533	iteration	for (const op of e.ops) { applyOp(this.st, op); this.log.push(op); }
src/core/doc/session.ts	546	iteration	for (const k of [...this.snaps.keys()]) if (k > this.undoStack.length) this.snaps.delete(k);
src/core/doc/session.ts	569	iteration	for (const k of [...this.snaps.keys()]) if (k > this.undoStack.length) this.snaps.delete(k);
src/core/doc/session.ts	576	iteration	for (const k of [...this.snaps.keys()]) if (k >= this.undoStack.length) this.snaps.delete(k);
src/core/doc/session.ts	584	sort	[...this.snaps.keys()].filter((k) => k !== 0).sort((a, b) => a - b)
src/core/doc/session.ts	602	new Set	new Set(this.gen.baseFeatures.map((f) => f.id))
src/core/doc/session.ts	634	new Map	new Map(this.gen.baseFeatures.map((x) => [x.id, x]))
src/core/doc/session.ts	635	new Set	new Set(f.contains)
src/core/doc/session.ts	637	iteration	for (const x of this.st.features) { if (!inField.has(x.id)) continue; const b = base.get(x.id); // (its shape: locking it, renaming it, or a river's water turning bad or its flow changing, // leaves it the field's) if (!b || b.kind !== x.kind || JSON.stringify(shapeOf(b)) !== JSON.stringify(shapeOf(x))) edited.push(x.id); }
src/core/doc/session.ts	716	new Set	new Set(b.terrain.columns.keys())
src/core/doc/session.ts	860	iteration	for (const k in singletons) out[k] = keys.includes(k) ? s[k] : singletons[k];
src/core/doc/session.ts	861	iteration	for (const k of keys) if (!(k in out)) out[k] = s[k];
src/core/doc/session.ts	876	new Set	new Set(except)
src/core/doc/session.ts	880	new Set	new Set(f.contains.filter((id) => !out.has(id)))
src/core/doc/tools.ts	113	sort	c.sort((a, b) => a.d - b.d)
src/core/doc/tools.ts	126	approximate Math.sqrt	Math.sqrt((path[i + 1][0] - path[i][0]) ** 2 + (path[i + 1][1] - path[i][1]) ** 2)
src/core/doc/tools.ts	126	approximate exponentiation	(path[i + 1][0] - path[i][0]) ** 2
src/core/doc/tools.ts	126	approximate exponentiation	(path[i + 1][1] - path[i][1]) ** 2
src/core/doc/tools.ts	136	iteration	for (const p of req.points) { const q: Point = [r2(Math.min(W - 1, Math.max(0, p[0]))), r2(Math.min(H - 1, Math.max(0, p[1])))]; if (!pts.length || Math.abs(q[0] - pts[pts.length - 1][0]) + Math.abs(q[1] - pts[pts.length - 1][1]) >= 1) pts.push(q); }
src/core/doc/tools.ts	168	iteration	for (const f of ctx.features) { if (f.id === id) continue; if (f.kind === "river" && ctx.channel?.[tile] && nearPath(f.params.path, lastP[0], lastP[1]) < f.params.width / 2 + 1) { exit = { river: f.id }; break; } }
src/core/doc/tools.ts	176	iteration	for (const f of ctx.features) { if (f.id === id || f.kind !== "lake") continue; if (polygonMask(f.params.outline, W, H)[tile]) { exit = { lake: f.id }; break; } }
src/core/doc/tools.ts	198	approximate Math.sqrt	Math.sqrt((ux * ux + uy * uy) * (vx * vx + vy * vy))
src/core/doc/tools.ts	229	new Set	new Set<string>()
src/core/doc/tools.ts	240	approximate exponentiation	(x - p[0]) ** 2
src/core/doc/tools.ts	240	approximate exponentiation	(y - p[1]) ** 2
src/core/doc/tools.ts	243	iteration	for (const f of ctx.features) if (f.kind === "river" && f.id !== id && f.id !== exitRiver && !crossed.has(f.id) && nearPath(f.params.path, x, y) < f.params.width / 2 + 0.5) crossed.add(f.id);
src/core/doc/tools.ts	265	iteration	for (const f of ctx.features) if (f.kind === "river" && crossed.has(f.id)) taken += f.params.flow;
src/core/doc/tools.ts	294	approximate exponentiation	(x - ex) ** 2
src/core/doc/tools.ts	294	approximate exponentiation	(y - ey) ** 2
src/core/doc/tools.ts	300	iteration	for (const i of endTiles) if (ctx.channel?.[i] && nearPath(target.params.path, i % W, Math.floor(i / W)) < target.params.width / 2 + 0.5) tb = Math.min(tb, ctx.heights[i]);
src/core/doc/tools.ts	309	reduce	others.reduce((a, f) => a + f.params.flow, 0)
src/core/doc/tools.ts	361	object iteration	Object.keys(FLOW_PRESETS)
src/core/doc/tools.ts	374	approximate Math.sqrt	Math.sqrt(dx * dx + dy * dy)
src/core/doc/tools.ts	402	approximate Math.sqrt	Math.sqrt(best)
src/core/doc/tools.ts	430	iteration	for (const i of tiles) { const x = i % W; const y = (i - x) / W; if (x < 3 || y < 3 || x > W - 4 || y > H - 4) return fail("keep the lake at least 3 tiles from the map edge: edges drain"); if (ctx.channel?.[i]) return fail("the lake would cover a river: draw the river into the lake instead"); if (ctx.locked?.[i]) return fail("the lake would cover a locked area"); }
src/core/doc/tools.ts	437	iteration	for (const i of tiles) { const x = i % W; const y = (i - x) / W; for (let dy = -2; dy <= 2; dy++) for (let dx = -2; dx <= 2; dx++) { const n = (y + dy) * W + (x + dx); if (!mask[n] && !inRim[n]) { inRim[n] = 1; rim.push(n); } } }
src/core/doc/tools.ts	449	iteration	for (const i of [...tiles, ...rim]) { const x = i % W; const y = (i - x) / W; if (ctx.start && Math.abs(x - ctx.start.x) <= ctx.start.radius && Math.abs(y - ctx.start.y) <= ctx.start.radius) return fail("the lake would cover the start's area: draw it farther from the start"); }
src/core/doc/tools.ts	456	iteration	for (const i of rim) if (!ctx.channel?.[i]) low = Math.min(low, ctx.heights[i]);
src/core/doc/tools.ts	584	iteration	for (const [nx, ny] of [[x - 1, y], [x + 1, y], [x, y - 1], [x, y + 1]]) { const n = nx >= 0 && ny >= 0 && nx < W && ny < H ? level(ny * W + nx) : p.base!; near = lowers ? Math.min(near, n) : Math.max(near, n); }
src/core/doc/tools.ts	614	sort	steps.sort((a, b) => a.at - b.at)
src/core/doc/tools.ts	626	new Set	new Set([ "UndergroundRuins", "SmallRelic", "MediumRelic", "LargeRelic", "GeothermalField", "UnstableCore", "Thorns", "NaturalDam", "Blockage", "NaturalOverhang2x1", "NaturalOverhang3x1", "NaturalOverhang4x1", "ReservePile", "ReserveTank", "ReserveWarehouse", "AncientAquiferDrill", ])
src/core/doc/tools.ts	643	iteration	for (const op of ops) { if (op.op === "addFeature") { const i = op.params.index; if (i === undefined || i >= feats.length) feats.push(clone(op.params.feature)); else feats.splice(i, 0, clone(op.params.feature)); touched = true; } else if (op.op === "updateFeature") { feats = feats.map((f) => (f.id === op.params.id ? patchFeature(f, op.params.patch) : f)); touched = true; } else if (op.op === "deleteFeature") { feats = feats.filter((f) => f.id !== op.params.id); touched = true; } }
src/core/doc/tools.ts	669	iteration	for (const f of feats) { if (!edited.has(f.id)) continue; if (f.kind === "setPiece") for (const i of BUILDERS[f.params.kind]?.clears?.(f, W, H, feats) ?? BUILDERS[f.params.kind]?.area?.(f, W, H, feats) ?? []) body[i] = 1; else if (f.kind === "lake") polygonMask(f.params.outline, W, H).forEach((v, i) => v && (body[i] = 1)); else if (f.kind === "river") for (let i = 0; i < N; i++) if (after.channel[i]) body[i] = 1; }
src/core/doc/tools.ts	671	iteration	for (const i of BUILDERS[f.params.kind]?.clears?.(f, W, H, feats) ?? BUILDERS[f.params.kind]?.area?.(f, W, H, feats) ?? []) body[i] = 1;
src/core/doc/tools.ts	681	new Set	new Set<string>()
src/core/doc/tools.ts	682	iteration	for (const f of feats) { if (f.kind !== "mapObject") continue; objectIds.add(f.id); if (edited.has(f.id)) continue; const tiles = objectTiles(f, W, H); if (!hit(tiles)) continue; const kind = f.params.kind; const name = OBJECT_NAMES[kind].toLowerCase(); let why = ""; let level = -1; for (const [x, y] of tiles) { if (x < 0 || y < 0 || x >= W || y >= H) continue; const i = y * W + x; if (body[i] && kind !== "weir" && kind !== "plug") why = "the new feature covers its ground"; else if (after.channel[i] && kind !== "weir" && kind !== "plug") why = "a river runs through its ground"; else if (!isLine(kind)) { if (level < 0) level = after.heights[i]; else if (after.heights[i] !== level) why = "its ground is no longer level"; } if (why) break; } if (why) { out.push({ op: "deleteFeature", params: { id: f.id } }); report.push(`clears the ${name}: ${why}`); } else if (tiles.some(([x, y]) => x >= 0
src/core/doc/tools.ts	692	iteration	for (const [x, y] of tiles) { if (x < 0 || y < 0 || x >= W || y >= H) continue; const i = y * W + x; if (body[i] && kind !== "weir" && kind !== "plug") why = "the new feature covers its ground"; else if (after.channel[i] && kind !== "weir" && kind !== "plug") why = "a river runs through its ground"; else if (!isLine(kind)) { if (level < 0) level = after.heights[i]; else if (after.heights[i] !== level) why = "its ground is no longer level"; } if (why) break; }
src/core/doc/tools.ts	713	iteration	for (const e of before.entities) { if ((e.template !== "WaterSource" && e.template !== "BadwaterSource") || edited.has(e.owner)) continue; const tiles = entityTiles(e); if (!hit(tiles)) continue; if (tiles.some(([x, y]) => x < 0 || y < 0 || x >= W || y >= H || after.heights[y * W + x] !== before.heights[y * W + x] || body[y * W + x])) { const what = e.template === "BadwaterSource" ? "a badwater spring" : "a water source"; return { ops: [], report: [], refuse: `it would reshape the ground under ${what} at (${e.x}, ${e.y}): place it farther from it` }; } }
src/core/doc/tools.ts	725	iteration	for (const e of after.entities) { if (!GROUND_OBJECTS.has(e.template) || objectIds.has(e.owner)) continue; const tiles = entityTiles(e); if (!hit(tiles)) continue; if (tiles.some(([x, y]) => x < 0 || y < 0 || x >= W || y >= H || after.heights[y * W + x] !== e.z || body[y * W + x])) gone.push(e.id); }
src/core/doc/tools.ts	732	new Set	new Set(before.entities.map((e) => e.id))
src/core/doc/tools.ts	746	new Set	new Set([edited])
src/core/doc/tools.ts	766	iteration	for (const k of Object.keys(from)) if (!(k in to)) out[k] = null;
src/core/doc/tools.ts	766	object iteration	Object.keys(from)
src/core/doc/tools.ts	767	iteration	for (const k of Object.keys(to)) { if (JSON.stringify(from[k]) === JSON.stringify(to[k])) continue; out[k] = replacePatch(from[k], to[k]); }
src/core/doc/tools.ts	767	object iteration	Object.keys(to)
src/core/doc/tools.ts	931	new Map	new Map<string, number>()
src/core/doc/tools.ts	932	iteration	for (const d of deps) counts.set(plainName(d), (counts.get(plainName(d)) ?? 0) + 1);
src/core/doc/tools.ts	960	new Set	new Set<number>()
src/core/doc/tools.ts	961	iteration	for (const e of b.entities) { if (e.owner === ignoreOwner || e.template === "StartingLocation") continue; if (/^(Pine|Birch|Oak|Succulent|BlueberryBush|RuinColumnH\d)$/.test(e.template) && !e.raw) continue; // resources make room for the start objects.add(e.y * W + e.x); }
src/core/doc/tools.ts	966	iteration	for (const [tx, ty] of tiles) { if (tx < 1 || ty < 1 || tx > W - 2 || ty > H - 2) return "too close to the map edge"; const i = ty * W + tx; if (b.channel[i]) return "in a river"; if (b.water[i] > 0.05) return "under water"; if (flat && b.heights[i] !== level) return "not on level ground"; if (objects.has(i)) return "on an object"; if (pieces?.[i]) return "on a set piece"; }
src/core/doc/tools.ts	982	iteration	for (const f of s.features) { if (f.kind !== "setPiece") continue; const b = BUILDERS[f.params.kind]; for (const i of b?.clears?.(f, W, H, s.features) ?? b?.area?.(f, W, H, s.features) ?? []) out[i] = 1; }
src/core/doc/tools.ts	985	iteration	for (const i of b?.clears?.(f, W, H, s.features) ?? b?.area?.(f, W, H, s.features) ?? []) out[i] = 1;
src/core/doc/tools.ts	1018	sort	ring.sort((a, b2) => (a[0] - fromX) ** 2 + (a[1] - fromY) ** 2 - ((b2[0] - fromX) ** 2 + (b2[1] - fromY) ** 2) || a[1] - b2[1] || a[0] - b2[0])
src/core/doc/tools.ts	1018	approximate exponentiation	(a[0] - fromX) ** 2
src/core/doc/tools.ts	1018	approximate exponentiation	(a[1] - fromY) ** 2
src/core/doc/tools.ts	1018	approximate exponentiation	(b2[0] - fromX) ** 2
src/core/doc/tools.ts	1018	approximate exponentiation	(b2[1] - fromY) ** 2
src/core/doc/tools.ts	1019	iteration	for (const [x, y] of ring) { if (x < 2 || y < 2 || x > W - 3 || y > H - 3) continue; if (feat) { const rr = feat.params.benchRadius; if (x - rr < 1 || y - rr < 1 || x + rr > W - 2 || y + rr > H - 2) continue; // the bench levels the ground: its disc must be dry and clear of rivers and pieces let ok = true; for (let yy = y - 2; yy <= y + 2 && ok; yy++) for (let xx = x - 2; xx <= x + 2 && ok; xx++) if (b.water[yy * W + xx] > 0.05 || b.channel[yy * W + xx]) ok = false; for (let yy = y - rr; yy <= y + rr && ok; yy++) for (let xx = x - rr; xx <= x + rr && ok; xx++) if (pieces[yy * W + xx]) ok = false; if (!ok || startProblem(b, x, y, o, level, feat.id, pieces)) continue; const benchLevel = Math.max(1, b.heights[y * W + x]); return [{ op: "updateFeature", params: { id: feat.id, patch: { params: { position: [x, y], benchLevel, bank: null } } } }]; } if (startProblem(b, x, y, o, true, ent!.owner
src/core/doc/tools.ts	1074	new Set	new Set(force.params.tiles)
src/core/features/build.ts	282	new Map	new Map()
src/core/features/build.ts	293	new Map	new Map(prev.cache.fields)
src/core/features/build.ts	304	new Map	new Map(prev.cache.fields)
src/core/features/build.ts	368	new WeakMap	new WeakMap<object, string>()
src/core/features/build.ts	383	new Map	new Map(prev.terrainFeatures.map((f) => [f.id, f]))
src/core/features/build.ts	395	iteration	for (const g of current) if (g.id !== f.id && dependsOn(g, f.id)) rb.add(footprintOf(g, target));
src/core/features/build.ts	396	iteration	for (const g of prev.terrainFeatures) if (g.id !== f.id && dependsOn(g, f.id)) rb.add(footprintOf(g, oldTarget as unknown as BuildTarget));
src/core/features/build.ts	399	new Set	new Set<string>()
src/core/features/build.ts	401	new Set	new Set(current.map((f) => f.id))
src/core/features/build.ts	405	iteration	for (const f of current) { seen.add(f.id); const old = oldById.get(f.id); if (!old || reordered || prev.keys.get(f.id) !== featureKey(f)) changed(f); }
src/core/features/build.ts	410	iteration	for (const old of prev.terrainFeatures) if (!seen.has(old.id)) changed(old);
src/core/features/build.ts	427	iteration	for (const f of current) { // a set piece read back from the field does not rasterize: it reads nothing further if (f.kind !== "setPiece" || input.field?.contains.has(f.id)) continue; const fp = footprintOf(f, target); if (fp !== "all" && fp && rb.intersects(fp)) grew = rb.add(fp) || grew; }
src/core/features/build.ts	433	iteration	for (const s of sculpts) { if (!sculptReadsNeighbours(s)) continue; const sb = sculptBounds(s, W); const b = sb && clipRect(sb, W, H); if (b && rb.intersects(b)) grew = rb.add(b) || grew; }
src/core/features/build.ts	448	iteration	for (const id of a.contains) if (!b.contains.has(id)) return false;
src/core/features/build.ts	489	iteration	for (const f of input.features) if (f.kind === "landform" && live(f) && !carved(f)) rasterizeLandform(f, t);
src/core/features/build.ts	492	iteration	for (const f of input.features) { if (f.kind !== "setPiece" || !live(f) || carved(f)) continue; const b = BUILDERS[f.params.kind]; if (b) b.rasterize(f, t); else t.note(`set piece ${f.params.kind} (${f.id}) is not built by this version`); }
src/core/features/build.ts	500	iteration	for (const f of input.features) if (f.kind === "lake" && live(f) && !carved(f)) rasterizeLake(f, t);
src/core/features/build.ts	501	iteration	for (const f of input.features) if (f.kind === "river" && live(f)) (carved(f) ? markRiverChannel : rasterizeRiver)(f, t);
src/core/features/build.ts	503	iteration	for (const f of input.features) if (f.kind === "start" && live(f)) rasterizeBench(f, t);
src/core/features/build.ts	506	iteration	for (const s of input.sculpts ?? []) applySculpt(s, t, caves);
src/core/features/build.ts	547	new Map	new Map()
src/core/features/build.ts	572	new Map	new Map<string, number[]>()
src/core/features/build.ts	573	iteration	for (const f of features) { if (f.kind !== "river" || !live(f)) continue; const tiles = mouthTiles(f, target); mouths.set(f.id, tiles); for (const i of tiles) reserved[i] = 1; // a badwater river's sources reach two tiles inland if (f.params.badwater && "edge" in f.params.entry) for (const [x, y] of badwaterMouth(tiles, f.params.entry.edge, W, H, heights).groups) for (let dy = 0; dy < 3; dy++) for (let dx = 0; dx < 3; dx++) reserved[(y + dy) * W + x + dx] = 1; }
src/core/features/build.ts	577	iteration	for (const i of tiles) reserved[i] = 1;
src/core/features/build.ts	580	iteration	for (const [x, y] of badwaterMouth(tiles, f.params.entry.edge, W, H, heights).groups) for (let dy = 0; dy < 3; dy++) for (let dx = 0; dx < 3; dx++) reserved[(y + dy) * W + x + dx] = 1;
src/core/features/build.ts	583	new Map	new Map<string, number[]>()
src/core/features/build.ts	584	iteration	for (const f of features) { if (!live(f)) continue; let tiles: number[] = []; if (f.kind === "river") tiles = springTiles(f, target); else if (f.kind === "lake") { const i = lakeSpringTile(f, W, H); if (i !== null) tiles = [i]; } if (!tiles.length) continue; springs.set(f.id, tiles); for (const i of tiles) reserved[i] = 1; }
src/core/features/build.ts	594	iteration	for (const i of tiles) reserved[i] = 1;
src/core/features/build.ts	599	iteration	for (const f of objectFeatures) for (const [x, y] of objectTiles(f, W, H)) if (x >= 0 && x < W && y >= 0 && y < H) reserved[y * W + x] = 1;
src/core/features/build.ts	599	iteration	for (const [x, y] of objectTiles(f, W, H)) if (x >= 0 && x < W && y >= 0 && y < H) reserved[y * W + x] = 1;
src/core/features/build.ts	602	iteration	for (const f of features) { if (f.kind !== "setPiece" || !live(f)) continue; for (const block of BUILDERS[f.params.kind]?.blocks?.(f) ?? []) { if (block.x < 0 || block.x >= W || block.y < 0 || block.y >= H) continue; pieceBlocks.push({ feature: f, block }); reserved[block.y * W + block.x] = 1; } }
src/core/features/build.ts	604	iteration	for (const block of BUILDERS[f.params.kind]?.blocks?.(f) ?? []) { if (block.x < 0 || block.x >= W || block.y < 0 || block.y >= H) continue; pieceBlocks.push({ feature: f, block }); reserved[block.y * W + block.x] = 1; }
src/core/features/build.ts	611	iteration	for (const f of features) { if (f.kind !== "setPiece" || !live(f)) continue; for (const src of BUILDERS[f.params.kind]?.sources?.(f) ?? []) { pieceSources.push({ feature: f, src }); for (const [dx, dy] of src.tiles) { const x = src.x + dx; const y = src.y + dy; if (x >= 0 && x < W && y >= 0 && y < H) reserved[y * W + x] = 1; } } }
src/core/features/build.ts	613	iteration	for (const src of BUILDERS[f.params.kind]?.sources?.(f) ?? []) { pieceSources.push({ feature: f, src }); for (const [dx, dy] of src.tiles) { const x = src.x + dx; const y = src.y + dy; if (x >= 0 && x < W && y >= 0 && y < H) reserved[y * W + x] = 1; } }
src/core/features/build.ts	615	iteration	for (const [dx, dy] of src.tiles) { const x = src.x + dx; const y = src.y + dy; if (x >= 0 && x < W && y >= 0 && y < H) reserved[y * W + x] = 1; }
src/core/features/build.ts	629	iteration	for (const f of features) { if (f.kind !== "setPiece" || !live(f)) continue; for (const s of BUILDERS[f.params.kind]?.slopes?.(f, heights, W, H, features) ?? []) { const i = s.y * W + s.x; const hi = (s.y + s.high[1]) * W + (s.x + s.high[0]); if (reserved[i]) continue; reserved[i] = 1; links.push([i, hi]); entities.push(slope({ id: entityId(f.id, "Slope", i), owner: f.id, x: s.x, y: s.y, z: heights[i], orientation: orientationForHigh(s.high[0], s.high[1]) })); } }
src/core/features/build.ts	631	iteration	for (const s of BUILDERS[f.params.kind]?.slopes?.(f, heights, W, H, features) ?? []) { const i = s.y * W + s.x; const hi = (s.y + s.high[1]) * W + (s.x + s.high[0]); if (reserved[i]) continue; reserved[i] = 1; links.push([i, hi]); entities.push(slope({ id: entityId(f.id, "Slope", i), owner: f.id, x: s.x, y: s.y, z: heights[i], orientation: orientationForHigh(s.high[0], s.high[1]) })); }
src/core/features/build.ts	642	iteration	for (const sc of input.sculpts ?? []) { const p = sc.params as BrushParams; if (!("dabs" in p) || !p.slopes) continue; for (const [x, y, o] of p.slopes) { if (x < 0 || y < 0 || x >= W || y >= H) continue; const orientation = ORIENTATIONS[o & 3]; const [dx, dy] = slopeHighSide(orientation); const i = y * W + x; const hx = x + dx; const hy = y + dy; const bx = x - dx; const by = y - dy; if (hx < 0 || hy < 0 || hx >= W || hy >= H || bx < 0 || by < 0 || bx >= W || by >= H) continue; const hi = hy * W + hx; if (reserved[i] || heights[hi] !== heights[i] + 1 || heights[by * W + bx] !== heights[i]) continue; reserved[i] = 1; links.push([i, hi]); entities.push(slope({ id: entityId(RIM_SLOPES, "Slope", i), owner: RIM_SLOPES, x, y, z: heights[i], orientation })); } }
src/core/features/build.ts	645	iteration	for (const [x, y, o] of p.slopes) { if (x < 0 || y < 0 || x >= W || y >= H) continue; const orientation = ORIENTATIONS[o & 3]; const [dx, dy] = slopeHighSide(orientation); const i = y * W + x; const hx = x + dx; const hy = y + dy; const bx = x - dx; const by = y - dy; if (hx < 0 || hy < 0 || hx >= W || hy >= H || bx < 0 || by < 0 || bx >= W || by >= H) continue; const hi = hy * W + hx; if (reserved[i] || heights[hi] !== heights[i] + 1 || heights[by * W + bx] !== heights[i]) continue; reserved[i] = 1; links.push([i, hi]); entities.push(slope({ id: entityId(RIM_SLOPES, "Slope", i), owner: RIM_SLOPES, x, y, z: heights[i], orientation })); }
src/core/features/build.ts	663	iteration	for (const e of base.entities) for (const [x, y] of entityTiles(e)) if (x >= 0 && x < W && y >= 0 && y < H) reserved[y * W + x] = 1;
src/core/features/build.ts	663	iteration	for (const [x, y] of entityTiles(e)) if (x >= 0 && x < W && y >= 0 && y < H) reserved[y * W + x] = 1;
src/core/features/build.ts	673	iteration	for (const sc of input.sculpts ?? []) { const p = sc.params as BrushParams; if (!("dabs" in p)) continue; const walk = p.tool === "smooth" && p.walkable; // (a ramped stroke since D270 lays its own slopes, kept in it) const ramp = p.tool === "flatten" && p.edges === "ramped" && !p.slopes; if (!walk && !ramp) continue; targets.mask ??= new Uint8Array(N); walkTargets ??= new Uint8Array(N); const own = new Uint8Array(N); markBrushTiles(p, W, H, own); for (let i = 0; i < N; i++) { if (!own[i]) continue; if (walk) { targets.mask[i] = 1; walkTargets[i] = 1; continue; } const x = i % W; const y = (i - x) / W; for (let yy = Math.max(0, y - 1); yy <= Math.min(H - 1, y + 1); yy++) for (let xx = Math.max(0, x - 1); xx <= Math.min(W - 1, x + 1); xx++) { targets.mask[yy * W + xx] = 1; walkTargets[yy * W + xx] = 1; } } targets.key += `|${walk ? "walk" : "ramp"}:${paramsKey(p)}`; }
src/core/features/build.ts	720	iteration	for (const f of features) { if ((f.kind !== "forest" && f.kind !== "berryPatch" && f.kind !== "ruinField") || f.origin === "generated" || !live(f)) continue; if (slopeOcc === reserved) slopeOcc = reserved.slice(); for (const [y, x0, x1] of f.params.area) if (y >= 0 && y < H) for (let x = Math.max(0, x0); x <= Math.min(W - 1, x1); x++) slopeOcc[y * W + x] = 1; }
src/core/features/build.ts	723	iteration	for (const [y, x0, x1] of f.params.area) if (y >= 0 && y < H) for (let x = Math.max(0, x0); x <= Math.min(W - 1, x1); x++) slopeOcc[y * W + x] = 1;
src/core/features/build.ts	730	iteration	for (const s of slopes) { const i = s.y * W + s.x; entities.push(slope({ id: entityId(DERIVED_SLOPES, "Slope", i), owner: DERIVED_SLOPES, x: s.x, y: s.y, z: s.z, orientation: s.orientation })); }
src/core/features/build.ts	738	iteration	for (const f of features) { if (f.kind !== "river" || !live(f)) continue; const tiles = mouths.get(f.id)!; if (!tiles.length) continue; // a badwater river: BadwaterSources (3×3) along its mouth, and a source at strength 0 on any // mouth tile left over, so the mouth stays sealed (EDITOR_PLAN §4's badwater toggle) const bad = f.params.badwater && "edge" in f.params.entry ? badwaterMouth(tiles, f.params.entry.edge, W, H, heights) : null; if (bad && bad.groups.length) { const each = Math.min(72, Math.round((f.params.flow / bad.groups.length) * 1000) / 1000); for (const [x, y] of bad.groups) { const i = y * W + x; sources.push({ x, y, z: heights[i], strength: each, owner: f.id, template: "BadwaterSource" }); entities.push(waterSource({ id: entityId(f.id, "BadwaterSource", i), owner: f.id, x, y, z: heights[i], strength: each, bad: true })); } for (const i of bad.seals) { const x = i % W; con
src/core/features/build.ts	747	iteration	for (const [x, y] of bad.groups) { const i = y * W + x; sources.push({ x, y, z: heights[i], strength: each, owner: f.id, template: "BadwaterSource" }); entities.push(waterSource({ id: entityId(f.id, "BadwaterSource", i), owner: f.id, x, y, z: heights[i], strength: each, bad: true })); }
src/core/features/build.ts	752	iteration	for (const i of bad.seals) { const x = i % W; const y = (i - x) / W; sources.push({ x, y, z: heights[i], strength: 0, owner: f.id, template: "WaterSource" }); entities.push(waterSource({ id: entityId(f.id, "WaterSource", i), owner: f.id, x, y, z: heights[i], strength: 0 })); }
src/core/features/build.ts	761	iteration	for (const i of tiles) { const x = i % W; const y = (i - x) / W; sources.push({ x, y, z: heights[i], strength: each, owner: f.id, template: "WaterSource" }); entities.push(waterSource({ id: entityId(f.id, "WaterSource", i), owner: f.id, x, y, z: heights[i], strength: each })); }
src/core/features/build.ts	769	iteration	for (const f of features) { const tiles = springs.get(f.id); if (!tiles || (f.kind !== "river" && f.kind !== "lake")) continue; const flow = f.kind === "river" ? f.params.flow : "spring" in f.params.inflow ? f.params.inflow.spring : 0; const each = Math.min(8, Math.round((flow / tiles.length) * 1000) / 1000); for (const i of tiles) { const x = i % W; const y = (i - x) / W; sources.push({ x, y, z: heights[i], strength: each, owner: f.id, template: "WaterSource" }); entities.push(waterSource({ id: entityId(f.id, "WaterSource", i), owner: f.id, x, y, z: heights[i], strength: each })); } }
src/core/features/build.ts	774	iteration	for (const i of tiles) { const x = i % W; const y = (i - x) / W; sources.push({ x, y, z: heights[i], strength: each, owner: f.id, template: "WaterSource" }); entities.push(waterSource({ id: entityId(f.id, "WaterSource", i), owner: f.id, x, y, z: heights[i], strength: each })); }
src/core/features/build.ts	782	iteration	for (const { feature, src } of pieceSources) { if (src.x < 0 || src.x >= W || src.y < 0 || src.y >= H) continue; const i = src.y * W + src.x; const bad = src.template === "BadwaterSource"; sources.push({ x: src.x, y: src.y, z: heights[i], strength: src.strength, owner: feature.id, template: src.template }); entities.push(waterSource({ id: entityId(feature.id, src.template, i), owner: feature.id, x: src.x, y: src.y, z: heights[i], strength: src.strength, bad })); }
src/core/features/build.ts	791	iteration	for (const f of objectFeatures) entities.push(...rasterizeObjects(f, W, H, heights, input.locked?.mask ?? null));
src/core/features/build.ts	792	iteration	for (const { feature, block: b } of pieceBlocks) { const i = b.y * W + b.x; entities.push(blockObject({ id: entityId(feature.id, b.template, i), owner: feature.id, x: b.x, y: b.y, z: heights[i], template: b.template, orientation: ORIENTATIONS[b.turn & 3], flipped: b.flipped })); }
src/core/features/build.ts	799	iteration	for (const e of base.entities) entities.push(snapToGround(e, base, heights, W));
src/core/features/build.ts	808	iteration	for (const e of entities) for (const [x, y] of entityTiles(e)) if (x >= 0 && x < W && y >= 0 && y < H) occupied[y * W + x] = 1;
src/core/features/build.ts	808	iteration	for (const [x, y] of entityTiles(e)) if (x >= 0 && x < W && y >= 0 && y < H) occupied[y * W + x] = 1;
src/core/features/build.ts	809	iteration	for (const f of features) { if (f.kind !== "setPiece" || !live(f)) continue; for (const i of BUILDERS[f.params.kind]?.clears?.(f, W, H, features) ?? []) occupied[i] = 1; }
src/core/features/build.ts	811	iteration	for (const i of BUILDERS[f.params.kind]?.clears?.(f, W, H, features) ?? []) occupied[i] = 1;
src/core/features/build.ts	815	new Map	new Map(features.map((f) => [f.id, featureKey(f)]))
src/core/features/build.ts	833	new Map	new Map()
src/core/features/build.ts	859	iteration	for (const s of input.sculpts ?? []) if (isForce(s.params) && s.params.lake) retained.push(s.params.lake);
src/core/features/build.ts	933	new Map	new Map<string, ResourceEntry>()
src/core/features/build.ts	937	new Set	new Set(order)
src/core/features/build.ts	956	iteration	for (const [id, e] of prev!.resources) if (!orderSet.has(id)) for (const i of e.placed.tiles) changedTiles[i] = 1;
src/core/features/build.ts	956	iteration	for (const i of e.placed.tiles) changedTiles[i] = 1;
src/core/features/build.ts	959	iteration	for (const f of resourceFeatures) { const key = featureKey(f); const old = reusable ? prev!.resources.get(f.id) : undefined; let placed: Placed; if (old && old.key === key && !touches(f.params.area, W, changedTiles!)) { placed = old.placed; for (const i of placed.tiles) occupied[i] = 1; } else { placed = rasterizeResource(f, g); if (changedTiles && old) markDifference(old.placed.tiles, placed.tiles, changedTiles); else if (changedTiles) for (const i of placed.tiles) changedTiles[i] = 1; } resources.set(f.id, { key, placed }); resourceEntities.push(...placed.entities); }
src/core/features/build.ts	965	iteration	for (const i of placed.tiles) occupied[i] = 1;
src/core/features/build.ts	969	iteration	for (const i of placed.tiles) changedTiles[i] = 1;
src/core/features/build.ts	987	sort	orphans.sort((a, b) => a.seq - b.seq)
src/core/features/build.ts	1006	iteration	for (const f of features) { // a second district's site joins the start's network wherever it is (PLAN §7.5, §9.8) if (f.kind === "setPiece" && f.params.kind === "secondDistrict") { const p = f.params.plan as unknown as DistrictPlan; mask ??= new Uint8Array(t.W * t.H); if (p.x >= 0 && p.y >= 0 && p.x < t.W && p.y < t.H) mask[p.y * t.W + p.x] = 1; keys.push(f.id); continue; } if (f.kind !== "landform" || !f.params.outline || f.params.height === undefined || !edgeStep(f.params)) continue; const inward = t.inward(f.params.outline); mask ??= new Uint8Array(t.W * t.H); for (let i = 0; i < inward.length; i++) if (inward[i] > 0) mask[i] = 1; keys.push(f.id); }
src/core/features/build.ts	1029	sort	[...tiles].sort((a, b) => a - b)
src/core/features/build.ts	1064	iteration	for (const [x, y] of tiles) { sx += x; sy += y; }
src/core/features/build.ts	1077	iteration	for (const e of base.entities) { if (e.template !== "Slope" || e.x < 0 || e.y < 0 || e.x >= W || e.y >= H) continue; const [dx, dy] = slopeHighSide(e.orientation); const hx = e.x + dx; const hy = e.y + dy; if (hx < 0 || hy < 0 || hx >= W || hy >= H) continue; const i = e.y * W + e.x; if (heights[i] === e.z && heights[hy * W + hx] === e.z + 1) out.push([i, hy * W + hx]); }
src/core/features/build.ts	1102	iteration	for (const [y, x0, x1] of runs) for (let x = x0; x <= x1; x++) if (mask[y * W + x]) return true;
src/core/features/build.ts	1107	new Set	new Set(a)
src/core/features/build.ts	1108	new Set	new Set(b)
src/core/features/build.ts	1109	iteration	for (const i of a) if (!sb.has(i)) mask[i] = 1;
src/core/features/build.ts	1110	iteration	for (const i of b) if (!sa.has(i)) mask[i] = 1;
src/core/features/build.ts	1126	iteration	for (const k of Object.keys(bo)) nb[k] = k === "Coordinates" ? { X: e.x, Y: e.y, Z: now } : bo[k];
src/core/features/build.ts	1126	object iteration	Object.keys(bo)
src/core/features/build.ts	1128	iteration	for (const k of Object.keys(comps!)) nc[k] = k === "BlockObject" ? nb : comps![k];
src/core/features/build.ts	1128	object iteration	Object.keys(comps!)
src/core/features/build.ts	1132	new WeakMap	new WeakMap<BaseLayer, { model: WaterModel; emitters: string }>()
src/core/features/build.ts	1170	new Map	new Map<string, string>()
src/core/features/build.ts	1171	iteration	for (const e of prev.entities) was.set(e.id, `${e.template}|${e.x}|${e.y}|${e.z}|${e.orientation}`);
src/core/features/build.ts	1176	new Set	new Set<string>()
src/core/features/build.ts	1177	iteration	for (const e of next.entities) { seen.add(e.id); const w = was.get(e.id); if (w !== `${e.template}|${e.x}|${e.y}|${e.z}|${e.orientation}`) mark(e.x, e.y); }
src/core/features/build.ts	1182	iteration	for (const e of prev.entities) if (!seen.has(e.id)) mark(e.x, e.y);
src/core/features/edits.ts	56	iteration	for (const k of Object.keys(v)) out[k] = toGameJson((v as Record<string, unknown>)[k]);
src/core/features/edits.ts	56	object iteration	Object.keys(v)
src/core/features/edits.ts	69	iteration	for (const k of Object.keys(patch)) { const v = (patch as Record<string, unknown>)[k]; if (v === null) delete out[k]; else out[k] = mergeGame(out[k], v); }
src/core/features/edits.ts	69	object iteration	Object.keys(patch)
src/core/features/edits.ts	86	iteration	for (const k in bo) { if (k === "Coordinates") nb.Coordinates = { X: x, Y: y, Z: z }; else if (k === "Orientation") { if (orientation !== "Cw0") nb.Orientation = orientation; wroteOrientation = true; } else nb[k] = bo[k]; }
src/core/features/edits.ts	96	iteration	for (const k in comps) nc[k] = k === "BlockObject" ? nb : comps[k];
src/core/features/edits.ts	109	iteration	for (const k of Object.keys(patch)) { const v = patch[k]; if (k in before) { if (v === null) delete before[k]; else before[k] = mergeGame(before[k], v); } else if (v === null) { const { [k]: _gone, ...rest } = components; components = rest; } else components[k] = mergeGame(components[k], v); }
src/core/features/edits.ts	109	object iteration	Object.keys(patch)
src/core/features/edits.ts	119	object iteration	Object.keys(before)
src/core/features/edits.ts	148	iteration	for (const k in comps) (k === "WaterSource" ? before : rest)[k] = comps[k];
src/core/features/edits.ts	159	object iteration	Object.keys(before)
src/core/features/edits.ts	189	iteration	for (const ed of edits) { const { x, y } = ed.params; const k = list.findIndex((e) => e.template === "Slope" && e.x === x && e.y === y); if (ed.op === "removeSlope") { if (k < 0) { orphans.push({ seq: ed.seq, reason: `there is no longer a slope at (${x}, ${y})` }); continue; } list = list.filter((_, j) => j !== k); continue; } const i = y * g.W + x; if (k >= 0) { list = list.slice(); list[k] = movedEntity(list[k], x, y, g.heights[i], ed.params.orientation); } else { list = [...list, slope({ id: entityId(PINNED_SLOPES, "Slope", i), owner: PINNED_SLOPES, x, y, z: g.heights[i], orientation: ed.params.orientation })]; } }
src/core/features/edits.ts	220	new Map	new Map<string, number>()
src/core/features/edits.ts	222	new Set	new Set<number>()
src/core/features/edits.ts	235	iteration	for (const ed of edits) { switch (ed.op) { case "placeEntity": { if (!allowPlace) { rest.push(ed); break; } const p = ed.params; at.set(p.id, list.length); list.push(placedEntity(p, g.heights[p.y * g.W + p.x])); if (occ) for (const i of tilesOf(list[list.length - 1])) occ.set(i, list.length - 1); break; } case "moveEntity": { const k = find(ed.params.id); if (k < 0) { missing(ed); break; } const { x, y } = ed.params; const moved = movedEntity(list[k], x, y, g.heights[y * g.W + x], ed.params.orientation ?? list[k].orientation); if (ed.params.quiet) { // an object a force carried onto ground something else now holds is left out (the build's // own resources may have grown there again) if (!occ) { occ = new Map(); for (let j = 0; j < list.length; j++) if (!removed.has(j)) for (const i of tilesOf(list[j])) occ.set(i, j); } const to = tilesOf(moved); for (const i of tilesOf(list[k])) if (occ.
src/core/features/edits.ts	245	iteration	for (const i of tilesOf(list[list.length - 1])) occ.set(i, list.length - 1);
src/core/features/edits.ts	260	new Map	new Map()
src/core/features/edits.ts	261	iteration	for (const i of tilesOf(list[j])) occ.set(i, j);
src/core/features/edits.ts	264	iteration	for (const i of tilesOf(list[k])) if (occ.get(i) === k) occ.delete(i);
src/core/features/edits.ts	269	iteration	for (const i of to) occ.set(i, k);
src/core/features/edits.ts	285	iteration	for (const id of ed.params.entities) { const k = find(id); if (k < 0) missing.push(id); else removed.add(k); }
src/core/features/footprintLevel.ts	8	new Map	new Map<number, number>()
src/core/features/footprintLevel.ts	9	iteration	for (const h of heights) counts.set(h, (counts.get(h) ?? 0) + 1);
src/core/features/footprintLevel.ts	13	iteration	for (const [hv, c] of [...counts].sort((a, b) => a[0] - b[0])) { if (c !== most) continue; let far = 0; for (const h of heights) far = Math.max(far, Math.abs(h - hv)); if (far < reach) { reach = far; level = hv; } }
src/core/features/footprintLevel.ts	13	sort	[...counts].sort((a, b) => a[0] - b[0])
src/core/features/footprintLevel.ts	16	iteration	for (const h of heights) far = Math.max(far, Math.abs(h - hv));
src/core/features/footprintLevel.ts	32	iteration	for (const [dx, dy] of [[1, 0], [-1, 0], [0, 1], [0, -1]]) { const nx = x + dx; const ny = y + dy; if (nx < 0 || ny < 0 || nx >= W || ny >= H) continue; const j = ny * W + nx; if (water[j] > 0) floor = Math.max(floor, Math.ceil(heights[j] + water[j] - 1e-6)); }
src/core/features/footprintLevel.ts	52	iteration	for (const i of list) level = Math.max(level, floorBesideWater(heights, water, W, H, i));
src/core/features/geometry.ts	25	approximate Math.sqrt	Math.sqrt(dx * dx + dy * dy)
src/core/features/geometry.ts	57	approximate Math.sqrt	Math.sqrt(best)
src/core/features/geometry.ts	71	approximate Math.sqrt	Math.sqrt((bx - ax) * (bx - ax) + (by - ay) * (by - ay))
src/core/features/geometry.ts	87	approximate Math.sqrt	Math.sqrt((bx - ax) * (bx - ax) + (by - ay) * (by - ay))
src/core/features/geometry.ts	102	iteration	for (const st of profile.steps) if (s >= st.at) lv -= st.drop;
src/core/features/geometry.ts	122	iteration	for (const [, py] of poly) { if (py < minY) minY = py; if (py > maxY) maxY = py; }
src/core/features/geometry.ts	136	sort	xs.sort((a, b) => a - b)
src/core/features/geometry.ts	163	approximate Math.sqrt	Math.sqrt(l2)
src/core/features/geometry.ts	171	approximate Math.sqrt	Math.sqrt(best)
src/core/features/geometry.ts	189	approximate exponentiation	10 ** decimals
src/core/features/hollow.ts	15	iteration	for (const j of [start - 1, start + 1, start - W, start + W]) { if (j < 0 || j >= N || (j === start - 1 && sx === 0) || (j === start + 1 && sx === W - 1)) continue; if (heights[j] < heights[best]) best = j; }
src/core/features/hollow.ts	45	iteration	for (const j of [i - 1, i + 1, i - W, i + W]) { if (j < 0 || j >= N || seen[j]) continue; if ((j === i - 1 && px === 0) || (j === i + 1 && px === W - 1)) continue; seen[j] = 1; buckets[Math.max(lv, heights[j])].push(j); }
src/core/features/objects.ts	86	iteration	for (const i of runsToTiles(p.placement.area, W)) { if (i < 0 || i >= W * H) continue; const x = i % W; const y = (i - x) / W; const orientation = ORIENTATIONS[Math.floor(tileHash01(sO, x, y) * 4)]; out.push({ template, x, y, orientation, flipped: tileHash01(sF, x, y) < 0.5, tile: i }); }
src/core/features/objects.ts	126	iteration	for (const p of placementsOf(f, W, H)) { if (p.x < 0 || p.y < 0 || p.x >= W || p.y >= H || keptOff(p.x, p.y)) continue; let z = heights[p.tile]; if (!("area" in f.params.placement)) for (const [tx, ty] of tiles) if (tx >= 0 && ty >= 0 && tx < W && ty < H) z = Math.max(z, heights[ty * W + tx]); const b = { id: entityId(f.id, p.template, p.tile), owner: f.id, x: p.x, y: p.y, z }; if (f.params.kind === "unstableCore") { const c = f.params.core ?? { radius: 2, cycles: 5 }; out.push(unstableCore({ ...b, orientation: p.orientation, radius: c.radius, cycles: c.cycles })); } else out.push(blockObject({ ...b, template: p.template, orientation: p.orientation, flipped: p.flipped })); }
src/core/features/objects.ts	129	iteration	for (const [tx, ty] of tiles) if (tx >= 0 && ty >= 0 && tx < W && ty < H) z = Math.max(z, heights[ty * W + tx]);
src/core/features/objects.ts	176	iteration	for (const [x, y] of tiles) { if (x < 0 || y < 0 || x >= W || y >= H) { add("it does not fit on the map"); continue; } const i = y * W + x; if (single) { if (level < 0) level = heights[i]; else if (heights[i] !== level) add("the ground under it is not level"); } if (DRY_OBJECTS.includes(kind) && g.water && g.water[i] > WET) add("it would stand in water"); if (g.channel?.[i] && kind !== "weir" && kind !== "plug") add("it would stand in a river"); if (g.occupied?.[i]) add("another object stands there"); if (g.locked?.[i]) add("that area is locked"); if (g.columns?.has(i)) add("there is a cave or overhang under it"); const s = g.start; if (s && Math.abs(x - s.x) <= s.radius && Math.abs(y - s.y) <= s.radius) add("it is too close to the start"); }
src/core/features/objects.ts	220	new Set	new Set(b.filter((k) => k[4] !== 0).map((k) => `${k[0]},${k[1]}`))
src/core/features/raster/brush.ts	232	iteration	for (const [a, b, c, d] of p.rigid ?? []) { if (a < x0) x0 = a; if (b < y0) y0 = b; if (c > x1) x1 = c; if (d > y1) y1 = d; }
src/core/features/raster/brush.ts	285	iteration	for (const [a, b, c, d] of rigid) { const x0 = Math.max(0, a); const y0 = Math.max(0, b); const x1 = Math.min(W - 1, c); const y1 = Math.min(H - 1, d); if (x0 > x1 || y0 > y1) continue; const level = heights[Math.min(y1, Math.max(y0, (b + d) >> 1)) * W + Math.min(x1, Math.max(x0, (a + c) >> 1))]; for (let y = y0; y <= y1; y++) for (let x = x0; x <= x1; x++) { const i = y * W + x; if (heights[i] === level || !write(i)) continue; heights[i] = level; out = grow(out, { x0: x, y0: y, x1: x, y1: y }); } }
src/core/features/raster/brush.ts	368	iteration	for (const [y, a, b] of settings.wet ?? []) if (y >= 0 && y < H) for (let x = Math.max(0, a); x <= Math.min(W - 1, b); x++) wet[y * W + x] = 1;
src/core/features/raster/brush.ts	376	iteration	for (const [y, a, b, level] of settings.bank) if (y >= 0 && y < H) for (let x = Math.max(0, a); x <= Math.min(W - 1, b); x++) low[y * W + x] = Math.max(0, Math.min(BRUSH_MAX_LEVEL, level));
src/core/features/raster/brush.ts	382	iteration	for (const [y, a, b] of settings.keep) if (y >= 0 && y < H) for (let x = Math.max(0, a); x <= Math.min(W - 1, b); x++) kept[y * W + x] = 1;
src/core/features/raster/brush.ts	677	iteration	for (const [y, a, b] of area) if (y >= 0 && y < H) for (let x = Math.max(0, a); x <= Math.min(W - 1, b); x++) d[y * W + x] = 255;
src/core/features/raster/resources.ts	53	iteration	for (const kind of ["berryPatch", "forest", "ruinField"] as const) for (const f of features) if (f.kind === kind) out.push(f);
src/core/features/raster/resources.ts	53	iteration	for (const f of features) if (f.kind === kind) out.push(f);
src/core/features/raster/resources.ts	69	iteration	for (const i of runsToTiles(f.params.area, W)) { const x = i % W; const y = (i - x) / W; if (i < 0 || i >= g.heights.length) continue; if (f.params.density < 1 && tileHash01(sPlace, x, y) >= f.params.density) continue; if (g.moisture[i] <= 0 || g.soilContamination[i] > 0) continue; // a bush on dry or contaminated soil dies if (!take(g, f, i, out)) continue; const ripe = tileHash01(sRipe, x, y) < f.params.ripeShare; const regrowth = Math.round((0.1 + 0.8 * tileHash01(sGrow, x, y)) * 1000) / 1000; out.entities.push(bush({ id: entityId(f.id, "BlueberryBush", i), owner: f.id, x, y, z: g.heights[i], ripe, regrowth })); }
src/core/features/raster/resources.ts	86	sort	(Object.keys(f.params.speciesMix) as TreeSpecies[]).sort()
src/core/features/raster/resources.ts	86	object iteration	Object.keys(f.params.speciesMix)
src/core/features/raster/resources.ts	88	reduce	weights.reduce((a, b) => a + b, 0)
src/core/features/raster/resources.ts	93	iteration	for (const i of runsToTiles(f.params.area, W)) { if (i < 0 || i >= g.heights.length) continue; const x = i % W; const y = (i - x) / W; if (f.params.density < 1 && tileHash01(sPlace, x, y) >= f.params.density) continue; let sp = species[0]; if (species.length > 1 && total > 0) { let k = tileHash01(sSpecies, x, y) * total; for (let j = 0; j < species.length; j++) { k -= weights[j]; if (k < 0) { sp = species[j]; break; } } } const moist = g.moisture[i] > 0; const poisoned = g.soilContamination[i] > 0; let dead: boolean; if (sp === "Succulent") { if (moist || poisoned || f.params.life === "dead") continue; // succulents live only on dry, clean soil dead = false; } else if (f.params.life === "alive") { if (!moist || poisoned) continue; dead = false; } else if (f.params.life === "dead") dead = true; else dead = !moist || poisoned; // auto: official maps store trees on dry soil dead if (!take(g
src/core/features/raster/resources.ts	148	approximate Math.sqrt	Math.sqrt((x - cx) * (x - cx) + (ys[k] - cy) * (ys[k] - cy))
src/core/features/raster/resources.ts	150	iteration	for (const v of r) if (v > rmax) rmax = v;
src/core/features/raster/resources.ts	153	reduce	xs.reduce((a, v) => Math.min(a, v), Infinity)
src/core/features/raster/resources.ts	154	reduce	ys.reduce((a, v) => Math.min(a, v), Infinity)
src/core/features/raster/resources.ts	155	reduce	xs.reduce((a, v) => Math.max(a, v), -Infinity)
src/core/features/raster/resources.ts	156	reduce	ys.reduce((a, v) => Math.max(a, v), -Infinity)
src/core/features/raster/resources.ts	170	sort	tiles.map((_, k) => k).sort((a, b) => keys[b] - keys[a] || a - b)
src/core/features/raster/resources.ts	171	sort	[...hs].sort((a, b) => b - a)
src/core/features/raster/resources.ts	182	new Set	new Set(runsToTiles(f.params.cleared, W))
src/core/features/raster/strokePreview.ts	63	iteration	for (const [y, a, b] of settings.keep ?? []) if (y >= 0 && y < H) for (let x = Math.max(0, a); x <= Math.min(W - 1, b); x++) this.protect[y * W + x] = 1;
src/core/features/raster/strokePreview.ts	67	iteration	for (const i of state.columns) keep[i] = 1;
src/core/features/raster/terrain.ts	54	iteration	for (const b of bands) if (out > b.at) lift += b.rise;
src/core/features/raster/terrain.ts	150	iteration	for (const isl of f.params.islands ?? []) { const m = polygonMask(isl.outline, W, H); const level = Math.min(MAX_TERRAIN, isl.height); t.forEach((i) => { if (m[i] && mask[i] && !t.protectedMask[i] && t.writable(i, f)) heights[i] = level; }); }
src/core/features/raster/terrain.ts	162	iteration	for (const n of narrows) if (s >= n.from && s <= n.to && n.half < half) half = n.half;
src/core/features/raster/terrain.ts	197	iteration	for (const end of [f.params.entry, f.params.exit]) { if (!("lake" in end)) continue; const lake = t.feature(end.lake); if (lake?.kind !== "lake") continue; const m = polygonMask(lake.params.outline, W, H); if (!lakes) lakes = m; else for (let i = 0; i < m.length; i++) if (m[i]) lakes[i] = 1; }
src/core/features/raster/terrain.ts	257	sort	near.sort((a, b) => a[0] - b[0] || a[1] - b[1])
src/core/features/raster/terrain.ts	268	iteration	for (const [x, y] of f.params.outline) { sx += x; sy += y; }
src/core/features/raster/terrain.ts	337	iteration	for (const [y, a, b] of s.params.cells) { if (a < x0) x0 = a; if (b > x1) x1 = b; if (y < y0) y0 = y; if (y > y1) y1 = y; }
src/core/features/raster/terrain.ts	374	iteration	for (const [y, a, bb] of s.params.keep ?? []) if (y >= 0 && y < t.H) for (let x = Math.max(0, a); x <= Math.min(W - 1, bb); x++) if (t.inRegion(y * W + x)) t.protectedMask[y * W + x] = 1;
src/core/features/raster/terrain.ts	390	new Map	new Map<number, number>()
src/core/features/raster/terrain.ts	391	iteration	for (const [y, a, b] of p.cells) for (let x = a; x <= b; x++) inBrush.set(y * W + x, heights[y * W + x]);
src/core/features/raster/terrain.ts	393	iteration	for (const [y, a, b] of p.cells) { for (let x = a; x <= b; x++) { const i = y * W + x; if (!t.inRegion(i)) continue; const vals: number[] = []; for (let dy = -1; dy <= 1; dy++) for (let dx = -1; dx <= 1; dx++) { const v = inBrush.get((y + dy) * W + (x + dx)); if (v !== undefined && x + dx >= 0 && x + dx < W) vals.push(v); } vals.sort((m, n) => m - n); out.push([i, vals[vals.length >> 1]]); } }
src/core/features/raster/terrain.ts	403	sort	vals.sort((m, n) => m - n)
src/core/features/raster/terrain.ts	407	iteration	for (const [i, v] of out) heights[i] = v;
src/core/features/raster/terrain.ts	410	iteration	for (const [y, a, b] of p.cells) { for (let x = a; x <= b; x++) { const i = y * W + x; if (!t.inRegion(i)) continue; const h = heights[i]; // (exact: what it changes stays as it left it, a one-tile pit included) if (p.exact) t.protectedMask[i] = 1; switch (p.mode) { case "raise": if (h < MAX_TERRAIN) heights[i] = Math.min(MAX_TERRAIN, h + (p.amount ?? 0)); break; case "lower": heights[i] = Math.max(0, h - (p.amount ?? 0)); break; case "flatten": heights[i] = p.level ?? h; break; case "terrace": { const step = p.step ?? 2; heights[i] = Math.floor(h / step) * step; break; } default: break; } } }
src/core/features/route.ts	65	iteration	for (const f of inp.features) { if (f.id === skip) continue; if (f.kind === "lake" && !f.params.planned && f.params.outlet.sill <= level) { const m = polygonMask(f.params.outline, W, H); const k = goalIds.push(f.id) - 1; for (let i = 0; i < N; i++) if (m[i] && goal[i] === -1) goal[i] = k; } }
src/core/features/route.ts	74	iteration	for (const f of inp.features) { if (f.id === skip || f.kind !== "river") continue; const k = goalIds.push(f.id) - 1; // the channel tiles of this river: the built channel mask under its path's corridor const path = f.params.path; let x0 = W; let y0 = H; let x1 = -1; let y1 = -1; for (const [px, py] of path) { x0 = Math.min(x0, Math.floor(px) - 10); y0 = Math.min(y0, Math.floor(py) - 10); x1 = Math.max(x1, Math.ceil(px) + 10); y1 = Math.max(y1, Math.ceil(py) + 10); } for (let y = Math.max(0, y0); y <= Math.min(H - 1, y1); y++) for (let x = Math.max(0, x0); x <= Math.min(W - 1, x1); x++) { const i = y * W + x; if (inp.channel[i] && h[i] <= level && goal[i] === -1 && nearPath(path, x, y, f.params.width / 2 + 0.5)) goal[i] = k; } }
src/core/features/route.ts	83	iteration	for (const [px, py] of path) { x0 = Math.min(x0, Math.floor(px) - 10); y0 = Math.min(y0, Math.floor(py) - 10); x1 = Math.max(x1, Math.ceil(px) + 10); y1 = Math.max(y1, Math.ceil(py) + 10); }
src/core/features/route.ts	97	iteration	for (const i of from) start[i] = 1;
src/core/features/route.ts	102	iteration	for (const i of from) { const x = i % W; const y = (i - x) / W; for (const [dx, dy] of DIRS) { const nx = x + dx; const ny = y + dy; if (nx < 0 || ny < 0 || nx >= W || ny >= H) continue; const n = ny * W + nx; if (start[n] || blocked[n]) continue; const c = stepCost(inp, n, level); if (c < dist[n]) { dist[n] = c; prev[n] = -1; heap.push(c, n); } } }
src/core/features/route.ts	105	iteration	for (const [dx, dy] of DIRS) { const nx = x + dx; const ny = y + dy; if (nx < 0 || ny < 0 || nx >= W || ny >= H) continue; const n = ny * W + nx; if (start[n] || blocked[n]) continue; const c = stepCost(inp, n, level); if (c < dist[n]) { dist[n] = c; prev[n] = -1; heap.push(c, n); } }
src/core/features/route.ts	131	iteration	for (const [dx, dy] of DIRS) { const nx = x + dx; const ny = y + dy; if (nx < 0 || ny < 0 || nx >= W || ny >= H) continue; const n = ny * W + nx; if (done[n] || start[n] || blocked[n]) continue; const d = dist[c] + stepCost(inp, n, level); if (d < dist[n]) { dist[n] = d; prev[n] = c; heap.push(d, n); } }
src/core/features/route.ts	154	iteration	for (const c of path) { const x = c % W; const y = (c - x) / W; let g = Infinity; for (let dy = -r - 1; dy <= r + 1; dy++) for (let dx = -r - 1; dx <= r + 1; dx++) { const nx = x + dx; const ny = y + dy; if (nx < 0 || ny < 0 || nx >= W || ny >= H) continue; const n = ny * W + nx; if (start[n] || goal[n] >= 0) continue; if (h[n] < g) g = h[n]; } if (g !== Infinity && g - 1 < lv) lv = Math.max(0, g - 1); tiles.push(x, y); levels.push(lv); }
src/core/features/route.ts	220	new Map	new Map<number, number>()
src/core/features/route.ts	221	new Map	new Map<number, number>()
src/core/features/route.ts	242	iteration	for (const i of bed.keys()) bank.delete(i);
src/core/features/route.ts	252	iteration	for (const [i, lv] of bed) { if (!t.inRegion(i) || !t.writable(i, f) || keep?.(i)) continue; // the channel never fills a river's or lake's water it drains into if (t.channel[i] && h[i] <= lv) continue; h[i] = lv; t.protect(i); }
src/core/features/route.ts	259	iteration	for (const [i, lv] of bank) { if (!t.inRegion(i) || !t.writable(i, f) || keep?.(i) || t.channel[i]) continue; if (h[i] < lv) h[i] = lv; }
src/core/features/setpieces/badwaterBasin.ts	104	approximate Math.sqrt	Math.sqrt(best)
src/core/features/setpieces/badwaterBasin.ts	127	iteration	for (const sgn of [1, -1]) { const y = Math.round(yAtX(path, x) + sgn * off - (sgn < 0 ? 2 : 0)); if (y < 1 || y >= H - 3) continue; let flat = true; for (let yy = y; yy < y + 3 && flat; yy++) for (let xx = x; xx < x + 3 && flat; xx++) { const i = yy * W + xx; if (heights[i] !== level || ctx.occupied?.[i] || ctx.locked?.[i]) flat = false; } if (!flat) continue; const d2 = (x + 1 - far[0]) * (x + 1 - far[0]) + (y + 1 - far[1]) * (y + 1 - far[1]); if (d2 > best) { best = d2; site = { x, y, level, sgn }; } }
src/core/features/setpieces/badwaterBasin.ts	166	iteration	for (const i of [...floor, ...rim]) { const x = i % W; const y = (i - x) / W; if (nearStart(ctx, x, y, 4)) return { ok: false, errors: ["it would be next to the start: badwater belongs far from it"] }; if (ctx.locked?.[i]) return { ok: false, errors: ["it would touch a locked area"] }; if (ctx.channel?.[i]) return { ok: false, errors: ["it would sit in a river: place it beside the river"] }; }
src/core/features/setpieces/badwaterBasin.ts	174	iteration	for (const i of floor) ground = Math.min(ground, ctx.heights[i]);
src/core/features/setpieces/badwaterBasin.ts	187	iteration	for (const i of floor) blocked[i] = 0;
src/core/features/setpieces/badwaterBasin.ts	195	new Set	new Set([...floor, ...rim, ...channelTiles(route, W, H).bed.keys()])
src/core/features/setpieces/badwaterBasin.ts	242	new Set	new Set(floor)
src/core/features/setpieces/badwaterBasin.ts	243	iteration	for (const i of rim) { if (!t.inRegion(i) || !t.writable(i, feature)) continue; if (h[i] < p.floor + RIM) h[i] = p.floor + RIM; t.protect(i); }
src/core/features/setpieces/badwaterBasin.ts	249	iteration	for (const i of floor) { if (!t.inRegion(i) || !t.writable(i, feature)) continue; h[i] = p.floor; t.protect(i); }
src/core/features/setpieces/badwaterBasin.ts	258	iteration	for (const [x, y] of pitTiles(p)) { if (x < 0 || x >= t.W || y < 0 || y >= t.H) continue; const i = y * t.W + x; if (!t.inRegion(i) || !t.writable(i, feature)) continue; t.heights[i] = p.level; t.protect(i); }
src/core/features/setpieces/badwaterBasin.ts	295	new Set	new Set([...floor, ...rim, ...channelTiles(outletOf(p), W, H).bed.keys()])
src/core/features/setpieces/badwaterBasin.ts	296	sort	[...out].sort((a, b) => a - b)
src/core/features/setpieces/common.ts	144	iteration	for (const o of ctx.objects) { if (!tiles.has(o.y * ctx.W + o.x)) continue; if (o.template === "Slope" || o.template === "WaterSource" || o.template === "BadwaterSource" || o.template === "StartingLocation") continue; if (o.template === "BlueberryBush") bushes++; else if (o.template.startsWith("RuinColumnH")) ruins++; else if (o.template === "Pine" || o.template === "Birch" || o.template === "Oak" || o.template === "Succulent") trees++; else other++; }
src/core/features/setpieces/damSite.ts	116	approximate Math.sqrt	Math.sqrt(ax * ax + ay * ay)
src/core/features/setpieces/damSite.ts	190	approximate Math.sqrt	Math.sqrt(ax * ax + ay * ay)
src/core/features/setpieces/damSite.ts	197	iteration	for (const s of [-p.halfSpan - 1, p.halfSpan + 1]) for (const u of [-a, a]) corners.push([c[0] + s * nx + u * tx, c[1] + s * ny + u * ty]);
src/core/features/setpieces/damSite.ts	197	iteration	for (const u of [-a, a]) corners.push([c[0] + s * nx + u * tx, c[1] + s * ny + u * ty]);
src/core/features/setpieces/damSite.ts	232	iteration	for (const d of dirs) { const dot = Math.abs(d[1] * ax + d[0] * ay) / Math.sqrt(d[0] * d[0] + d[1] * d[1]); if (dot < least) { least = dot; dir = d; } }
src/core/features/setpieces/damSite.ts	233	approximate Math.sqrt	Math.sqrt(d[0] * d[0] + d[1] * d[1])
src/core/features/setpieces/damSite.ts	250	iteration	for (const sgn of [1, -1]) for (let k = 1; k <= 20; k++) { const xx = x + sgn * k * dir[1]; const yy = y + sgn * k * dir[0]; if (xx < 0 || yy < 0 || xx >= W || yy >= H || heights[yy * W + xx] >= crest) break; line.push([xx, yy]); }
src/core/features/setpieces/damSite.ts	257	sort	line.sort((a, b) => a[0] - b[0] || a[1] - b[1])
src/core/features/setpieces/gorge.ts	57	approximate Math.sqrt	Math.sqrt(l2)
src/core/features/setpieces/gorge.ts	70	approximate Math.sqrt	Math.sqrt(best)
src/core/features/setpieces/gorge.ts	159	approximate Math.sqrt	Math.sqrt((path[i + 1][0] - path[i][0]) ** 2 + (path[i + 1][1] - path[i][1]) ** 2)
src/core/features/setpieces/gorge.ts	159	approximate exponentiation	(path[i + 1][0] - path[i][0]) ** 2
src/core/features/setpieces/gorge.ts	159	approximate exponentiation	(path[i + 1][1] - path[i][1]) ** 2
src/core/features/setpieces/gorge.ts	267	new Set	new Set(wallTiles(p, river, W, H))
src/core/features/setpieces/gorge.ts	269	iteration	for (const i of notch.tiles.slice(0, NOTCH_REACH)) out.add(i);
src/core/features/setpieces/gorge.ts	270	sort	[...out].sort((a, b) => a - b)
src/core/features/setpieces/index.ts	95	object iteration	Object.keys(BUILDERS)
src/core/features/setpieces/naturalNarrows.ts	44	iteration	for (const f of ctx.features) if (f.kind === "lake") polygonMask(f.params.outline, W, H).forEach((v, i) => v && (w[i] = 1));
src/core/features/setpieces/naturalNarrows.ts	50	iteration	for (const i of p.raise.keys()) if (ctx.locked[i]) return { ok: false, errors: ["the spurs would reach into a locked area"] };
src/core/features/setpieces/naturalNarrows.ts	52	iteration	for (const i of p.raise.keys()) { const x = i % W; const y = (i - x) / W; if (Math.abs(x - ctx.start.x) <= ctx.start.radius && Math.abs(y - ctx.start.y) <= ctx.start.radius) return { ok: false, errors: ["the spurs would reach the start"] }; }
src/core/features/setpieces/naturalNarrows.ts	57	sort	[...p.raise.keys()].sort((a, c) => a - c)
src/core/features/setpieces/naturalNarrows.ts	62	reduce	river.params.path.reduce((s, q, k, a) => (k ? s + Math.hypot(q[0] - a[k - 1][0], q[1] - a[k - 1][1]) : 0), 0)
src/core/features/setpieces/naturalNarrows.ts	62	approximate Math.hypot	Math.hypot(q[0] - a[k - 1][0], q[1] - a[k - 1][1])
src/core/features/setpieces/naturalNarrows.ts	67	approximate Math.hypot	Math.hypot(bx - ax, by - ay)
src/core/features/setpieces/naturalNarrows.ts	120	iteration	for (const i of p.tiles) { const x = i % t.W; const y = (i - x) / t.W; x0 = Math.min(x0, x); y0 = Math.min(y0, y); x1 = Math.max(x1, x); y1 = Math.max(y1, y); }
src/core/features/setpieces/obstaclePayoff.ts	41	new Set	new Set(disc)
src/core/features/setpieces/obstaclePayoff.ts	44	iteration	for (const i of obstacleTiles({ x, y, radius: radius + 1 }, W, H)) { if (ctx.channel?.[i]) return { ok: false, errors: ["a river runs there"] }; if (ctx.locked?.[i] || (inDisc.has(i) && ctx.protect?.[i])) return { ok: false, errors: ["another piece or a locked area is there"] }; const tx = i % W; const ty = (i - tx) / W; if (nearStart(ctx, tx, ty, 2)) return { ok: false, errors: ["too close to the start"] }; if (ctx.heights[i] > high) high = ctx.heights[i]; }
src/core/features/setpieces/obstaclePayoff.ts	82	iteration	for (const i of obstacleTiles(p, t.W, t.H)) { if (!t.inRegion(i) || !t.writable(i, feature)) continue; t.heights[i] = p.top; t.protect(i); }
src/core/features/setpieces/plugSpillway.ts	38	iteration	for (const isl of f.params.islands ?? []) { const im = polygonMask(isl.outline, W, H); for (let i = 0; i < m.length; i++) if (im[i]) m[i] = 0; }
src/core/features/setpieces/plugSpillway.ts	83	iteration	for (const i of from) blocked[i] = 0;
src/core/features/setpieces/plugSpillway.ts	90	iteration	for (const i of [...channelTiles(route, W, H).bed.keys()].sort((a, b) => a - b)) { if (water[i]) continue; const x = i % W; const y = (i - x) / W; if ((x > 0 && water[i - 1]) || (x < W - 1 && water[i + 1]) || (y > 0 && water[i - W]) || (y < H - 1 && water[i + W])) plug.push(x, y); }
src/core/features/setpieces/plugSpillway.ts	90	sort	[...channelTiles(route, W, H).bed.keys()].sort((a, b) => a - b)
src/core/features/setpieces/plugSpillway.ts	105	new Set	new Set(channelTiles(route, W, H).bed.keys())
src/core/features/setpieces/plugSpillway.ts	154	sort	[...new Set([...bed.keys(), ...bank.keys()])].sort((a, b) => a - b)
src/core/features/setpieces/plugSpillway.ts	154	new Set	new Set([...bed.keys(), ...bank.keys()])
src/core/features/setpieces/plugSpillway.ts	157	sort	[...channelTiles(outletOf(feature.params.plan as unknown as SpillwayPlan), W, H).bed.keys()].sort((a, b) => a - b)
src/core/features/setpieces/secondDistrict.ts	44	approximate Math.sqrt	Math.sqrt((xx - x) * (xx - x) + (yy - y) * (yy - y))
src/core/features/setpieces/secondDistrict.ts	65	approximate Math.sqrt	Math.sqrt((x - s.x) * (x - s.x) + (y - s.y) * (y - s.y))
src/core/features/setpieces/terracedCliffs.ts	93	iteration	for (const a of [0, bands * depth - 1]) for (const v of [v0, v1]) corners.push(local(0, 0, facing, -a, v));
src/core/features/setpieces/terracedCliffs.ts	93	iteration	for (const v of [v0, v1]) corners.push(local(0, 0, facing, -a, v));
src/core/features/setpieces/terracedCliffs.ts	126	new Set	new Set<number>()
src/core/features/setpieces/terracedCliffs.ts	127	iteration	for (const [i] of tiles) { const x = i % W; const y = (i - x) / W; if (nearStart(ctx, x, y, 1)) return { ok: false, errors: ["it would cover the start's area: place it farther from the start"] }; if (ctx.locked?.[i]) return { ok: false, errors: ["it would touch a locked area"] }; if (ctx.channel?.[i]) return { ok: false, errors: ["it would bury a river: place its front beside the water"] }; set.add(i); }
src/core/features/setpieces/terracedCliffs.ts	151	iteration	for (const [i, lv] of stairTiles(p, t.W, t.H)) { if (!t.inRegion(i) || !t.writable(i, feature)) continue; t.heights[i] = lv; t.protect(i); }
src/core/features/setpieces/terracedCliffs.ts	176	iteration	for (const v of vs) { const [x, y] = local(p.at[0], p.at[1], p.facing, -(j * p.depth - 1), v); const [hx, hy] = [x + high[0], y + high[1]]; const [lx, ly] = [x - high[0], y - high[1]]; if (!inMap(W, H, x, y) || !inMap(W, H, hx, hy) || !inMap(W, H, lx, ly)) continue; // a slope's low side is ground at its level, or the slope below it in a chain (steps 1 // deep), one this chain placed: when a brush has changed the ground at the chain's foot so // its first slope no longer fits, the slopes above it would join nothing (slopes.connect) const chained = p.depth === 1 && below !== null && below.x === lx && below.y === ly && heights[ly * W + lx] === heights[y * W + x] - 1; if (heights[hy * W + hx] !== heights[y * W + x] + 1 || (heights[ly * W + lx] !== heights[y * W + x] && !chained)) continue; placed = { x, y, high }; break; }
src/core/features/setpieces/waterfall.ts	158	iteration	for (const s of river.params.bedProfile.steps) { if (s.setPiece !== id && Math.abs(s.at - at) < 12) return { ok: false, errors: ["another fall is less than 12 tiles away on this river (PLAN §5.3)"] }; }
src/core/features/setpieces/waterfall.ts	175	approximate Math.sqrt	Math.sqrt(dx * dx + dy * dy)
src/core/features/setpieces/waterfall.ts	192	iteration	for (const u of [-POOL - WALL, PLUNGE + 1]) for (const v of [v0 - WALL, v1 + WALL]) corners.push(local(0, 0, facing, u, v));
src/core/features/setpieces/waterfall.ts	192	iteration	for (const v of [v0 - WALL, v1 + WALL]) corners.push(local(0, 0, facing, u, v));
src/core/features/setpieces/waterfall.ts	202	iteration	for (const i of all) { const x = i % W; const y = (i - x) / W; if (nearStart(ctx, x, y, 1)) return { ok: false, errors: ["it would cover the start's area: place it farther from the start"] }; if (ctx.locked?.[i]) return { ok: false, errors: ["it would touch a locked area"] }; if (ctx.channel?.[i]) return { ok: false, errors: ["it would dam a river here: place it beside the river, or on the river as an on-river fall"] }; }
src/core/features/setpieces/waterfall.ts	211	iteration	for (const i of bd.plunge) ground = Math.min(ground, ctx.heights[i]);
src/core/features/setpieces/waterfall.ts	248	iteration	for (const i of [...bd.block, ...bd.pool, ...bd.lip]) blocked[i] = 1;
src/core/features/setpieces/waterfall.ts	262	new Set	new Set(all)
src/core/features/setpieces/waterfall.ts	263	iteration	for (const i of channelTiles(route, W, H).bed.keys()) touched.add(i);
src/core/features/setpieces/waterfall.ts	346	iteration	for (const i of bd.block) put(i, L + 1, true);
src/core/features/setpieces/waterfall.ts	347	new Set	new Set([...bd.block, ...bd.pool, ...bd.lip, ...bd.plunge])
src/core/features/setpieces/waterfall.ts	349	iteration	for (const i of bd.pool) put(i, L - 1);
src/core/features/setpieces/waterfall.ts	350	iteration	for (const i of bd.lip) put(i, L);
src/core/features/setpieces/waterfall.ts	351	iteration	for (const i of bd.plunge) put(i, P);
src/core/features/setpieces/waterfall.ts	353	iteration	for (const i of bd.walls) if (!beds.has(i)) put(i, P + 1, true);
src/core/features/setpieces/waterfall.ts	377	new Set	new Set([...bd.block, ...bd.pool, ...bd.lip, ...bd.plunge, ...bd.walls])
src/core/features/setpieces/waterfall.ts	378	iteration	for (const i of channelTiles(channelOf(p), W, H).bed.keys()) out.add(i);
src/core/features/setpieces/waterfall.ts	379	sort	[...out].sort((a, b) => a - b)
src/core/features/setpieces/waterfall.ts	425	iteration	for (const [x, y] of tiles) { const [dx, dy] = local(0, 0, p.facing, 1, 0); const i = y * W + x; const j = (y + dy) * W + (x + dx); if (!inMap(W, H, x + dx, y + dy)) continue; const d = water[i]; const drop = heights[i] + d - (heights[j] + water[j]); if (d > 0.001 && drop >= 1.5) { width++; sum += d; least = Math.min(least, drop); } }
src/core/features/slopes.ts	68	new Map	new Map<number, [number, number, number][]>()
src/core/features/slopes.ts	74	iteration	for (const [dx, dy] of dirs) { const xx = x + dx; const yy = y + dy; if (xx < 0 || xx >= W || yy < 0 || yy >= H) continue; const j = yy * W + xx; if (h[j] !== h[i] + 1) continue; const a = labels[i]; const b = labels[j]; const key = a * R + b; let list = pairs.get(key); if (!list) { pairs.set(key, (list = [])); adj[a].push(b); adj[b].push(a); } list.push([i, dx, dy]); }
src/core/features/slopes.ts	93	iteration	for (const list of adj) list.sort((a, b) => a - b);
src/core/features/slopes.ts	93	sort	list.sort((a, b) => a - b)
src/core/features/slopes.ts	97	iteration	for (const [lo, hi] of rules.links ?? []) { const a = labels[lo]; const b = labels[hi]; if (a === b) continue; linked[a].push(b); linked[b].push(a); }
src/core/features/slopes.ts	104	iteration	for (const list of linked) list.sort((a, b) => a - b);
src/core/features/slopes.ts	104	sort	list.sort((a, b) => a - b)
src/core/features/slopes.ts	128	iteration	for (const [lo, hi] of rules.ramps ?? []) { const x = lo % W; const y = (lo - x) / W; const dx = (hi % W) - x; const dy = Math.floor(hi / W) - y; if (Math.abs(dx) + Math.abs(dy) !== 1 || h[hi] !== h[lo] + 1) continue; const bx = x - dx; const by = y - dy; if (bx < 0 || by < 0 || bx >= W || by >= H || h[by * W + bx] !== h[lo] || occ[lo] || occ[by * W + bx]) continue; placed.push({ x, y, z: h[lo], orientation: orientationForHigh(dx, dy) }); occ[lo] = 1; used.push([x, y]); const a = labels[lo]; const b = labels[hi]; linked[a].push(b); linked[b].push(a); }
src/core/features/slopes.ts	149	sort	cand .map((c) => { const x = c[0] % W; const y = (c[0] - x) / W; const d2 = (x - start.x) ** 2 + (y - start.y) ** 2; const toward = towardWater && toWater ? Math.max(Math.abs(x - start.x), Math.abs(y - start.y)) + toWater[c[0]] : 0; return { c, x, y, d2, toward }; }) .sort((p, q) => p.toward - q.toward || p.d2 - q.d2 || p.c[0] - q.c[0] || p.c[1] - q.c[1] || p.c[2] - q.c[2])
src/core/features/slopes.ts	153	approximate exponentiation	(x - start.x) ** 2
src/core/features/slopes.ts	153	approximate exponentiation	(y - start.y) ** 2
src/core/features/slopes.ts	159	iteration	for (const { c, x, y } of scored) { const [i, dx, dy] = c; const lx = x - dx; const ly = y - dy; if (lx < 0 || lx >= W || ly < 0 || ly >= H) continue; const li = ly * W + lx; if (occ[i] || occ[li] || h[li] !== h[i]) continue; if (used.some(([ux, uy]) => Math.abs(x - ux) + Math.abs(y - uy) < SPACING)) continue; placed.push({ x, y, z: h[i], orientation: orientationForHigh(dx, dy) }); occ[i] = 1; used.push([x, y]); n++; if (n >= (extra ? 2 : 1)) break; }
src/core/features/slopes.ts	187	iteration	for (const r of frontier) { for (const n of linked[r]) { if (joined(n)) continue; union(root, n); next.push(n); } for (const n of adj[r]) { if (joined(n)) continue; const cand = inCore(between(r, n)); if (cand.length && tryPlace(cand, cand.length > LONG, r === root)) { union(root, n); next.push(n); } } }
src/core/features/slopes.ts	188	iteration	for (const n of linked[r]) { if (joined(n)) continue; union(root, n); next.push(n); }
src/core/features/slopes.ts	193	iteration	for (const n of adj[r]) { if (joined(n)) continue; const cand = inCore(between(r, n)); if (cand.length && tryPlace(cand, cand.length > LONG, r === root)) { union(root, n); next.push(n); } }
src/core/features/slopes.ts	219	iteration	for (const n of [...linked[r], ...adj[r]]) { if (joined(n) || !target[n]) continue; const cand = linked[r].includes(n) ? null : between(r, n); if (cand && !tryPlace(cand, cand.length > LONG)) continue; union(root, n); queue.push(n); }
src/core/features/slopes.ts	237	iteration	for (const n of adj[r]) { if (find(r) === find(n)) continue; if (linked[r].includes(n)) { union(r, n); continue; } const cand = between(r, n); if (cand.length && tryPlace(cand, false)) union(r, n); }
src/core/features/slopes.ts	260	sort	big.sort((a, b) => dist[a] - dist[b] || a - b)
src/core/features/slopes.ts	263	iteration	for (const r of big) { if (joined(r)) continue; const ns = adj[r].slice().sort((a, b) => level[a] - level[b] || (joined(a) ? 0 : 1) - (joined(b) ? 0 : 1) || a - b); for (const n of ns) { const cand = between(r, n); if (tryPlace(cand, false)) { union(r, n); break; } } }
src/core/features/slopes.ts	265	sort	adj[r].slice().sort((a, b) => level[a] - level[b] || (joined(a) ? 0 : 1) - (joined(b) ? 0 : 1) || a - b)
src/core/features/slopes.ts	266	iteration	for (const n of ns) { const cand = between(r, n); if (tryPlace(cand, false)) { union(r, n); break; } }
src/core/features/slopes.ts	295	iteration	for (const n of nb) { if (n < 0 || d[n] <= nd) continue; d[n] = nd; queue[tail++] = n; }
src/core/features/slopes.ts	329	new Map	new Map<number, number[]>()
src/core/features/slopes.ts	330	new Map	new Map<number, number>()
src/core/features/slopes.ts	335	iteration	for (const [dx, dy, o] of RIM_DIRS) { const hx = x + dx; const hy = y + dy; const bx = x - dx; const by = y - dy; if (hx < 0 || hy < 0 || hx >= W || hy >= H || bx < 0 || by < 0 || bx >= W || by >= H) continue; const j = hy * W + hx; const k = by * W + bx; if (!own[i] && !own[j]) continue; if (h[j] !== h[i] + 1 || h[k] !== h[i] || occupied[k]) continue; const key = o * 64 + h[i]; let g = groups.get(key); if (!g) groups.set(key, (g = [])); g.push(i); if (!orient.has(i)) orient.set(i, o); }
src/core/features/slopes.ts	354	iteration	for (const key of [...groups.keys()].sort((a, b) => a - b)) { const o = Math.floor(key / 64); const [dx] = RIM_DIRS[o]; const tiles = groups.get(key)!; const index = new Map(tiles.map((t, n) => [t, n])); // stretches: the low tiles joined corner to corner const seen = new Uint8Array(tiles.length); for (let n = 0; n < tiles.length; n++) { if (seen[n]) continue; const stretch: number[] = []; const stack = [n]; seen[n] = 1; while (stack.length) { const m = stack.pop()!; const t = tiles[m]; stretch.push(t); const x = t % W; const y = (t - x) / W; for (let yy = y - 1; yy <= y + 1; yy++) for (let xx = x - 1; xx <= x + 1; xx++) { if (xx < 0 || yy < 0 || xx >= W || yy >= H) continue; const q = index.get(yy * W + xx); if (q !== undefined && !seen[q]) { seen[q] = 1; stack.push(q); } } } // along the stretch: by the coordinate across the slopes' way (x for north and south, y for // east and west),
src/core/features/slopes.ts	354	sort	[...groups.keys()].sort((a, b) => a - b)
src/core/features/slopes.ts	358	new Map	new Map(tiles.map((t, n) => [t, n]))
src/core/features/slopes.ts	385	sort	stretch.sort((a, b) => along(a) - along(b))
src/core/features/slopes.ts	389	iteration	for (const p of want) { // the wanted place, or the nearest free one after it in the stretch for (let q = p; q < stretch.length; q++) { const t = stretch[q]; const x = t % W; const y = (t - x) / W; const [ddx, ddy] = RIM_DIRS[o]; const k = (y - ddy) * W + (x - ddx); if (taken[t] || taken[k]) continue; taken[t] = 1; taken[k] = 1; out.push([x, y, o]); break; } }
src/core/features/slopes.ts	406	sort	out.sort((a, b) => a[1] * W + a[0] - (b[1] * W + b[0]) || a[2] - b[2])
src/core/features/target.ts	47	iteration	for (const p of points) { if (p[0] < x0) x0 = p[0]; if (p[0] > x1) x1 = p[0]; if (p[1] < y0) y0 = p[1]; if (p[1] > y1) y1 = p[1]; }
src/core/features/target.ts	96	new Map	new Map(init.features.map((f) => [f.id, f]))
src/core/features/target.ts	97	new Map	new Map()
src/core/features/target.ts	136	iteration	for (const f of this.features.values()) { if (f.kind !== "setPiece" || f.params.kind !== "gorge" || f.params.plan.river !== riverId) continue; const p = f.params.plan as { from: number; to: number; width: number }; out.push({ from: p.from, to: p.to, half: p.width / 2 }); }
src/core/forces/carve/character.ts	23	approximate Math.sqrt	Math.sqrt(naturalWidth(power) / (width ?? naturalWidth(power)))
src/core/forces/carve/character.ts	51	approximate Math.sqrt	Math.sqrt(naturalWidth(s.power) / width)
src/core/forces/carve/character.ts	68	approximate Math.hypot	Math.hypot(x - (origin % m.W), y - Math.floor(origin / m.W))
src/core/forces/carve/character.ts	69	approximate Math.hypot	Math.hypot(x - (end % m.W), y - Math.floor(end / m.W))
src/core/forces/carve/character.ts	73	approximate Math.hypot	Math.hypot(xx - x, yy - y)
src/core/forces/carve/character.ts	79	approximate Math.sin	Math.sin(distance * 0.105 + this.phase)
src/core/forces/carve/character.ts	79	approximate Math.sin	Math.sin(distance * 0.037 + this.phase2)
src/core/forces/carve/character.ts	80	approximate Math.pow	Math.pow(Math.max(0, Math.sin(distance * 0.19 + this.phase2)), 6)
src/core/forces/carve/character.ts	80	approximate Math.sin	Math.sin(distance * 0.19 + this.phase2)
src/core/forces/carve/character.ts	91	approximate Math.atan	Math.atan(amplitude * k * (Math.cos(phase) + 0.12 * Math.cos(phase * 0.5 + this.phase2)))
src/core/forces/carve/character.ts	91	approximate Math.cos	Math.cos(phase)
src/core/forces/carve/character.ts	91	approximate Math.cos	Math.cos(phase * 0.5 + this.phase2)
src/core/forces/carve/character.ts	109	iteration	for (const k of this.knobs) { const vx = k.x - x; const vy = k.y - y; const along = vx * dx + vy * dy; const side = -vx * dy + vy * dx; if (Math.abs(along) > length || Math.abs(side) > width + k.radius + 2) continue; const d = Math.hypot(vx, vy); if (d < best) { best = d; selected = k; } }
src/core/forces/carve/character.ts	115	approximate Math.hypot	Math.hypot(vx, vy)
src/core/forces/carve/character.ts	127	approximate Math.sin	Math.sin((t * Math.PI) / 2)
src/core/forces/carve/course.ts	36	approximate Math.hypot	Math.hypot(p2.x - p1.x, p2.y - p1.y)
src/core/forces/carve/course.ts	44	approximate Math.hypot	Math.hypot(x - xs[xs.length - 1], y - ys[ys.length - 1])
src/core/forces/carve/course.ts	51	approximate Math.atan2	Math.atan2(Math.sin(a - b), Math.cos(a - b))
src/core/forces/carve/course.ts	51	approximate Math.sin	Math.sin(a - b)
src/core/forces/carve/course.ts	51	approximate Math.cos	Math.cos(a - b)
src/core/forces/carve/course.ts	87	iteration	for (const i of d.order) { const r = d.rcv[i]; if (r >= 0) distance[i] = distance[r] + Math.hypot((i % m.W) - (r % m.W), Math.floor(i / m.W) - Math.floor(r / m.W)); }
src/core/forces/carve/course.ts	89	approximate Math.hypot	Math.hypot((i % m.W) - (r % m.W), Math.floor(i / m.W) - Math.floor(r / m.W))
src/core/forces/carve/course.ts	106	approximate exponentiation	(c.x[k] - x) ** 2
src/core/forces/carve/course.ts	106	approximate exponentiation	(c.y[k] - y) ** 2
src/core/forces/carve/course.ts	125	approximate Math.hypot	Math.hypot(c.x[k] - x, c.y[k] - y)
src/core/forces/carve/course.ts	127	approximate Math.hypot	Math.hypot((this.intent.end! % this.m.W) - x, Math.floor(this.intent.end! / this.m.W) - y)
src/core/forces/carve/course.ts	147	approximate Math.atan2	Math.atan2(c.y[j] - y, c.x[j] - x)
src/core/forces/carve/course.ts	149	approximate Math.atan2	Math.atan2(Math.floor(this.intent.end! / this.m.W) - y, (this.intent.end! % this.m.W) - x)
src/core/forces/carve/course.ts	153	approximate Math.atan2	Math.atan2(Math.floor(i / W) - y, (i % W) - x)
src/core/forces/carve/course.ts	168	approximate Math.cos	Math.cos(angleDelta(heading, bearing))
src/core/forces/carve/edge.ts	48	approximate Math.hypot	Math.hypot(nx, ny)
src/core/forces/carve/edge.ts	51	approximate Math.atan2	Math.atan2(ny, nx)
src/core/forces/carve/edge.ts	57	approximate Math.cos	Math.cos(a)
src/core/forces/carve/edge.ts	58	approximate Math.sin	Math.sin(a)
src/core/forces/carve/op.ts	65	iteration	for (const i of p.tiles) { const x = i % W; const y = (i - x) / W; if (x < x0) x0 = x; if (x > x1) x1 = x; if (y < y0) y0 = y; if (y > y1) y1 = y; }
src/core/forces/carve/oxbow.ts	39	approximate Math.hypot	Math.hypot(dx, dy)
src/core/forces/carve/oxbow.ts	69	iteration	for (const b of cut.bars) { const radius = b.width + 5; for (let y = Math.max(0, Math.floor(b.y - radius)); y <= Math.min(H - 1, Math.ceil(b.y + radius)); y++) for (let x = Math.max(0, Math.floor(b.x - radius)); x <= Math.min(W - 1, Math.ceil(b.x + radius)); x++) { const along = (x - b.x) * b.dx + (y - b.y) * b.dy; const side = -(x - b.x) * b.dy + (y - b.y) * b.dx; if (Math.abs(along) > 2 || Math.abs(side) > b.width + 3) continue; const level = b.level + Math.max(0, Math.ceil((Math.abs(side) - b.width) * 4)); const i = y * W + x; floor[i] = Math.max(floor[i], Math.min(original[i], level)); } }
src/core/forces/carve/play.ts	105	time	performance.now()
src/core/forces/carve/play.ts	108	time	performance.now()
src/core/forces/carve/play.ts	140	iteration	for (const s of removed.values()) if (this.goneAt(s) <= k) gone++;
src/core/forces/carve/river.ts	50	iteration	for (const i of oxbowBasin(run)) exempt[i] = 1;
src/core/forces/carve/river.ts	115	approximate Math.hypot	Math.hypot(x - px, y - py)
src/core/forces/carve/river.ts	143	iteration	for (const g of run.group) { const gx = g.tile % W; const gy = (g.tile - gx) / W; for (let y = Math.max(0, gy - 1); y <= Math.min(H - 1, gy + 1); y++) for (let x = Math.max(0, gx - 1); x <= Math.min(W - 1, gx + 1); x++) head[y * W + x] = 1; }
src/core/forces/carve/river.ts	153	iteration	for (const i of order) { const k = near[i]; const st = path[k]; const r = st.width * 0.72; const bw = width(k, side[i]); const d = dist[i]; const L = bed[k] + depth; if (d <= r || head[i]) set(i, L - depth); else if (d <= r + bw) set(i, L); else if (d <= r + bw + WALL_REACH) { // the wall as the carve made it, bw tiles nearer the river const x = i % W; const y = (i - x) / W; const f = (d - bw) / d; const sx = clamp(Math.round(st.x + (x - st.x) * f), 0, W - 1); const sy = clamp(Math.round(st.y + (y - st.y) * f), 0, H - 1); const wall = Math.max(L, carved[sy * W + sx]); // (the carve's own ground below the banks' level there is theirs too: no puddle beside them) if (wall < h[i] || h[i] < L) set(i, wall); } }
src/core/forces/carve/run.ts	135	iteration	for (const h of m.heights) s = Math.imul(s ^ h, 16777619);
src/core/forces/carve/run.ts	198	new Map	new Map<string, number>()
src/core/forces/carve/run.ts	203	new Map	new Map<number, number[]>()
src/core/forces/carve/run.ts	205	new Set	new Set<number>()
src/core/forces/carve/run.ts	212	new Set	new Set<string>()
src/core/forces/carve/run.ts	293	approximate Math.cos	Math.cos(this.heading)
src/core/forces/carve/run.ts	293	approximate Math.sin	Math.sin(this.heading)
src/core/forces/carve/run.ts	315	iteration	for (const e of input.entities) for (const i of entityTiles(W, input.H, e)) occupied[i] = 1;
src/core/forces/carve/run.ts	315	iteration	for (const i of entityTiles(W, input.H, e)) occupied[i] = 1;
src/core/forces/carve/run.ts	319	sort	row .map((s) => ({ id: s.x === x && s.y === y ? this.sourceId : guidFrom(this.sourceId, "carve-source", s.y * W + s.x), tile: s.y * W + s.x, strength: s.strength })) .sort((a, b) => (a.id === this.sourceId ? -1 : b.id === this.sourceId ? 1 : 0))
src/core/forces/carve/run.ts	322	new Set	new Set(this.group.map((s) => s.id))
src/core/forces/carve/run.ts	378	approximate Math.cos	Math.cos(this.heading)
src/core/forces/carve/run.ts	379	approximate Math.sin	Math.sin(this.heading)
src/core/forces/carve/run.ts	383	approximate Math.atan2	Math.atan2(prior.dy, prior.dx)
src/core/forces/carve/run.ts	404	iteration	for (const lane of lanes) { lane.x += dy * reachWidth * bend * 0.35; lane.y -= dx * reachWidth * bend * 0.35; }
src/core/forces/carve/run.ts	410	iteration	for (const lane of this.planning ? [] : lanes) { const depth = Math.max(1, raw - this.bed); const shoulder = this.settings.walls === "wide" ? depth * 0.9 : Math.min(2, depth * 0.15); const radius = lane.width + shoulder + 1; for (let yy = Math.max(0, Math.floor(lane.y - radius)); yy <= Math.min(H - 1, Math.ceil(lane.y + radius)); yy++) for (let xx = Math.max(0, Math.floor(lane.x - radius)); xx <= Math.min(W - 1, Math.ceil(lane.x + radius)); xx++) { const i = yy * W + xx; if (this.keep[i] || this.character.rock[i] || this.sign[i] > 0) continue; const d = Math.hypot(xx - lane.x, yy - lane.y); const slope = this.settings.walls === "wide" ? 1 : 4; const outside = ((xx - x) * dy - (yy - y) * dx) * Math.sign(bend); const innerShelf = Math.abs(bend) > 0.3 && outside < -reachWidth * 0.2 ? Math.min(2, Math.ceil((-outside / reachWidth - 0.2) * Math.abs(bend) * 2)) : 0; const scour = Math.min(2, Ma
src/core/forces/carve/run.ts	418	approximate Math.hypot	Math.hypot(xx - lane.x, yy - lane.y)
src/core/forces/carve/run.ts	449	approximate Math.hypot	Math.hypot(xx - x, yy - y)
src/core/forces/carve/run.ts	466	iteration	for (const p of cut.neck) { if (p.x < width + 2 || p.y < width + 2 || p.x > this.map.W - width - 3 || p.y > this.map.H - width - 3) return; for (let dy = -Math.ceil(width); dy <= Math.ceil(width); dy++) for (let dx = -Math.ceil(width); dx <= Math.ceil(width); dx++) if (this.keep[this.at(p.x + dx, p.y + dy)] || this.character.rock[this.at(p.x + dx, p.y + dy)]) return; }
src/core/forces/carve/run.ts	476	iteration	for (const p of cut.neck) this.cutAt(p.x, p.y, cut.floor, width * 0.75);
src/core/forces/carve/run.ts	479	iteration	for (const p of cut.pool) this.cutAt(p.x, p.y, Math.max(0, cut.floor - 1), Math.max(1.2, width * 0.72));
src/core/forces/carve/run.ts	480	iteration	for (const b of cut.bars) this.cutAt(b.x, b.y, cut.floor, 1.5);
src/core/forces/carve/run.ts	503	new Set	new Set<number>()
src/core/forces/carve/run.ts	506	iteration	for (const k of this.cells.get(cy * 4096 + cx) ?? []) { if (seen.has(k)) continue; seen.add(k); if (segmentsCross(a, b, path[k], path[k + 1])) return true; }
src/core/forces/carve/run.ts	512	approximate Math.hypot	Math.hypot(a.x - c.x, a.y - c.y)
src/core/forces/carve/run.ts	512	approximate Math.hypot	Math.hypot(a.x - list[k + 1].x, a.y - list[k + 1].y)
src/core/forces/carve/run.ts	525	approximate Math.hypot	Math.hypot(goal.x - x, goal.y - y)
src/core/forces/carve/run.ts	530	approximate Math.atan2	Math.atan2(goal.y - y, goal.x - x)
src/core/forces/carve/run.ts	531	approximate Math.hypot	Math.hypot(goal.x - x, goal.y - y)
src/core/forces/carve/run.ts	544	iteration	for (const a of angles) { if (Math.abs(angleDelta(a, nav.bearing)) > HEADING_LIMIT) continue; const dx = Math.cos(a); const dy = Math.sin(a); const nx = x + dx * 1.35; const ny = y + dy * 1.35; if (nx < 0 || ny < 0 || nx > W - 1 || ny > H - 1) { if (!goal && Math.abs(angleDelta(a, nav.bearing)) < 0.01) { this.end("map edge"); return; } continue; } const i = this.at(nx, ny); const cost = this.course.cost(nx, ny); if (this.keep[i] || cost >= nav.deadline || (nav.straightening && cost >= nav.cost - 0.005)) continue; if (this.crossesCourse({ x, y }, { x: nx, y: ny })) continue; const far = this.original[this.at(nx + dx * 5, ny + dy * 5)]; const here = this.original[this.at(x, y)]; const farTile = this.at(nx + dx * 5, ny + dy * 5); const resistance = Math.max(0, far - here) * (1 + this.hard(far, farTile) * 2) * (1 - p) + (this.settings.layers && hardAt(this.map, farTile, far) ? 12 * (1 - p) :
src/core/forces/carve/run.ts	546	approximate Math.cos	Math.cos(a)
src/core/forces/carve/run.ts	547	approximate Math.sin	Math.sin(a)
src/core/forces/carve/run.ts	565	approximate Math.cos	Math.cos(angleDelta(a, nav.preferred))
src/core/forces/carve/run.ts	565	approximate Math.cos	Math.cos(angleDelta(a, this.heading))
src/core/forces/carve/run.ts	623	new Set	new Set(this.depositQueue)
src/core/forces/carve/run.ts	636	iteration	for (const i of this.active) { const h = this.map.heights[i] - this.sediment[i]; if (h <= this.target[i]) { this.active.delete(i); continue; } const age = this.metrics.steps - this.born[i]; const bank = !this.channel[i]; // Wide terraces retreat after the head, not simultaneously across the map. if (bank && age < 4) continue; const hard = this.hard(h, i); const coefficient = bank ? 1 - 0.8 * hard : 1 - 0.85 * hard; this.wear[i] += (0.75 + 2.4 * p) * Math.min(2, this.character.intensity) * coefficient * (bank ? 0.65 : 1); if (this.wear[i] >= 1) { if (this.barFloor[i] && this.map.heights[i] <= this.barFloor[i]) infill.push(i); else { delta[i] = -1; touched.push(i); } } }
src/core/forces/carve/run.ts	662	iteration	for (const i of this.depositQueue) if (this.sign[i] === 0 && this.metrics.suspended > n && n < 32) { if (!delta[i]) touched.push(i); delta[i] = 1; n++; }
src/core/forces/carve/run.ts	669	sort	touched.sort((a, b) => a - b)
src/core/forces/carve/run.ts	673	iteration	for (const i of touched) if (delta[i]) { const d = delta[i]; this.map.heights[i] += d; if (this.map.lava) this.map.lava[i] &= (1 << this.map.heights[i]) - 1; this.sign[i] = d; changed.push(i); if (d < 0) { this.metrics.cut++; this.metrics.suspended++; this.wear[i] = Math.max(0, this.wear[i] - 1); if (!this.channel[i]) this.metrics.bankCuts++; if (Math.hypot((i % this.map.W) - this.head.x, Math.floor(i / this.map.W) - this.head.y) < this.head.width + 2) frontCut++; } else { this.metrics.deposited++; this.metrics.suspended--; } }
src/core/forces/carve/run.ts	685	approximate Math.hypot	Math.hypot((i % this.map.W) - this.head.x, Math.floor(i / this.map.W) - this.head.y)
src/core/forces/carve/run.ts	693	iteration	for (const i of infill) { this.sediment[i]++; this.metrics.cut++; this.metrics.deposited++; this.wear[i] = Math.max(0, this.wear[i] - 1); }
src/core/forces/carve/run.ts	703	iteration	for (const i of touched) delta[i] = 0;
src/core/forces/carve/run.ts	717	iteration	for (const i of shaped) this.map.lava[i] &= (1 << this.map.heights[i]) - 1;
src/core/forces/carve/run.ts	735	new Map	new Map()
src/core/forces/carve/run.ts	736	iteration	for (const e of this.map.entities) for (const i of entityTiles(W, H, e)) { const list = this.occupants.get(i); if (list) list.push(e.id); else this.occupants.set(i, [e.id]); }
src/core/forces/carve/run.ts	737	iteration	for (const i of entityTiles(W, H, e)) { const list = this.occupants.get(i); if (list) list.push(e.id); else this.occupants.set(i, [e.id]); }
src/core/forces/carve/run.ts	743	new Set	new Set<string>()
src/core/forces/carve/run.ts	744	iteration	for (const i of changed) for (const id of this.occupants.get(i) ?? []) hit.add(id);
src/core/forces/carve/run.ts	744	iteration	for (const id of this.occupants.get(i) ?? []) hit.add(id);
src/core/forces/carve/run.ts	765	new Set	new Set<number>()
src/core/forces/carve/run.ts	766	iteration	for (const i of touched) if (d[i]) { marked.add(i); for (const j of [i - W, i - 1, i + 1, i + W]) if (j >= 0 && j < h.length) marked.add(j); }
src/core/forces/carve/run.ts	769	iteration	for (const j of [i - W, i - 1, i + 1, i + W]) if (j >= 0 && j < h.length) marked.add(j);
src/core/forces/carve/run.ts	774	iteration	for (const i of marked) { if (i % W === 0 || i % W === W - 1 || i < W || i >= W * (H - 1)) continue; const ns = [i - W, i - 1, i + 1, i + W]; const v = h[i] + d[i]; const lo = Math.min(...ns.map((j) => h[j] + d[j])); const hi = Math.max(...ns.map((j) => h[j] + d[j])); if ((v < lo && h[i] >= Math.min(...ns.map((j) => h[j]))) || (v > hi && h[i] <= Math.max(...ns.map((j) => h[j])))) { if (d[i]) { d[i] = 0; again = true; } else for (const j of ns) if (d[j]) { d[j] = 0; again = true; } } }
src/core/forces/carve/run.ts	785	iteration	for (const j of ns) if (d[j]) { d[j] = 0; again = true; }
src/core/forces/carve/unleash.ts	58	iteration	for (const [dx, dy] of [ [1, 0], [-1, 0], [0, 1], [0, -1], ]) { const xx = x + dx; const yy = y + dy; if (xx < 0 || yy < 0 || xx >= W || yy >= H) continue; const j = yy * W + xx; if (inPool[j] || depth[j] < 0.02 || Math.abs(heights[j] + depth[j] - level) > LEVEL) continue; inPool[j] = 1; pool.push(j); }
src/core/forces/carve/unleash.ts	80	iteration	for (const i of pool) { const x = i % W; const y = (i - x) / W; for (const [dx, dy] of [ [1, 0], [-1, 0], [0, 1], [0, -1], ]) { const xx = x + dx; const yy = y + dy; if (xx < 1 || yy < 1 || xx >= W - 1 || yy >= H - 1) continue; const j = yy * W + xx; if (inPool[j] || keep?.[j]) continue; // (aimed: the rim nearest where it is aimed; else the lowest, the nearest of them) const h = toward === null ? heights[j] : 0; const d = Math.hypot(xx - sx, yy - sy); if (h < low || (h === low && d < near)) { low = h; near = d; spill = j; } } }
src/core/forces/carve/unleash.ts	83	iteration	for (const [dx, dy] of [ [1, 0], [-1, 0], [0, 1], [0, -1], ]) { const xx = x + dx; const yy = y + dy; if (xx < 1 || yy < 1 || xx >= W - 1 || yy >= H - 1) continue; const j = yy * W + xx; if (inPool[j] || keep?.[j]) continue; // (aimed: the rim nearest where it is aimed; else the lowest, the nearest of them) const h = toward === null ? heights[j] : 0; const d = Math.hypot(xx - sx, yy - sy); if (h < low || (h === low && d < near)) { low = h; near = d; spill = j; } }
src/core/forces/carve/unleash.ts	96	approximate Math.hypot	Math.hypot(xx - sx, yy - sy)
src/core/forces/carve/water.ts	25	new Set	new Set([start])
src/core/forces/carve/water.ts	32	iteration	for (const j of [y ? i - m.W : -1, x ? i - 1 : -1, x < m.W - 1 ? i + 1 : -1, y < m.H - 1 ? i + m.W : -1]) if (j >= 0 && !seen.has(j) && m.heights[j] < level) { seen.add(j); queue.push(j); }
src/core/forces/carve/water.ts	49	sort	basin.slice().sort((a, b) => a - b)
src/core/forces/craterize.ts	46	approximate exponentiation	(power / 100) ** 1.4
src/core/forces/craterize.ts	83	approximate Math.sin	Math.sin(t * Math.PI * 1.6 + ray.phase)
src/core/forces/craterize.ts	83	approximate Math.sin	Math.sin(ray.phase)
src/core/forces/craterize.ts	83	approximate Math.sin	Math.sin(t * Math.PI * 4 + ray.phase)
src/core/forces/craterize.ts	83	approximate Math.sin	Math.sin(t * Math.PI)
src/core/forces/craterize.ts	87	approximate Math.sin	Math.sin(Math.PI * Math.min(1, t * 1.6))
src/core/forces/craterize.ts	87	approximate exponentiation	(1 - t) ** 0.65
src/core/forces/craterize.ts	87	approximate Math.sin	Math.sin(t * 19 + ray.phase)
src/core/forces/craterize.ts	122	approximate Math.atan2	Math.atan2(ey - y, ex - x)
src/core/forces/craterize.ts	123	approximate Math.hypot	Math.hypot(ex - x, ey - y)
src/core/forces/craterize.ts	126	approximate Math.sqrt	Math.sqrt(naturalSize(s.power) / diameter)
src/core/forces/craterize.ts	131	approximate Math.cos	Math.cos(t)
src/core/forces/craterize.ts	132	approximate Math.sin	Math.sin(t)
src/core/forces/craterize.ts	133	approximate Math.cos	Math.cos(angle)
src/core/forces/craterize.ts	133	approximate Math.sin	Math.sin(angle)
src/core/forces/craterize.ts	134	approximate Math.sin	Math.sin(angle)
src/core/forces/craterize.ts	134	approximate Math.cos	Math.cos(angle)
src/core/forces/craterize.ts	137	sort	samples.sort((p, q) => p - q)
src/core/forces/craterize.ts	146	approximate Math.cos	Math.cos(t - angle)
src/core/forces/craterize.ts	147	approximate Math.cos	Math.cos(t)
src/core/forces/craterize.ts	148	approximate Math.sin	Math.sin(t)
src/core/forces/craterize.ts	151	approximate Math.hypot	Math.hypot(Math.cos(t - angle) / a, Math.sin(t - angle) / b)
src/core/forces/craterize.ts	151	approximate Math.cos	Math.cos(t - angle)
src/core/forces/craterize.ts	151	approximate Math.sin	Math.sin(t - angle)
src/core/forces/craterize.ts	186	approximate Math.cos	Math.cos(a.angle)
src/core/forces/craterize.ts	187	approximate Math.sin	Math.sin(a.angle)
src/core/forces/craterize.ts	190	approximate Math.atan2	Math.atan2(v, u)
src/core/forces/craterize.ts	192	approximate Math.sin	Math.sin(theta * 3 + phase)
src/core/forces/craterize.ts	192	approximate Math.sin	Math.sin(theta * 5 - phase * 0.6)
src/core/forces/craterize.ts	193	approximate Math.hypot	Math.hypot(u, v)
src/core/forces/craterize.ts	194	approximate Math.cos	Math.cos(theta)
src/core/forces/craterize.ts	200	iteration	for (const rayInfo of a.rays) { const along = dx * rayInfo.dx + dy * rayInfo.dy; const cross = -dx * rayInfo.dy + dy * rayInfo.dx; if (along < rayInfo.start || along >= rayInfo.length || Math.abs(cross) > rayInfo.width * 4) continue; const t = (along - rayInfo.start) / (rayInfo.length - rayInfo.start); const offset = cross - rayBend(rayInfo, t); const width = rayWidth(rayInfo, t); if (Math.abs(offset) < width) { // Uneven lobes, soft ragged edges and dwindling coverage survive integer-height quantization. const feather = smooth(1 - Math.abs(offset) / width); const grain = hash(rayInfo.seed, x + Math.imul(y, 65537)); if (heavy) { // A coherent raised body remains readable at map scale; gaps and feathered margins stay irregular. const wave = Math.sin(t * 13 + rayInfo.phase); const lobes = smooth((wave + 0.8) / 1.25); const gaps = smooth((wave + 0.96) / 0.28); const fade = 1 - smooth((t - 0
src/core/forces/craterize.ts	213	approximate Math.sin	Math.sin(t * 13 + rayInfo.phase)
src/core/forces/craterize.ts	220	approximate Math.sin	Math.sin(t * 25 + rayInfo.phase)
src/core/forces/craterize.ts	225	iteration	for (const pit of rayInfo.pits) { const dist = (x - pit.x) ** 2 + (y - pit.y) ** 2; if (edgeFade > 0.5 && dist < pit.r ** 2) secondary = Math.max(secondary, dist < pit.r ** 2 * 0.35 ? 2 : 1); }
src/core/forces/craterize.ts	226	approximate exponentiation	(x - pit.x) ** 2
src/core/forces/craterize.ts	226	approximate exponentiation	(y - pit.y) ** 2
src/core/forces/craterize.ts	227	approximate exponentiation	pit.r ** 2
src/core/forces/craterize.ts	227	approximate exponentiation	pit.r ** 2
src/core/forces/craterize.ts	258	iteration	for (const e of before.entities) if (EMITTERS[e.template]) for (const i of footprint(before, e)) this.keep[i] = 1;
src/core/forces/craterize.ts	258	iteration	for (const i of footprint(before, e)) this.keep[i] = 1;
src/core/forces/craterize.ts	287	approximate exponentiation	clamp(r / (s.walls === "steep" ? 0.89 : 0.48), 0, 1) ** 2
src/core/forces/craterize.ts	289	approximate exponentiation	Math.max(0, 1 - r / 0.31) ** 1.25
src/core/forces/craterize.ts	290	approximate Math.exp	Math.exp(-(((r - 0.38) / 0.1) ** 2))
src/core/forces/craterize.ts	290	approximate exponentiation	((r - 0.38) / 0.1) ** 2
src/core/forces/craterize.ts	290	approximate Math.sin	Math.sin(theta * 7 + phase)
src/core/forces/craterize.ts	299	approximate Math.sin	Math.sin(theta * 5 + phase + (r - 1) * 3)
src/core/forces/craterize.ts	299	approximate Math.sin	Math.sin(theta * 3 - phase)
src/core/forces/craterize.ts	300	approximate Math.exp	Math.exp(-(r - 1) * (heavy ? 2.15 : 7))
src/core/forces/craterize.ts	340	approximate Math.hypot	Math.hypot(e.x - a.x, e.y - a.y)
src/core/forces/craterize.ts	354	new Set	new Set(this.map.entities.map((e) => e.id))
src/core/forces/drainage.ts	48	iteration	for (const [dx, dy] of D8) { const xx = x + dx; const yy = y + dy; if (xx < 0 || yy < 0 || xx >= W || yy >= H) continue; const j = yy * W + xx; if (rcv[j] !== -2) continue; rcv[j] = c; const f = h[j] > lv + epsilon ? h[j] : lv + epsilon; filled[j] = f; heap.push(f, j); }
src/core/forces/erupt.ts	74	approximate exponentiation	(p / 100) ** 1.15
src/core/forces/erupt.ts	112	approximate Math.atan2	Math.atan2(Math.sin(t - angle), Math.cos(t - angle))
src/core/forces/erupt.ts	112	approximate Math.sin	Math.sin(t - angle)
src/core/forces/erupt.ts	112	approximate Math.cos	Math.cos(t - angle)
src/core/forces/erupt.ts	115	approximate exponentiation	unit(seed, 800 + k) ** 1.4
src/core/forces/erupt.ts	121	approximate Math.cos	Math.cos(angle)
src/core/forces/erupt.ts	122	approximate Math.sin	Math.sin(angle)
src/core/forces/erupt.ts	126	approximate Math.sin	Math.sin(u * 5.8 + phase)
src/core/forces/erupt.ts	126	approximate Math.sin	Math.sin(u * 10.2 - phase)
src/core/forces/erupt.ts	128	approximate Math.atan2	Math.atan2(a.y + Math.sin(theta) * r - y, a.x + Math.cos(theta) * r - x)
src/core/forces/erupt.ts	128	approximate Math.sin	Math.sin(theta)
src/core/forces/erupt.ts	128	approximate Math.cos	Math.cos(theta)
src/core/forces/erupt.ts	133	iteration	for (const turn of [0, -0.25, 0.25, -0.5, 0.5]) { const nx = x + Math.cos(desired + turn) * step; const ny = y + Math.sin(desired + turn) * step; const nr = Math.hypot(nx - a.x, ny - a.y); if (nr < Math.hypot(x - a.x, y - a.y)) continue; const score = ground(nx, ny) * 0.7 + Math.abs(turn) * 0.65; if (score < best) { best = score; bx = nx; by = ny; } }
src/core/forces/erupt.ts	134	approximate Math.cos	Math.cos(desired + turn)
src/core/forces/erupt.ts	135	approximate Math.sin	Math.sin(desired + turn)
src/core/forces/erupt.ts	136	approximate Math.hypot	Math.hypot(nx - a.x, ny - a.y)
src/core/forces/erupt.ts	137	approximate Math.hypot	Math.hypot(x - a.x, y - a.y)
src/core/forces/erupt.ts	146	approximate Math.hypot	Math.hypot(x - a.x, y - a.y)
src/core/forces/erupt.ts	150	approximate Math.exp	Math.exp(-(((u - 0.89) / 0.18) ** 2))
src/core/forces/erupt.ts	150	approximate exponentiation	((u - 0.89) / 0.18) ** 2
src/core/forces/erupt.ts	161	iteration	for (const lobe of lobes) for (let k = 1; k < lobe.points.length; k++) { const a = lobe.points[k - 1]; const b = lobe.points[k]; const dx = b.x - a.x; const dy = b.y - a.y; const l2 = dx * dx + dy * dy; const w = Math.max(a.width, b.width); for (let y = Math.max(0, Math.floor(Math.min(a.y, b.y) - w)); y <= Math.min(H - 1, Math.ceil(Math.max(a.y, b.y) + w)); y++) for (let x = Math.max(0, Math.floor(Math.min(a.x, b.x) - w)); x <= Math.min(W - 1, Math.ceil(Math.max(a.x, b.x) + w)); x++) { const t = Math.max(0, Math.min(1, ((x - a.x) * dx + (y - a.y) * dy) / (l2 || 1))); const width = a.width + (b.width - a.width) * t; const d = Math.hypot(x - a.x - dx * t, y - a.y - dy * t) / width; if (d < 1) { const v = (1 - d * d) ** 0.65 * lobe.strength; const i = y * W + x; field[i] = Math.max(field[i], v); } } }
src/core/forces/erupt.ts	173	approximate Math.hypot	Math.hypot(x - a.x - dx * t, y - a.y - dy * t)
src/core/forces/erupt.ts	175	approximate exponentiation	(1 - d * d) ** 0.65
src/core/forces/erupt.ts	225	approximate Math.hypot	Math.hypot(pts[a].x - pts[b].x, pts[a].y - pts[b].y)
src/core/forces/erupt.ts	268	approximate exponentiation	(1 - CRATER_R) ** e
src/core/forces/erupt.ts	271	approximate exponentiation	Math.max(0, 1 - r) ** e
src/core/forces/erupt.ts	313	reduce	a.lobes.reduce((v, l) => Math.max(v, l.strength), 0)
src/core/forces/erupt.ts	319	approximate exponentiation	Math.max(0, 1 - r / reach) ** 1.4
src/core/forces/erupt.ts	348	approximate Math.hypot	Math.hypot(b.x - a.x, b.y - a.y)
src/core/forces/erupt.ts	376	iteration	for (const seg of a.segments) { x0 = Math.min(x0, Math.floor(Math.min(seg.a.x, seg.b.x) - reach)); x1 = Math.max(x1, Math.ceil(Math.max(seg.a.x, seg.b.x) + reach)); y0 = Math.min(y0, Math.floor(Math.min(seg.a.y, seg.b.y) - reach)); y1 = Math.max(y1, Math.ceil(Math.max(seg.a.y, seg.b.y) + reach)); }
src/core/forces/erupt.ts	434	approximate Math.hypot	Math.hypot(dx, dy)
src/core/forces/erupt.ts	436	approximate Math.atan2	Math.atan2(dy, dx)
src/core/forces/erupt.ts	488	approximate Math.sqrt	Math.sqrt(k)
src/core/forces/erupt.ts	521	approximate exponentiation	Math.max(0, 1 - r / reach) ** 1.4
src/core/forces/erupt.ts	521	approximate Math.sin	Math.sin(f.theta * 4 + a.phase + r)
src/core/forces/erupt.ts	540	iteration	for (const seg of a.segments) { const dx = seg.b.x - seg.a.x; const dy = seg.b.y - seg.a.y; const t = clamp(((x - seg.a.x) * dx + (y - seg.a.y) * dy) / (seg.length * seg.length), 0, 1); const xx = seg.a.x + dx * t; const yy = seg.a.y + dy * t; const d = Math.hypot(x - xx, y - yy); if (d < distance) { distance = d; cx = xx; cy = yy; along = seg.along + t * seg.length; } }
src/core/forces/erupt.ts	546	approximate Math.hypot	Math.hypot(x - xx, y - yy)
src/core/forces/erupt.ts	554	approximate Math.atan2	Math.atan2(y - cy, x - cx)
src/core/forces/erupt.ts	555	approximate Math.sin	Math.sin(theta * 3 + a.phase)
src/core/forces/erupt.ts	555	approximate Math.sin	Math.sin(theta * 5 - a.phase)
src/core/forces/erupt.ts	556	approximate Math.hypot	Math.hypot(x - cx, y - cy)
src/core/forces/erupt.ts	558	approximate exponentiation	Math.max(0, Math.cos(wave)) ** 8
src/core/forces/erupt.ts	558	approximate Math.cos	Math.cos(wave)
src/core/forces/erupt.ts	561	iteration	for (const v of a.vents) { const d = Math.hypot(x - v.x, y - v.y); if (d < nearest) { nearest = d; vent = v; } }
src/core/forces/erupt.ts	562	approximate Math.hypot	Math.hypot(x - v.x, y - v.y)
src/core/forces/erupt.ts	654	approximate Math.hypot	Math.hypot(x - v.x, y - v.y)
src/core/forces/erupt.ts	660	approximate Math.hypot	Math.hypot(x - a.x, y - a.y)
src/core/forces/erupt.ts	690	approximate Math.hypot	Math.hypot(e.x - f.vent.x, e.y - f.vent.y)
src/core/forces/erupt.ts	702	iteration	for (const i of tiles) { const prior = m.heights[i]; m.heights[i] = height; for (let z = prior; z < height; z++) m.lava[i] |= 1 << z; }
src/core/forces/force.ts	158	new Set	new Set(run.map.entities.map((e) => e.id))
src/core/forces/glaciate/floor.ts	90	approximate Math.hypot	Math.hypot(b.x - a.x, b.y - a.y)
src/core/forces/glaciate/floor.ts	131	sort	aims.slice().sort((a, b) => b.v.weight - a.v.weight || a.v.k - b.v.k)
src/core/forces/glaciate/floor.ts	138	iteration	for (const c of order) { // (the river crosses the floor between visits at a gentle angle: facing falls at the same place // can't both be reached, the bigger one is) const fits = [...ends, ...chosen].every((a) => { const d = Math.abs(c.s - a.s) * length; const across = Math.abs(c.aim - a.aim); return d >= 5 && d >= across * style.crossing; }); if (fits) chosen.push(c); }
src/core/forces/glaciate/floor.ts	148	sort	chosen.sort((a, b) => a.s - b.s)
src/core/forces/glaciate/floor.ts	159	approximate Math.sin	Math.sin(q.s * 8 + phase)
src/core/forces/glaciate/floor.ts	159	approximate Math.sin	Math.sin(Math.PI * q.s)
src/core/forces/glaciate/floor.ts	184	iteration	for (const [dx, dy] of N8) { const xx = x + dx; const yy = y + dy; if (xx < 0 || yy < 0 || xx >= W || yy >= H) continue; const j = yy * W + xx; if (mask[j] !== 1) continue; const next = d + (dx && dy ? Math.SQRT2 : 1); if (next < dist[j]) { dist[j] = next; heap.push(next, j); } }
src/core/forces/glaciate/measure.ts	33	sort	a.sort((x, y) => x - y)
src/core/forces/glaciate/measure.ts	40	iteration	for (const e of m.entities) if (!isPlant(e)) for (const i of entityTiles(W, H, e)) blocked[i] = 1;
src/core/forces/glaciate/measure.ts	40	iteration	for (const i of entityTiles(W, H, e)) blocked[i] = 1;
src/core/forces/glaciate/measure.ts	45	iteration	for (const j of a) flat[j] = 1;
src/core/forces/glaciate/measure.ts	107	approximate Math.hypot	Math.hypot(bb.x - aa.x, bb.y - aa.y)
src/core/forces/glaciate/measure.ts	110	iteration	for (const side of [-1, 1]) for (let u = pt.r * 0.5; u < pt.r * 1.5; u += 0.5) { const x = clamp(Math.floor(pt.x + nx * u * side), 0, W - 1); const y = clamp(Math.floor(pt.y + ny * u * side), 0, H - 1); const i = y * W + x; if (mask[i] !== 1) { walls.push(Math.max(0, before.heights[i] - pt.floor - 1)); break; } }
src/core/forces/glaciate/measure.ts	126	iteration	for (const [dx, dy] of N4) { const x = (i % W) + dx; const y = Math.floor(i / W) + dy; const j = y * W + x; if (x < 0 || y < 0 || x >= W || y >= H || mask[j] !== 1 || m.water.depth[j] <= 0.01) continue; const drop = m.heights[i] - m.heights[j]; if (drop >= 3) edges.push({ lip: i, landing: j, drop }); }
src/core/forces/glaciate/measure.ts	134	sort	edges.sort((x, y) => y.drop - x.drop || x.lip - y.lip)
src/core/forces/glaciate/measure.ts	136	iteration	for (const e of edges) if (!falls.some((f) => Math.hypot((f.lip % W) - (e.lip % W), Math.floor(f.lip / W) - Math.floor(e.lip / W)) < 5)) falls.push(e);
src/core/forces/glaciate/measure.ts	136	approximate Math.hypot	Math.hypot((f.lip % W) - (e.lip % W), Math.floor(f.lip / W) - Math.floor(e.lip / W))
src/core/forces/glaciate/measure.ts	144	approximate Math.hypot	Math.hypot(bb.x - aa.x, bb.y - aa.y)
src/core/forces/glaciate/measure.ts	150	new Set	new Set<number>()
src/core/forces/glaciate/model.ts	113	approximate Math.hypot	Math.hypot(a.x - b.x, a.y - b.y)
src/core/forces/glaciate/model.ts	177	iteration	for (const [dx, dy] of N8) { const xx = x + dx; const yy = y + dy; if (xx < 0 || yy < 0 || xx >= W || yy >= H) continue; const j = yy * W + xx; // crossing high ground costs much more: this finds the low corridors already there const nc = Math.max(c, h[j]) + Math.hypot(dx, dy) * 0.001; if (nc < cost[j]) { cost[j] = nc; this.parent[j] = i; heap.push(nc, j); } }
src/core/forces/glaciate/model.ts	183	approximate Math.hypot	Math.hypot(dx, dy)
src/core/forces/glaciate/model.ts	191	iteration	for (const i of order.reverse()) if (this.parent[i] >= 0) this.area[this.parent[i]] += this.area[i];
src/core/forces/glaciate/model.ts	212	reduce	a.reduce((s, q) => s + q.x, 0)
src/core/forces/glaciate/model.ts	212	reduce	a.reduce((s, q) => s + q.y, 0)
src/core/forces/glaciate/model.ts	246	sort	targets.filter((q) => distance(q, start) >= 8).sort((a, b) => distance(a, start) - distance(b, start))
src/core/forces/glaciate/model.ts	256	approximate Math.sin	Math.sin(t * Math.PI)
src/core/forces/glaciate/model.ts	281	reduce	out.slice(k - 3, k + 4).reduce((a, b) => a + b.x, 0)
src/core/forces/glaciate/model.ts	281	reduce	out.slice(k - 3, k + 4).reduce((a, b) => a + b.y, 0)
src/core/forces/glaciate/model.ts	306	iteration	for (const [xx, yy] of N8) { const nx = x + xx; const ny = y + yy; if (nx < 1 || ny < 1 || nx >= m.W - 1 || ny >= m.H - 1) continue; const j = ny * m.W + nx; const across = Math.abs((nx - start.x) * dy - (ny - start.y) * dx); const nc = c + Math.hypot(xx, yy) * (1 + m.heights[j] * 0.12 + (across / Math.max(6, len * 0.22)) ** 2 * 0.7); if (nc < costs[j]) { costs[j] = nc; parent[j] = i; heap.push(nc, j); } }
src/core/forces/glaciate/model.ts	312	approximate Math.hypot	Math.hypot(xx, yy)
src/core/forces/glaciate/model.ts	312	approximate exponentiation	(across / Math.max(6, len * 0.22)) ** 2
src/core/forces/glaciate/plan.ts	81	reduce	p.reduce((s, q, k) => s + (k ? Math.hypot(q.x - p[k - 1].x, q.y - p[k - 1].y) : 0), 0)
src/core/forces/glaciate/plan.ts	81	approximate Math.hypot	Math.hypot(q.x - p[k - 1].x, q.y - p[k - 1].y)
src/core/forces/glaciate/plan.ts	82	sort	a.sort((x, y) => x - y)
src/core/forces/glaciate/plan.ts	124	iteration	for (const style of FLOOR_STYLES) { const plan = yield* planOnce(input, settings, intent, valley, style); const { floods, ticks } = yield* floorFloods(plan); plan.finished.floods = floods; plan.finished.floodTicks = ticks; const f = best?.finished; if (!f || ticks > f.floodTicks! || (ticks === f.floodTicks && floods < f.floods!)) best = plan; if (floods <= floodAllowance(plan)) break; }
src/core/forces/glaciate/plan.ts	172	approximate Math.hypot	Math.hypot(q.x - reference[k - 1].x, q.y - reference[k - 1].y)
src/core/forces/glaciate/plan.ts	179	approximate Math.hypot	Math.hypot(b.x - a.x, b.y - a.y)
src/core/forces/glaciate/plan.ts	184	approximate Math.log2	Math.log2(1 + valley!.area[tile(q)])
src/core/forces/glaciate/plan.ts	185	approximate Math.sin	Math.sin(arc * 0.11 + phase)
src/core/forces/glaciate/plan.ts	185	approximate Math.sin	Math.sin(arc * 0.27 - phase)
src/core/forces/glaciate/plan.ts	186	approximate Math.exp	Math.exp(-((arc / (r * 0.95)) ** 2))
src/core/forces/glaciate/plan.ts	186	approximate exponentiation	(arc / (r * 0.95)) ** 2
src/core/forces/glaciate/plan.ts	203	iteration	for (const q of path) q.s /= length;
src/core/forces/glaciate/plan.ts	207	iteration	for (const q of path) for (let y = Math.max(0, Math.floor(q.y - q.r)); y < Math.min(H, q.y + q.r); y++) for (let x = Math.max(0, Math.floor(q.x - q.r)); x < Math.min(W, q.x + q.r); x++) { const i = y * W + x; if (before.water.depth[i] > 0.05 && Math.hypot(x + 0.5 - q.x, y + 0.5 - q.y) <= q.r) riverClearance = Math.max(riverClearance, q.floor - before.heights[i]); }
src/core/forces/glaciate/plan.ts	211	approximate Math.hypot	Math.hypot(x + 0.5 - q.x, y + 0.5 - q.y)
src/core/forces/glaciate/plan.ts	215	iteration	for (const q of path) q.floor = Math.max(cutFloor + 1, q.floor - riverClearance);
src/core/forces/glaciate/plan.ts	239	approximate Math.atan2	Math.atan2(y + 0.5 - q.y, x + 0.5 - q.x)
src/core/forces/glaciate/plan.ts	240	approximate Math.sin	Math.sin(angle * 3 + q.s * 11 + phase)
src/core/forces/glaciate/plan.ts	241	approximate Math.hypot	Math.hypot(x + 0.5 - q.x, y + 0.5 - q.y)
src/core/forces/glaciate/plan.ts	249	approximate exponentiation	(2 * rr) ** 2
src/core/forces/glaciate/plan.ts	268	approximate Math.sin	Math.sin((i % W) * 0.22 + Math.floor(i / W) * 0.16 + phase)
src/core/forces/glaciate/plan.ts	278	approximate Math.sin	Math.sin(q.s * 19 + phase)
src/core/forces/glaciate/plan.ts	305	sort	incoming.sort((a, b) => (b.oldWet ? 100000 : 0) + b.area - ((a.oldWet ? 100000 : 0) + a.area) || a.lip - b.lip)
src/core/forces/glaciate/plan.ts	307	iteration	for (const c of incoming) if (!mouths.some((h) => Math.hypot((h.lip % W) - (c.lip % W), Math.floor(h.lip / W) - Math.floor(c.lip / W)) < 7)) mouths.push(c);
src/core/forces/glaciate/plan.ts	307	approximate Math.hypot	Math.hypot((h.lip % W) - (c.lip % W), Math.floor(h.lip / W) - Math.floor(c.lip / W))
src/core/forces/glaciate/plan.ts	312	new Set	new Set<string>()
src/core/forces/glaciate/plan.ts	314	iteration	for (const e of before.entities) { if (!EMITTERS[e.template] || sweptSourceIds.has(e.id) || !entityTiles(e).some((i) => mask[i] === 1 || before.heights[i] !== m.heights[i] || stream[i])) continue; const emitters = modelOf({ ...before, entities: [e] }).emitters; if (!emitters.length) continue; sweptSourceIds.add(e.id); for (const emitter of emitters) if (emitter.contamination > 0) badSwept += emitter.strength; else cleanAbsorbed += emitter.strength; }
src/core/forces/glaciate/plan.ts	319	iteration	for (const emitter of emitters) if (emitter.contamination > 0) badSwept += emitter.strength; else cleanAbsorbed += emitter.strength;
src/core/forces/glaciate/plan.ts	334	iteration	for (const [dx, dy] of N4) { const x = (i % W) + dx; const y = Math.floor(i / W) + dy; const j = y * W + x; if (x < 0 || y < 0 || x >= W || y >= H || receiving[j] || before.water.depth[j] <= 0.01) continue; receiving[j] = 1; wetQueue.push(j); }
src/core/forces/glaciate/plan.ts	343	reduce	modelOf(before).emitters.reduce((sum, e) => sum + (e.cells.some((i) => receiving[i]) ? e.strength : 0), 0)
src/core/forces/glaciate/plan.ts	358	iteration	for (const c of mouths) if (((s.meltwater && enough(c.lip)) || (c.oldWet && survivingFeed.depth[c.lip] > 0)) && !bends.some((b) => Math.abs(path[b.k].s - path[c.k].s) * length < style.spacing)) bends.push(c);
src/core/forces/glaciate/plan.ts	359	iteration	for (const c of mouths) if ((c.oldWet || c.area >= 20) && !bends.some((b) => Math.abs(path[b.k].s - path[c.k].s) * length < Math.max(14, r * 1.2))) bends.push(c);
src/core/forces/glaciate/plan.ts	364	approximate Math.hypot	Math.hypot(b.x - a.x, b.y - a.y)
src/core/forces/glaciate/plan.ts	367	approximate Math.sin	Math.sin(q.s * 8 + phase)
src/core/forces/glaciate/plan.ts	367	approximate Math.sin	Math.sin(Math.PI * q.s)
src/core/forces/glaciate/plan.ts	369	iteration	for (const c of bends) { const d = (q.s - path[c.k].s) * length; const w = Math.exp(-((d / Math.max(10, r * 0.85)) ** 2)); const target = ((c.landing % W) + 0.5 - q.x) * nx + (Math.floor(c.landing / W) + 0.5 - q.y) * ny; off += clamp(target, -q.r * 0.82, q.r * 0.82) * w; weight += w; }
src/core/forces/glaciate/plan.ts	371	approximate Math.exp	Math.exp(-((d / Math.max(10, r * 0.85)) ** 2))
src/core/forces/glaciate/plan.ts	371	approximate exponentiation	(d / Math.max(10, r * 0.85)) ** 2
src/core/forces/glaciate/plan.ts	382	new Map	new Map<number, { i: number; outside: number }[]>()
src/core/forces/glaciate/plan.ts	390	iteration	for (const [dx, dy] of N4) { const x = (j % W) + dx; const y = Math.floor(j / W) + dy; const a = y * W + x; if (x < 0 || y < 0 || x >= W || y >= H) continue; if (mask[a] === 1 && before.heights[j] >= floor[a]) { const list = entrances.get(group) ?? []; list.push({ i: a, outside: j }); entrances.set(group, list); } else if (mask[a] !== 1 && before.water.depth[a] > 0.05 && survivingFeed.depth[a] > 0 && wetGroup[a] < 0) { wetGroup[a] = group; queue.push(a); } }
src/core/forces/glaciate/plan.ts	409	reduce	list.reduce((a, b) => (before.water.depth[a.outside] > before.water.depth[b.outside] ? a : b))
src/core/forces/glaciate/plan.ts	415	iteration	for (const list of inflows()) { const e = entryOf(list); visits.push({ k: nearest[e.i], x: (e.i % W) + 0.5, y: Math.floor(e.i / W) + 0.5, weight: 1e6 + before.water.depth[e.outside] }); }
src/core/forces/glaciate/plan.ts	419	iteration	for (const c of mouths) if ((s.meltwater && enough(c.lip)) || (c.oldWet && survivingFeed.depth[c.lip] > 0)) visits.push({ k: c.k, x: (c.landing % W) + 0.5, y: Math.floor(c.landing / W) + 0.5, weight: (c.oldWet ? 1e5 : 0) + c.area });
src/core/forces/glaciate/plan.ts	428	approximate Math.hypot	Math.hypot(b.x - a.x, b.y - a.y)
src/core/forces/glaciate/plan.ts	455	sort	choices.sort((u, v) => off(u) - off(v))
src/core/forces/glaciate/plan.ts	462	approximate Math.hypot	Math.hypot(xx + 0.5 - x, yy + 0.5 - y)
src/core/forces/glaciate/plan.ts	475	iteration	for (const [dx, dy] of N4) { const x = (i % W) + dx; const y = Math.floor(i / W) + dy; const j = y * W + x; if (x >= 0 && y >= 0 && x < W && y < H && mask[j] === 1 && !riverCells[j]) m.heights[j] = Math.min(top, floor[j] + 1); }
src/core/forces/glaciate/plan.ts	488	approximate exponentiation	((x + 0.5 - tarn.x) / tarnX) ** 2
src/core/forces/glaciate/plan.ts	488	approximate exponentiation	((y + 0.5 - tarn.y) / tarnY) ** 2
src/core/forces/glaciate/plan.ts	510	iteration	for (const [dx, dy] of N4) { const x = (i % W) + dx; const y = Math.floor(i / W) + dy; const j = y * W + x; if (x >= 0 && y >= 0 && x < W && y < H && !draining[j] && stream[j] === 2 && m.heights[j] >= m.heights[i]) { draining[j] = 1; queue.push(j); } }
src/core/forces/glaciate/plan.ts	545	iteration	for (const [dx, dy] of N8) { const xx = x + dx; const yy = y + dy; const j = yy * W + xx; if (xx < 0 || yy < 0 || xx >= W || yy >= H || mask[j] !== 1) continue; if (dx && dy && mask[y * W + xx] !== 1 && mask[yy * W + x] !== 1) continue; const next = d + Math.hypot(dx, dy) * (finish ? 1 : 1 + Math.max(0, floor[j] - datum) * 0.25); if (next < cost[j]) { cost[j] = next; parent[j] = i; heap.push(next, j); } }
src/core/forces/glaciate/plan.ts	551	approximate Math.hypot	Math.hypot(dx, dy)
src/core/forces/glaciate/plan.ts	570	approximate Math.hypot	Math.hypot(b.x - a.x, b.y - a.y)
src/core/forces/glaciate/plan.ts	585	iteration	for (const i of cells) { if (riverCells[i] || main[i]) { stream[i] = 1; m.heights[i] = Math.min(prior[i], riverCells[i] ? riverHeights[i] : prior[i]); } else if (draining[i]) m.heights[i] = Math.min(m.heights[i], prior[i]); draining[i] = 1; }
src/core/forces/glaciate/plan.ts	597	new Set	new Set(reached.map((v) => Math.floor(v.y) * W + Math.floor(v.x)))
src/core/forces/glaciate/plan.ts	599	iteration	for (const c of mouths) { const chain = [c.lip]; let at = c.lip; for (let k = 0; k < Math.max(18, r * 2.5); k++) { const options = upstream[at].filter((j) => mask[j] !== 1); if (!options.length) break; at = options.reduce((a, b) => (valley!.area[a] > valley!.area[b] ? a : b)); chain.push(at); if (k > 8 && before.heights[at] >= before.heights[c.lip] + 2) break; } const gully = chain.slice(0, 5); const lipAt = c.lip; const from = { x: (c.landing % W) + 0.5, y: Math.floor(c.landing / W) + 0.5 }; // (D292: a fall the river doesn't reach, nor passes close by, stays a dry hanging valley) const feed = s.meltwater && enough(c.lip) && (!finish || reachedAt.has(c.landing) || riverDist[c.landing] <= style!.reach); const oldWet = c.oldWet && survivingFeed.depth[c.lip] > 0; const cells: number[] = []; if (feed || oldWet) { let bed = Math.max(0, before.heights[c.lip] - 1); const beds = gully.map((i) =
src/core/forces/glaciate/plan.ts	605	reduce	options.reduce((a, b) => (valley!.area[a] > valley!.area[b] ? a : b))
src/core/forces/glaciate/plan.ts	641	new Set	new Set(cells)
src/core/forces/glaciate/plan.ts	649	iteration	for (const [dx, dy] of N4) { const x = (i % W) + dx; const y = Math.floor(i / W) + dy; const j = y * W + x; if (x >= 0 && y >= 0 && x < W && y < H && mask[j] === 1 && !stream[j]) landings.push(j); }
src/core/forces/glaciate/plan.ts	655	iteration	for (const i of landings) { const from = { x: (i % W) + 0.5, y: Math.floor(i / W) + 0.5 }; // (D292: the lip's other face runs into its own fall's pool, beside it) if (finish) { if (stream[i]) continue; joins.push({ kind: "spill", from: i, length: joinRiver(from, path[nearest[i]].s, 0.5, undefined, true) }); continue; } channel([from], [floor[i]], 1.2, path[nearest[i]].s, 2, undefined, true); joins.push({ kind: "spill", from: i, length: joinRiver(from, path[nearest[i]].s) }); }
src/core/forces/glaciate/plan.ts	673	approximate Math.hypot	Math.hypot(b.x - a.x, b.y - a.y)
src/core/forces/glaciate/plan.ts	677	iteration	for (const centre of scree) { const cx = (centre % W) + 0.5; const cy = Math.floor(centre / W) + 0.5; const rad = 2.5 + noise(s.seed, centre) * 2; for (let y = Math.max(0, Math.floor(cy - rad)); y < Math.min(H, cy + rad); y++) for (let x = Math.max(0, Math.floor(cx - rad)); x < Math.min(W, cx + rad); x++) { const i = y * W + x; const d = Math.hypot(x + 0.5 - cx, y + 0.5 - cy); if (mask[i] !== 1 || stream[i] || d > rad) continue; m.heights[i] = Math.max(floor[i], Math.min(before.heights[i], floor[i] + Math.floor((1 - d / rad) * 3))); } }
src/core/forces/glaciate/plan.ts	684	approximate Math.hypot	Math.hypot(x + 0.5 - cx, y + 0.5 - cy)
src/core/forces/glaciate/plan.ts	691	approximate Math.hypot	Math.hypot(snout.x - prior.x, snout.y - prior.y)
src/core/forces/glaciate/plan.ts	698	approximate Math.hypot	Math.hypot(ex, ey)
src/core/forces/glaciate/plan.ts	699	approximate Math.atan2	Math.atan2(ey, ex)
src/core/forces/glaciate/plan.ts	700	approximate Math.sin	Math.sin(angle * 3 + phase)
src/core/forces/glaciate/plan.ts	707	approximate Math.sin	Math.sin(along * 0.2 + phase)
src/core/forces/glaciate/plan.ts	744	iteration	for (const [xx, yy] of N8) { const nx = x + xx; const ny = y + yy; const j = ny * W + nx; if (nx < 0 || ny < 0 || nx >= W || ny >= H || !allowed(j)) continue; if (xx && yy && !allowed(y * W + nx) && !allowed(ny * W + x)) continue; const next = d + Math.hypot(xx, yy) * (1 + Math.max(0, before.heights[j] - snout.floor) * 0.35); if (next < cost[j]) { cost[j] = next; parent[j] = i; heap.push(next, j); } }
src/core/forces/glaciate/plan.ts	750	approximate Math.hypot	Math.hypot(xx, yy)
src/core/forces/glaciate/plan.ts	774	approximate Math.hypot	Math.hypot(q.x - tail[k - 1].x, q.y - tail[k - 1].y)
src/core/forces/glaciate/plan.ts	784	iteration	for (const list of inflows()) { // a wide or oblique outside river has one receiving notch, not a fan of cuts from every wet // boundary tile; the rest of its old bank stays at the rim const entry = entryOf(list); const centre = { x: (entry.i % W) + 0.5, y: Math.floor(entry.i / W) + 0.5 }; const far = (i: number) => !stream[i] && Math.hypot((i % W) - (entry.i % W), Math.floor(i / W) - Math.floor(entry.i / W)) > 2; for (const { i, outside } of list) if (far(i)) m.heights[i] = Math.max(m.heights[i], Math.min(top, Math.ceil(before.heights[outside] + before.water.depth[outside]))); // (D292: its shore too, two tiles out from its water: an outside river backed up by its new // outlet spreads over its shore, and at the floor's level it would run over the floor as a sheet) if (finish) { const wet = new Set(list.map((e) => e.outside)); const shore = new Set<number>(); for (const o of wet) for (l
src/core/forces/glaciate/plan.ts	789	approximate Math.hypot	Math.hypot((i % W) - (entry.i % W), Math.floor(i / W) - Math.floor(entry.i / W))
src/core/forces/glaciate/plan.ts	790	iteration	for (const { i, outside } of list) if (far(i)) m.heights[i] = Math.max(m.heights[i], Math.min(top, Math.ceil(before.heights[outside] + before.water.depth[outside])));
src/core/forces/glaciate/plan.ts	794	new Set	new Set(list.map((e) => e.outside))
src/core/forces/glaciate/plan.ts	795	new Set	new Set<number>()
src/core/forces/glaciate/plan.ts	796	iteration	for (const o of wet) for (let dy = -2; dy <= 2; dy++) for (let dx = -2; dx <= 2; dx++) { const x = (o % W) + dx; const y = Math.floor(o / W) + dy; const j = y * W + x; if (x >= 0 && y >= 0 && x < W && y < H && mask[j] !== 1) shore.add(j); }
src/core/forces/glaciate/plan.ts	804	iteration	for (const o of shore) for (const [dx, dy] of N4) { const x = (o % W) + dx; const y = Math.floor(o / W) + dy; const i = y * W + x; if (x >= 0 && y >= 0 && x < W && y < H && mask[i] === 1 && far(i) && m.heights[i] <= m.heights[o]) m.heights[i] = Math.min(top, m.heights[o] + 1); }
src/core/forces/glaciate/plan.ts	805	iteration	for (const [dx, dy] of N4) { const x = (o % W) + dx; const y = Math.floor(o / W) + dy; const i = y * W + x; if (x >= 0 && y >= 0 && x < W && y < H && mask[i] === 1 && far(i) && m.heights[i] <= m.heights[o]) m.heights[i] = Math.min(top, m.heights[o] + 1); }
src/core/forces/glaciate/plan.ts	823	iteration	for (const [dx, dy] of N4) { const x = (i % W) + dx; const y = Math.floor(i / W) + dy; const j = y * W + x; if (x >= 0 && y >= 0 && x < W && y < H && (stream[j] === 1 || stream[j] === 2)) bank = Math.max(bank, m.heights[j] + freeboard, receivingSpill[j] + (finish ? freeboard : 1)); }
src/core/forces/glaciate/plan.ts	862	iteration	for (const e of m.entities) for (const i of entityTiles(e)) taken[i] = 1;
src/core/forces/glaciate/plan.ts	862	iteration	for (const i of entityTiles(e)) taken[i] = 1;
src/core/forces/glaciate/plan.ts	867	iteration	for (const q of g.sources) { const at = q.y * W + q.x; addSource(at, q.strength, at === i ? anchor : guidFrom(anchor, q.x, q.y)); taken[at] = 1; }
src/core/forces/glaciate/plan.ts	892	reduce	weights.reduce((a, b) => a + b, 0)
src/core/forces/glaciate/plan.ts	908	iteration	for (const [dx, dy] of N4) { const x = (i % W) + dx; const y = Math.floor(i / W) + dy; const j = y * W + x; if (x < 0 || y < 0 || x >= W || y >= H || mask[j] === 1 || potential.depth[j] <= 0 || m.heights[j] < floor[i]) continue; const bank = Math.min(top, m.heights[j] + Math.max(freeboard, Math.ceil(potential.depth[j] + 0.05))); if (bank > m.heights[i]) m.heights[i] = bank; }
src/core/forces/glaciate/plan.ts	959	new Map	new Map(m.entities.filter((e) => e.template === "Slope").map((e) => [e.y * W + e.x, e]))
src/core/forces/glaciate/plan.ts	983	iteration	for (const i of lakeSeeds) { if (seen[i] || spill[i] <= m.heights[i]) continue; const lv = spill[i]; const queue = [i]; seen[i] = 1; for (let k = 0; k < queue.length; k++) { const j = queue[k]; const x = j % W; const y = Math.floor(j / W); for (const [dx, dy] of N4) { const xx = x + dx; const yy = y + dy; const a = yy * W + xx; if (xx < 0 || yy < 0 || xx >= W || yy >= H || seen[a] || spill[a] !== lv || m.heights[a] >= lv) continue; seen[a] = 1; queue.push(a); } } if (queue.length < 3) continue; const bottom = Math.min(...queue.map((j) => m.heights[j])); basins.push({ tiles: queue.sort((a, b) => a - b), floor: bottom, outlet: lv, depth: lv - bottom, fed: queue.some((j) => feed.depth[j] > 0.01) }); }
src/core/forces/glaciate/plan.ts	992	iteration	for (const [dx, dy] of N4) { const xx = x + dx; const yy = y + dy; const a = yy * W + xx; if (xx < 0 || yy < 0 || xx >= W || yy >= H || seen[a] || spill[a] !== lv || m.heights[a] >= lv) continue; seen[a] = 1; queue.push(a); }
src/core/forces/glaciate/plan.ts	1003	sort	queue.sort((a, b) => a - b)
src/core/forces/glaciate/plan.ts	1005	iteration	for (const i of [...new Set(basins.flatMap((b) => b.tiles))].sort((a, b) => a - b)) { retained.tiles.push(i); retained.floor.push(m.heights[i]); retained.depth.push(s.meltwater ? Math.max(0, spill[i] - m.heights[i] - 0.04) : 0); retained.contamination.push(0); }
src/core/forces/glaciate/plan.ts	1005	sort	[...new Set(basins.flatMap((b) => b.tiles))].sort((a, b) => a - b)
src/core/forces/glaciate/plan.ts	1005	new Set	new Set(basins.flatMap((b) => b.tiles))
src/core/forces/glaciate/run.ts	95	time	performance.now()
src/core/forces/glaciate/run.ts	102	time	performance.now()
src/core/forces/glaciate/run.ts	111	new Set	new Set(this.before.entities.map((e) => e.id))
src/core/forces/glaciate/run.ts	177	new Map	new Map(f.entities.map((e) => [e.id, e]))
src/core/forces/glaciate/run.ts	184	new Set	new Set(b.entities.map((e) => e.id))
src/core/forces/glaciate/run.ts	187	new Set	new Set(m.entities.map((e) => e.id))
src/core/forces/objects.ts	30	new Set	new Set((before.fallen ?? []).map((f) => f.id))
src/core/forces/objects.ts	31	new Map	new Map(after.entities.map((e) => [e.id, e]))
src/core/forces/objects.ts	32	new Set	new Set<string>()
src/core/forces/objects.ts	33	iteration	for (const f of after.fallen) { const e = at.get(f.id); if (!e || was.has(f.id)) continue; const i = e.y * after.W + e.x; if (after.heights[i] !== before.heights[i]) gone.add(f.id); }
src/core/forces/objects.ts	59	iteration	for (const e of m.entities) if (e.template === "StartingLocation") { const tiles = footprint(m, e); const fp = FOOTPRINTS[e.template]?.size ?? [3, 3, 1]; if (tiles.length !== fp[0] * fp[1] || tiles.some((i) => m.heights[i] !== e.z)) return "Start needs flat ground"; if (tiles.some((i) => m.water.depth[i] > 0.05)) return "Water would cover the start"; }
src/core/forces/op.ts	118	iteration	for (const i of p.tiles) { const x = i % W; const y = (i - x) / W; if (x < x0) x0 = x; if (x > x1) x1 = x; if (y < y0) y0 = y; if (y > y1) y1 = y; }
src/core/forces/op.ts	141	iteration	for (const [k, list] of Object.entries(ENUMS[verb])) if (!list.includes(s[k] as string)) return [`${name}'s ${k} is one of ${list.join(", ")}`];
src/core/forces/op.ts	141	object iteration	Object.entries(ENUMS[verb])
src/core/forces/op.ts	142	iteration	for (const k of FLAGS[verb]) if (typeof s[k] !== "boolean") return [`${name}'s ${k} is true or false`];
src/core/forces/op.ts	213	approximate exponentiation	2 ** 22
src/core/forces/op.ts	216	iteration	for (const m of p.moved ?? []) if (!inMap(m.x, m.y)) return ["an object a force carried must stay on the map"];
src/core/forces/op.ts	217	iteration	for (const f of p.felled ?? []) if (!(Number.isFinite(f.dx) && Number.isFinite(f.dy) && Math.abs(f.dx) <= 1.5 && Math.abs(f.dy) <= 1.5)) return ["a felled tree lies along a direction of length 1 at most"];
src/core/forces/op.ts	222	iteration	for (const s of p.sources) { if (!inMap(s.x, s.y)) return ["the carve's source is off the map"]; if (!(s.strength > 0 && s.strength <= 8)) return ["a carve's source gives 0 to 8 water a second"]; }
src/core/forces/op.ts	234	iteration	for (const q of p.sources) { if (!inMap(q.x, q.y)) return ["a glacier's spring is off the map"]; if (!(q.strength > 0 && q.strength <= 8)) return ["a glacier's spring gives 0 to 8 water a second"]; }
src/core/forces/op.ts	238	new Set	new Set(p.sources.map((q) => q.id))
src/core/forces/path.ts	16	approximate Math.hypot	Math.hypot(points[k].x - points[k - 1].x, points[k].y - points[k - 1].y)
src/core/forces/path.ts	32	approximate Math.hypot	Math.hypot(points[k].x - from.x, points[k].y - from.y)
src/core/forces/path.ts	52	iteration	for (const p of points) { const t: [number, number] = [clamp(Math.round(p.x), 0, W - 1), clamp(Math.round(p.y), 0, H - 1)]; const last = out[out.length - 1]; if (!last || last[0] !== t[0] || last[1] !== t[1]) out.push(t); }
src/core/forces/path.ts	91	approximate Math.exp	Math.exp(-Math.max(0, dt) / 0.018)
src/core/forces/path.ts	94	approximate Math.hypot	Math.hypot(this.smoothed.x - last.x, this.smoothed.y - last.y)
src/core/forces/quake.ts	98	approximate Math.sqrt	Math.sqrt((b.x - a.x) ** 2 + (b.y - a.y) ** 2)
src/core/forces/quake.ts	98	approximate exponentiation	(b.x - a.x) ** 2
src/core/forces/quake.ts	98	approximate exponentiation	(b.y - a.y) ** 2
src/core/forces/quake.ts	114	approximate Math.hypot	Math.hypot(end.x - first.x, end.y - first.y)
src/core/forces/quake.ts	114	reduce	raw.reduce((best, s) => (Math.hypot(s.b.x - first.x, s.b.y - first.y) > Math.hypot(best.x - first.x, best.y - first.y) ? s.b : best), end)
src/core/forces/quake.ts	114	approximate Math.hypot	Math.hypot(s.b.x - first.x, s.b.y - first.y)
src/core/forces/quake.ts	114	approximate Math.hypot	Math.hypot(best.x - first.x, best.y - first.y)
src/core/forces/quake.ts	115	approximate Math.hypot	Math.hypot(end.x - first.x, end.y - first.y)
src/core/forces/quake.ts	134	approximate Math.sqrt	Math.sqrt((b.x - a.x) ** 2 + (b.y - a.y) ** 2)
src/core/forces/quake.ts	134	approximate exponentiation	(b.x - a.x) ** 2
src/core/forces/quake.ts	134	approximate exponentiation	(b.y - a.y) ** 2
src/core/forces/quake.ts	153	approximate Math.hypot	Math.hypot(b.x - a.x, b.y - a.y)
src/core/forces/quake.ts	169	iteration	for (const s of this.segments) { const rx = x - s.a.x; const ry = y - s.a.y; const t = rx * s.dx + ry * s.dy; const u = clamp(t, 0, s.length); const ex = rx - s.dx * u; const ey = ry - s.dy * u; const d2 = ex * ex + ey * ey; if (d2 < best) { best = d2; result = { d: (s.dx * ry - s.dy * rx) * this.intent.side, along: s.along + u, dx: s.dx, dy: s.dy, end: Math.abs(t - u) }; } }
src/core/forces/quake.ts	205	approximate Math.hypot	Math.hypot(dx, dy)
src/core/forces/quake.ts	288	approximate Math.hypot	Math.hypot((j % W) - (i % W), Math.floor(j / W) - Math.floor(i / W))
src/core/forces/quake.ts	312	approximate Math.hypot	Math.hypot(this.dx[i], this.dy[i])
src/core/forces/quake.ts	351	approximate Math.hypot	Math.hypot(p1.x - p0.x, p1.y - p0.y)
src/core/forces/quake.ts	357	approximate exponentiation	(xx - px) ** 2
src/core/forces/quake.ts	357	approximate exponentiation	(yy - py) ** 2
src/core/forces/quake.ts	376	iteration	for (const p of this.fault.points) for (let yy = -2; yy <= 2; yy++) for (let xx = -2; xx <= 2; xx++) { const x = clamp(Math.round(p.x) + xx, 0, this.map.W - 1); const y = clamp(Math.round(p.y) + yy, 0, this.map.H - 1); const i = y * this.map.W + x; const f = this.fault.at(x, y); const h = this.before.heights[i]; this.map.heights[i] = h === 0 ? 1 : h === cap ? h - 1 : clamp(h + (f.d >= 0 ? 1 : -1), 0, cap); }
src/core/forces/quake.ts	397	new Map	new Map(this.map.entities.map((e) => [e.id, Number(staysInside(e))]))
src/core/forces/quake.ts	397	new Map	new Map<string, number>()
src/core/forces/quake.ts	402	sort	[...this.map.entities].filter((e) => e.template !== "StartingLocation").sort((a, b) => (inside.get(b.id) ?? 0) - (inside.get(a.id) ?? 0))
src/core/forces/quake.ts	403	new Map	new Map(this.map.fallen.map((f) => [f.id, f]))
src/core/forces/quake.ts	404	iteration	for (const e of all) { const old = { ...e }; const f = this.fault.movement(e.x, e.y); const fp = FOOTPRINTS[e.template]?.size ?? [1, 1, 1]; const corners = [objectTile(e, 0, 0), objectTile(e, fp[0] - 1, 0), objectTile(e, 0, fp[1] - 1), objectTile(e, fp[0] - 1, fp[1] - 1)]; const xs = corners.map((p) => p[0] - e.x); const ys = corners.map((p) => p[1] - e.y); const margin = 0; const px = clamp(e.x + f.dx, margin - Math.min(...xs), W - 1 - margin - Math.max(...xs)); const py = clamp(e.y + f.dy, margin - Math.min(...ys), H - 1 - margin - Math.max(...ys)); e.x = px; e.y = py; if (f.dx || f.dy || (this.settings.mode === "slide" && footprint(this.map, e, margin).some((i) => occupied[i]))) { let found = false; for (let radius = 0; radius <= Math.max(W, H) && !found; radius++) for (let yy = -radius; yy <= radius && !found; yy++) for (let xx = -radius; xx <= radius && !found; xx++) { if (radius &&
src/core/forces/quake.ts	436	iteration	for (const i of support) occupied[i] = 1;
src/core/forces/quake.ts	440	iteration	for (const i of footprint(this.map, old, margin)) this.arrival[i] = arrival;
src/core/forces/quake.ts	441	iteration	for (const i of support) { this.map.heights[i] = e.z; this.arrival[i] = arrival; }
src/core/forces/quake.ts	494	new Map	new Map(plan.map.entities.map((e) => [e.id, e]))
src/core/forces/quake.ts	564	approximate Math.hypot	Math.hypot(gx, gy)
src/core/forces/quake.ts	564	approximate Math.atan2	Math.atan2(gy, gx)
src/core/forces/quake.ts	567	approximate Math.cos	Math.cos(angle)
src/core/forces/quake.ts	568	approximate Math.sin	Math.sin(angle)
src/core/forces/quake.ts	572	approximate exponentiation	(k / 2) ** 2
src/core/forces/quake.ts	581	approximate Math.hypot	Math.hypot(path[k].x - path[k - 1].x, path[k].y - path[k - 1].y)
src/core/forces/result.ts	39	new Map	new Map(after.entities.map((e) => [e.id, e]))
src/core/forces/result.ts	42	iteration	for (const b of before.entities) { const e = now.get(b.id); if (e && !kept(b) && (e.x !== b.x || e.y !== b.y)) moved.push({ id: b.id, x: e.x, y: e.y }); }
src/core/forces/result.ts	46	new Set	new Set((before.fallen ?? []).map((f) => f.id))
src/core/forces/result.ts	48	iteration	for (const f of after.fallen ?? []) { const e = now.get(f.id); if (!e || kept(e) || wasFallen.has(f.id)) continue; // (which way it lies: a unit direction, whatever length the force gave it) const l = Math.hypot(f.dx, f.dy) || 1; felled.push({ id: f.id, dx: round4(f.dx / l), dy: round4(f.dy / l) }); }
src/core/forces/result.ts	52	approximate Math.hypot	Math.hypot(f.dx, f.dy)
src/core/forces/runs.ts	106	new Map	new Map(after.entities.map((e) => [e.id, e]))
src/core/forces/runs.ts	108	iteration	for (const b of before.entities) if (kept(b)) { const k = out.findIndex((e) => e.id === b.id); if (k >= 0) out[k] = structuredClone(b); else out.push(structuredClone(b)); any = true; }
src/core/forces/runs.ts	116	new Set	new Set(out.map((e) => e.id))
src/core/forces/runs.ts	118	iteration	for (const f of before.fallen) if (kept({ x: Math.floor(f.x), y: Math.floor(f.y) }) && !after.fallen.some((g) => g.id === f.id)) after.fallen.push(structuredClone(f));
src/core/forces/runs.ts	229	time	performance.now()
src/core/forces/runs.ts	230	time	performance.now()
src/core/forces/runs.ts	250	approximate Math.cos	Math.cos(a.angle)
src/core/forces/runs.ts	251	approximate Math.sin	Math.sin(a.angle)
src/core/forces/runs.ts	256	approximate Math.hypot	Math.hypot((dx * c + dy * s) / a.a, (-dx * s + dy * c) / a.b)
src/core/forces/runs.ts	316	time	performance.now()
src/core/forces/runs.ts	317	time	performance.now()
src/core/forces/runs.ts	343	new Map	new Map(m.entities.map((e) => [e.id, e]))
src/core/forces/runs.ts	349	new Set	new Set(this.before.fallen.map((f) => f.id))
src/core/forces/runs.ts	350	new Set	new Set(m.entities.map((e) => e.id))
src/core/forces/runs.ts	370	approximate Math.hypot	Math.hypot(x - a.x, y - a.y)
src/core/forces/runs.ts	374	iteration	for (const seg of a.segments) { const dx = seg.b.x - seg.a.x; const dy = seg.b.y - seg.a.y; const t = clamp(((x - seg.a.x) * dx + (y - seg.a.y) * dy) / (seg.length * seg.length), 0, 1); const d = Math.hypot(x - seg.a.x - dx * t, y - seg.a.y - dy * t); if (d < dist) { dist = d; along = (seg.along + t * seg.length) / a.length; } }
src/core/forces/runs.ts	378	approximate Math.hypot	Math.hypot(x - seg.a.x - dx * t, y - seg.a.y - dy * t)
src/core/forces/runs.ts	438	time	performance.now()
src/core/forces/runs.ts	439	time	performance.now()
src/core/forces/runs.ts	521	approximate Math.hypot	Math.hypot(p.dx[i], p.dy[i])
src/core/forces/runs.ts	530	new Map	new Map(p.map.entities.map((e) => [e.id, e]))
src/core/format/footprints.ts	55	iteration	for (const [lx0, ly, lz, below, flags, stack, oab] of fp.blocks) { if (flags === 0) continue; const lx = p.flipped && fp.flippable ? sx - 1 - lx0 : lx0; const [dx, dy] = rotate(p.orientation, lx, ly); out.push({ x: p.x + dx, y: p.y + dy, z: p.z + lz, below, flags, stackable: !!stack, occupyAllBelow: !!oab, localZ: lz }); }
src/core/format/footprints.ts	67	new Set	new Set<string>()
src/core/format/footprints.ts	69	iteration	for (const b of worldBlocks(fp, p)) { const k = `${b.x},${b.y}`; if (!seen.has(k)) { seen.add(k); out.push([b.x, b.y]); } }
src/core/format/json.ts	28	number formatting	v.toExponential()
src/core/format/json.ts	62	iteration	for (const k in v) { if (!first) out.push(","); first = false; writeString(k, out); out.push(":"); enc(v[k]); }
src/core/format/normalize.ts	56	new Set	new Set(["Maple", "ChestnutTree", "Mangrove", "Dandelion", "CoffeeBush", "Spadderdock", "Cattail"])
src/core/format/normalize.ts	78	iteration	for (const k in obj) { if (k === from) out[to] = value; else if (k !== to) out[k] = obj[k]; }
src/core/format/normalize.ts	89	iteration	for (const k in obj) { if (k === key) continue; if (!done && k === before) { out[key] = value; done = true; } out[k] = obj[k]; }
src/core/format/normalize.ts	103	iteration	for (const k in obj) if (k !== key) out[k] = obj[k];
src/core/format/normalize.ts	109	new Map	new Map<string, ImportChange>()
src/core/format/normalize.ts	134	iteration	for (const k in tm) { if (k === "Heights") out.Voxels = { Array: "" }; else out[k] = tm[k]; }
src/core/format/normalize.ts	220	iteration	for (const key in ws) { const v = ws[key]; half[key] = (key === "SpecifiedStrength" || key === "CurrentStrength") && (typeof v === "number" || v instanceof JsonFloat) ? F(num(v) * 0.5) : v; }
src/core/format/normalize.ts	252	object iteration	Object.keys(o)
src/core/format/normalize.ts	265	object iteration	Object.keys(v)
src/core/format/normalize.ts	273	iteration	for (const k in v) { const x = v[k]; let y: JsonValue = x; if (k === "Good" && isObject(x) && Object.keys(x).length === 1 && typeof x.Id === "string") { y = x.Id; ch.count("entities.goods", "info", (n) => `Rewrote ${n} goods from the old {"Id": …} form.`); } else if (isObject(x) || Array.isArray(x)) y = migrateGoods(x, ch); if (y !== x) { out ??= { ...v }; out[k] = y; } }
src/core/format/normalize.ts	276	object iteration	Object.keys(x)
src/core/format/normalize.ts	301	iteration	for (const key of ["Orientation", "Flipped"]) { if (key in b2) { const v = unwrapValue(b2[key]); if (v !== b2[key]) { b2 = { ...b2, [key]: v }; ch.count("entities.enums", "info", (n) => `Rewrote ${n} orientations from the old {"Value": …} form.`); } } }
src/core/format/normalize.ts	331	iteration	for (const key of OBSOLETE_COMPONENTS) { if (key in comps) { comps = withoutKey(comps, key); ch.count(`entities.obsolete.${key}`, "info", (n) => `Dropped ${n} ${key} components, which Timberborn 1.1 never reads.`); } }
src/core/format/normalize.ts	342	new Map	new Map<string, string[]>()
src/core/format/normalize.ts	343	iteration	for (const e of w.entities) { const t = String(e.Template); if (!FACTION_ONLY_PLANTS.has(t)) continue; const list = byTemplate.get(t) ?? []; list.push(String(e.Id)); byTemplate.set(t, list); }
src/core/format/normalize.ts	352	iteration	for (const [t, list] of [...byTemplate].sort((a, b) => (a[0] < b[0] ? -1 : 1))) { ids.push(...list); names.push(`${list.length} ${t}`); }
src/core/format/normalize.ts	352	sort	[...byTemplate].sort((a, b) => (a[0] < b[0] ? -1 : 1))
src/core/format/normalize.ts	373	iteration	for (const [k, def] of METADATA_KEYS) out[k] = k in md ? md[k] : def;
src/core/format/normalize.ts	374	iteration	for (const k in md) if (!(k in out)) out[k] = md[k];
src/core/format/normalize.ts	397	iteration	for (const key in w.singletons) { const v = w.singletons[key]; if (key !== "TerrainMap" && key !== "WaterMapNew" && (isObject(v) || Array.isArray(v))) w.singletons[key] = migrateGoods(v, ch); }
src/core/format/timber.ts	62	new Date	new Date(2026, 0, 1, 12, 0, 0)
src/core/format/timber.ts	69	iteration	for (const [name, data] of file.extraFiles) entries[name] = [data, opts];
src/core/format/timber.ts	79	object iteration	Object.keys(files)
src/core/format/timber.ts	91	new Set	new Set(["world.json", "map_metadata.json", "map_thumbnail.jpg", "version.txt"])
src/core/format/vendor/jpeg-encoder.js	633	new Date	new Date()
src/core/format/vendor/jpeg-encoder.js	741	new Date	new Date()
src/core/format/vendor/jpeg-encoder.js	771	new Date	new Date()
src/core/format/vendor/jpeg-encoder.js	780	new Date	new Date()
src/core/format/world.ts	154	number formatting	v.toPrecision(7)
src/core/format/world.ts	277	iteration	for (const k in w.singletons) singletons[k] = w.singletons[k];
src/core/gen/blobs.ts	21	new Set	new Set<number>([seed])
src/core/gen/blobs.ts	23	new Map	new Map<number, number>()
src/core/gen/blobs.ts	27	iteration	for (const [dx, dy] of N8) { const xx = x + dx; const yy = y + dy; if (xx < 0 || xx >= W || yy < 0 || yy >= H) continue; const j = yy * W + xx; if (!allowed[j] || blob.has(j)) continue; frontier.set(j, (frontier.get(j) ?? 0) + 1); }
src/core/gen/blobs.ts	39	iteration	for (const c of frontier.values()) total += table[Math.min(8, c)];
src/core/gen/blobs.ts	42	iteration	for (const [tile, c] of frontier) { r -= table[Math.min(8, c)]; if (r < 0) { pick = tile; break; } }
src/core/gen/blobs.ts	61	new Set	new Set(tiles)
src/core/gen/blobs.ts	65	iteration	for (const [dx, dy] of N4) { const xx = x + dx; if (xx < 0 || xx >= W) continue; if (set.has(i + dx + dy * W)) k++; }
src/core/gen/blobs.ts	74	iteration	for (const i of interior.slice(0, k)) set.delete(i);
src/core/gen/blobs.ts	92	iteration	for (const i of cand) { if (weight[i] < wmax && rng.float() >= weight[i] / wmax) continue; const x = i % W; const y = (i - x) / W; let ok = true; for (const s of seeds) { const sx = s % W; const sy = (s - sx) / W; if ((x - sx) * (x - sx) + (y - sy) * (y - sy) < g2) { ok = false; break; } } if (!ok) continue; seeds.push(i); if (seeds.length >= count) break; }
src/core/gen/blobs.ts	97	iteration	for (const s of seeds) { const sx = s % W; const sy = (s - sx) / W; if ((x - sx) * (x - sx) + (y - sy) * (y - sy) < g2) { ok = false; break; } }
src/core/gen/extras.ts	99	iteration	for (const f of inp.features) { if (f.kind !== "lake") continue; const m = polygonMask(f.params.outline, W, H); for (let i = 0; i < N; i++) if (m[i]) blocked[i] = 1; }
src/core/gen/extras.ts	135	iteration	for (const [x, y] of tiles) for (let dy = -ring; dy <= ring; dy++) for (let dx = -ring; dx <= ring; dx++) { const xx = x + dx; const yy = y + dy; if (xx >= 0 && yy >= 0 && xx < W && yy < H) blocked[yy * W + xx] = 1; }
src/core/gen/extras.ts	148	iteration	for (const e of b.entities) { if (WALK_BLOCKERS.has(e.template)) for (const [x, y] of entityTiles(e)) if (x >= 0 && y >= 0 && x < W && y < H) walkBlocked[y * W + x] = 1; if (e.template !== "Slope") continue; const [dx, dy] = slopeHighSideOf(e.orientation); const hx = e.x + dx; const hy = e.y + dy; if (e.x >= 0 && e.y >= 0 && e.x < W && e.y < H && hx >= 0 && hy >= 0 && hx < W && hy < H) links.push([e.y * W + e.x, hy * W + hx]); }
src/core/gen/extras.ts	149	iteration	for (const [x, y] of entityTiles(e)) if (x >= 0 && y >= 0 && x < W && y < H) walkBlocked[y * W + x] = 1;
src/core/gen/extras.ts	159	iteration	for (const kind of ORDER) { const want = counts[kind] ?? 0; const band = EXTRA_BANDS[kind]; // a little inside the validator's band, so rounding never puts an object on its edge const lo = (band.scaled ? band.lo * scale : band.lo) + 1; const hi = (band.scaled ? band.hi * scale : band.hi) - 1; if (kind === "mineSite") { for (let k = 0; k < want; k++) { const fits = (tiles: [number, number][]) => !fitProblems(kind, tiles, { W, H, heights: h, water: b.water, channel: b.channel, occupied: b.occupied }).length; // (a third of the band's start beyond it, where the band has room) const spot = pickMineSite({ W, H, heights: h, blocked, startDist: sd, regions, root }, rng, { lo, hi, far: lo + (band.scaled ? band.lo * scale : band.lo) / 3 }, fits); if (!spot) break; const { id: fid, role } = id(kind, k); out.push({ id: fid, kind: "mapObject", origin: "generated", role, locked: false, params: { kind
src/core/gen/extras.ts	200	iteration	for (const [tx, ty] of tiles) d = Math.min(d, sd[ty * W + tx]);
src/core/gen/extras.ts	247	iteration	for (const [x, y] of target) { mx += x; my += y; }
src/core/gen/extras.ts	259	iteration	for (const [dx, dy] of [[1, 0], [-1, 0], [0, 1], [0, -1], [1, 1], [1, -1], [-1, 1], [-1, -1]]) { const xx = bx + dx; const yy = by + dy; if (xx < 0 || yy < 0 || xx >= W || yy >= H) continue; if (sd[yy * W + xx] < bd) { bd = sd[yy * W + xx]; best = yy * W + xx; } }
src/core/gen/extras.ts	276	approximate Math.sqrt	Math.sqrt(dx * dx + dy * dy)
src/core/gen/extras.ts	295	new Set	new Set<number>()
src/core/gen/extras.ts	310	sort	tiles.slice(0, 40).sort((a, b) => a - b)
src/core/gen/extras.ts	340	iteration	for (const f of features) { if (f.kind !== "lake") continue; const m = polygonMask(f.params.outline, W, H); for (let i = 0; i < N; i++) if (m[i]) lakes[i] = 1; }
src/core/gen/extras.ts	353	approximate Math.sqrt	Math.sqrt((x - b.start.x) * (x - b.start.x) + (y - b.start.y) * (y - b.start.y))
src/core/gen/extras.ts	362	sort	scored.sort((a, c) => c[0] - a[0] || a[1] - c[1])
src/core/gen/extras.ts	364	iteration	for (const [, i] of scored) { const x = i % W; const y = (i - x) / W; if (out.some(([ox, oy]) => (ox - x) * (ox - x) + (oy - y) * (oy - y) < 24 * 24)) continue; out.push([x, y]); if (out.length >= n) break; }
src/core/gen/extras.ts	390	iteration	for (const s of b.slopes) { const [dx, dy] = slopeHighSideOf(s.orientation); const hx = s.x + dx; const hy = s.y + dy; if (hx >= 0 && hy >= 0 && hx < W && hy < H) links.push([s.y * W + s.x, hy * W + hx]); }
src/core/gen/extras.ts	399	iteration	for (const f of features) { if (f.kind !== "lake") continue; const m = polygonMask(f.params.outline, W, H); for (let i = 0; i < N; i++) if (m[i]) lakes[i] = 1; }
src/core/gen/extras.ts	425	iteration	for (const [dx, dy] of [[1, 0], [-1, 0], [0, 1], [0, -1]]) { const ax = xx + dx; const ay = yy + dy; if ((ax - x) * (ax - x) + (ay - y) * (ay - y) <= R * R + R) stair = Math.max(stair, lv - h[j]); }
src/core/gen/extras.ts	435	sort	scored.sort((a, c) => a[0] - c[0] || a[1] - c[1])
src/core/gen/extras.ts	437	iteration	for (const [, i, rise] of scored) { const x = i % W; const y = (i - x) / W; if (out.some(([ox, oy]) => (ox - x) * (ox - x) + (oy - y) * (oy - y) < 16 * 16)) continue; out.push([x, y, h[i], rise]); if (out.length >= n) break; }
src/core/gen/extras.ts	453	iteration	for (const s of b.slopes) { const [dx, dy] = slopeHighSideOf(s.orientation); const hx = s.x + dx; const hy = s.y + dy; if (hx >= 0 && hy >= 0 && hx < W && hy < H) links.push([s.y * W + s.x, hy * W + hx]); }
src/core/gen/extras.ts	473	iteration	for (const [dx, dy] of [[1, 0], [-1, 0], [0, 1], [0, -1]]) if ((xx + dx - x) * (xx + dx - x) + (yy + dy - y) * (yy + dy - y) <= R2) stair = true;
src/core/gen/generate.ts	193	time	performance.now()
src/core/gen/generate.ts	262	new Set	new Set<number>()
src/core/gen/generate.ts	263	iteration	for (const [lo, hi] of steps) { if (seen.has(lo)) continue; const x = lo % W; const y = (lo - x) / W; const bx = 2 * x - (hi % W); const by = 2 * y - Math.floor(hi / W); if (bx < 0 || by < 0 || bx >= W || by >= H) continue; if (h[hi] !== h[lo] + 1 || h[by * W + bx] !== h[lo]) continue; seen.add(lo); out.push([lo, hi]); }
src/core/gen/generate.ts	285	iteration	for (const i of lk.tiles) lakeOf[i] = k;
src/core/gen/generate.ts	288	iteration	for (const r of hy.rivers) { const { path, width, flow } = r.params; const per = flow / Math.max(1, width); const reach = width / 2 + 0.75; for (let k = 0; k + 1 < path.length; k++) { const [ax, ay] = path[k]; const [bx, by] = path[k + 1]; const x0 = Math.max(0, Math.floor(Math.min(ax, bx) - reach)); const x1 = Math.min(W - 1, Math.ceil(Math.max(ax, bx) + reach)); const y0 = Math.max(0, Math.floor(Math.min(ay, by) - reach)); const y1 = Math.min(H - 1, Math.ceil(Math.max(ay, by) + reach)); const vx = bx - ax; const vy = by - ay; const l2 = vx * vx + vy * vy; for (let y = y0; y <= y1; y++) for (let x = x0; x <= x1; x++) { let t = l2 > 0 ? ((x - ax) * vx + (y - ay) * vy) / l2 : 0; t = t < 0 ? 0 : t > 1 ? 1 : t; const dx = ax + t * vx - x; const dy = ay + t * vy - y; if (dx * dx + dy * dy <= reach * reach) { const i = y * W + x; if (per > q[i]) q[i] = per; } } } }
src/core/gen/generate.ts	321	iteration	for (const [dx, dy] of [[1, 0], [-1, 0], [0, 1], [0, -1]] as const) { const xx = x + dx; const yy = y + dy; if (xx < 0 || yy < 0 || xx >= W || yy >= H) continue; const j = yy * W + xx; if (!hy.water[j]) bank = Math.min(bank, h[j]); }
src/core/gen/generate.ts	328	approximate Math.sqrt	Math.sqrt(q[i] / 0.82)
src/core/gen/generate.ts	339	new Set	new Set<number>()
src/core/gen/generate.ts	340	iteration	for (const lk of hy.lakes) for (const i of lk.tiles) lake.add(i);
src/core/gen/generate.ts	340	iteration	for (const i of lk.tiles) lake.add(i);
src/core/gen/generate.ts	361	iteration	for (const e of b.entities) { if (e.template === "Slope") { const [dx, dy] = slopeHighSide(e.orientation); const hx = e.x + dx; const hy = e.y + dy; if (e.x >= 0 && e.y >= 0 && e.x < W && e.y < H && hx >= 0 && hy >= 0 && hx < W && hy < H) links.push([e.y * W + e.x, hy * W + hx]); continue; } if (WALK_BLOCKERS.has(e.template)) for (const [x, y] of entityTiles(e)) if (x >= 0 && y >= 0 && x < W && y < H) blocked[y * W + x] = 1; }
src/core/gen/generate.ts	369	iteration	for (const [x, y] of entityTiles(e)) if (x >= 0 && y >= 0 && x < W && y < H) blocked[y * W + x] = 1;
src/core/gen/generate.ts	410	iteration	for (const e of b.entities) { if (e.template !== "Slope") continue; const [dx, dy] = slopeHighSide(e.orientation); const hx = e.x + dx; const hy = e.y + dy; if (e.x < 0 || e.y < 0 || e.x >= W || e.y >= H || hx < 0 || hy < 0 || hx >= W || hy >= H) continue; links.push([e.y * W + e.x, hy * W + hx]); }
src/core/gen/generate.ts	434	iteration	for (const e of b.entities) { const j = entityJson(e); const p = placementOf(j); if (!p) continue; objects.push({ ...p, components: j.Components as JsonObject }); owners.push(e.owner); }
src/core/gen/generate.ts	441	new Set	new Set(sourcesInFlow(b.waterModel, objects, b.water).inFlow.map((k) => owners[k]))
src/core/gen/generate.ts	494	iteration	for (const r of hy.rivers) { if (!("edge" in r.params.entry)) continue; const [px, py] = r.params.path[0]; const reach = Math.ceil(r.params.width / 2) + 2; for (let i = 0; i < N; i++) { const x = i % W; const y = (i - x) / W; if ((x === 0 || y === 0 || x === W - 1 || y === H - 1) && Math.abs(x - px) <= reach && Math.abs(y - py) <= reach) sealed[i] = 1; } }
src/core/gen/generate.ts	506	iteration	for (const k of dry) for (const i of hy.lakes[k].tiles) if (hy.water[i] === 2 && !ctx?.locked?.mask[i]) { keep[i] = 0; hy.water[i] = 0; }
src/core/gen/generate.ts	507	iteration	for (const i of hy.lakes[k].tiles) if (hy.water[i] === 2 && !ctx?.locked?.mask[i]) { keep[i] = 0; hy.water[i] = 0; }
src/core/gen/generate.ts	513	new Set	new Set(dry)
src/core/gen/generate.ts	526	iteration	for (const r of hy.rivers) { const [px, py] = "spring" in r.params.entry ? r.params.entry.spring : r.params.path[0]; const cx = Math.round(px); const cy = Math.round(py); for (let dy = -6; dy <= 6; dy++) for (let dx = -6; dx <= 6; dx++) if (cx + dx >= 0 && cy + dy >= 0 && cx + dx < W && cy + dy < H) heads[(cy + dy) * W + cx + dx] = 1; }
src/core/gen/generate.ts	536	time	performance.now()
src/core/gen/generate.ts	552	new Set	new Set<string>(hy.rivers.map((r) => r.id))
src/core/gen/generate.ts	556	new Set	new Set(contains)
src/core/gen/generate.ts	568	iteration	for (const f of lakes) contains.add(f.id);
src/core/gen/generate.ts	573	iteration	for (const i of weir.pool) pool[i] = 1;
src/core/gen/generate.ts	584	time	performance.now()
src/core/gen/generate.ts	658	iteration	for (const f of bad.features) contains.add(f.id);
src/core/gen/generate.ts	693	new Set	new Set(springs.map((r) => r.id))
src/core/gen/generate.ts	694	iteration	for (const r of springs) { for (const o of hy.rivers) if ("river" in o.params.exit && o.params.exit.river === r.id) o.params.exit = { ...r.params.exit }; contains.delete(r.id); }
src/core/gen/generate.ts	695	iteration	for (const o of hy.rivers) if ("river" in o.params.exit && o.params.exit.river === r.id) o.params.exit = { ...r.params.exit };
src/core/gen/generate.ts	699	iteration	for (const f of lakes) { f.params.inflow = { rivers: ("rivers" in f.params.inflow ? f.params.inflow.rivers : []).filter((id) => !dropped.has(id)) }; if (f.params.outlet.target && dropped.has(f.params.outlet.target)) f.params.outlet = { at: f.params.outlet.at, sill: f.params.outlet.sill, to: "none" }; }
src/core/gen/generate.ts	709	iteration	for (const f of bad.features) contains.delete(f.id);
src/core/gen/generate.ts	714	iteration	for (const f of again.features) contains.add(f.id);
src/core/gen/generate.ts	745	iteration	for (const f of bad.features) contains.delete(f.id);
src/core/gen/generate.ts	774	iteration	for (const f of bad.features) contains.delete(f.id);
src/core/gen/generate.ts	778	iteration	for (const f of again.features) contains.add(f.id);
src/core/gen/generate.ts	784	iteration	for (const f of bad.features) contains.add(f.id);
src/core/gen/generate.ts	802	time	performance.now()
src/core/gen/generate.ts	814	reduce	kept.reduce((a, f) => a + own(f), 0)
src/core/gen/generate.ts	816	sort	kept.sort((a, c) => (a.params.kind === "thornBelt" ? 0 : 1) - (c.params.kind === "thornBelt" ? 0 : 1) || own(c) - own(a))
src/core/gen/generate.ts	828	iteration	for (const [x, y] of districtCandidates(base, layout, avoid, 4)) { const role = "setpiece/secondDistrict/primary"; const pctx = { W, H, seed, features: layout, heights: base.heights, channel: base.channel, water: base.water, contamination: base.contamination, start: { x: base.start.x, y: base.start.y, radius: 4 } }; const r = planSetPiece("secondDistrict", { at: [x, y] }, pctx, { id: featureId(seed, "setPiece", role), origin: "generated", role }, true); if (!r.ok) continue; const b2 = build([...layout, r.feature], "resources"); if (!walkableFromStart(b2, x, y)) continue; layout.push(r.feature); base = b2; sites.push({ x, y }); break; }
src/core/gen/generate.ts	851	iteration	for (const [x, y, top, riseBy] of spots) { const role = "setpiece/obstaclePayoff/ruins"; const plan: ObstaclePlan = { x, y, radius, top, rise: riseBy }; const disc = obstacleTiles(plan, W, H); const piece: SetPieceFeature = { id: featureId(seed, "setPiece", role), kind: "setPiece", origin: "generated", role, locked: false, params: { kind: "obstaclePayoff", request: { at: [x, y], radius, rise: Math.max(2, riseBy) }, plan: plan as unknown as SetPieceFeature["params"]["plan"], report: [`ruins on a rise ${disc.length} tiles wide at level ${top}, ${riseBy} above the ground beside it: reaching them takes player stairs`] }, }; // the field holds the rise already: the piece marks it and cuts nothing contains.add(piece.id); // a reward worth the climb: a field of the taller kind (resources/baseline.ts) const fr = "ruinField/obstacle"; const fid = featureId(seed, "ruinField", fr); const tallness =
src/core/gen/generate.ts	871	iteration	for (const i of obstacleTiles({ x, y, radius: radius + 3 }, W, H)) keepOff[i] = 1;
src/core/gen/generate.ts	894	iteration	for (const st of sites) { const d = Math.sqrt((st.x - p3.x) * (st.x - p3.x) + (st.y - p3.y) * (st.y - p3.y)); if (d < 60 || d > 120 || !walkableFromStart(b3, st.x, st.y)) return null; }
src/core/gen/generate.ts	895	approximate Math.sqrt	Math.sqrt((st.x - p3.x) * (st.x - p3.x) + (st.y - p3.y) * (st.y - p3.y))
src/core/gen/generate.ts	955	time	performance.now()
src/core/gen/generate.ts	962	sort	[...f.contains].sort()
src/core/gen/generate.ts	970	iteration	for (const v of h) if (v > m) m = v;
src/core/gen/intentions.ts	28	iteration	for (const r of hy.rivers) { if (!("river" in r.params.exit)) continue; const p = r.params.path[r.params.path.length - 1]; const x = Math.round(p[0]); const y = Math.round(p[1]); if (x >= 0 && y >= 0 && x < W && y < H) joinT[y * W + x] = 1; }
src/core/gen/intentions.ts	36	iteration	for (const f of fallsOf(h, D, W, H, 1.5)) fallT[f.i] = 1;
src/core/gen/intentions.ts	37	sort	Array.from(h).sort((a, b) => a - b)
src/core/gen/intentions.ts	50	iteration	for (const [dx, dy] of N4) { const xx = x + dx; const yy = y + dy; if (xx < 0 || yy < 0 || xx >= W || yy >= H) continue; const j = yy * W + xx; if (lab[j] >= 0 || !(D[j] >= 0.1) || !(C[j] < 0.05)) continue; lab[j] = lakes.length; q.push(j); }
src/core/gen/intentions.ts	63	iteration	for (const i of q) { surf = Math.max(surf, h[i] + D[i]); v += D[i]; kv += kept[i]; }
src/core/gen/intentions.ts	87	iteration	for (const [dx, dy] of N4) { const xx = x + dx; const yy = y + dy; if (xx < 0 || yy < 0 || xx >= W || yy >= H) continue; const j = yy * W + xx; if (flab[j] >= 0 || !farm[j] || Math.abs(h[j] - h[i]) > 1) continue; flab[j] = 1; q.push(j); }
src/core/gen/intentions.ts	106	iteration	for (const [dx, dy] of N4) for (let r = 1; r <= 3; r++) { const xx = x + dx * r; const yy = y + dy * r; if (xx < 0 || yy < 0 || xx >= W || yy >= H) break; if (h[yy * W + xx] >= s + 2) { sides++; break; } }
src/core/gen/intentions.ts	128	iteration	for (const r of hy.rivers) { if (!("river" in r.params.exit)) continue; const p = r.params.path[r.params.path.length - 1]; const x = Math.round(p[0]); const y = Math.round(p[1]); if (x >= 0 && y >= 0 && x < W && y < H) joins.push(y * W + x); }
src/core/gen/intentions.ts	166	new Set	new Set(res.filter((r) => r.ok).map((r) => r.id))
src/core/gen/layout.ts	135	iteration	for (const r of free) if (r === 1) rises[k++] = r;
src/core/gen/layout.ts	136	iteration	for (const r of free) if (r > 1) rises[k++] = r;
src/core/gen/layout.ts	199	new Set	new Set<number>()
src/core/gen/pack.ts	61	iteration	for (const v of built.heights) if (v > top) top = v;
src/core/gen/readback.ts	34	iteration	for (const d of turnOrder) { // moving from corner (x, y) in direction d along an edge with a mask tile on its left const [lx, ly] = d === 0 ? [x, y] : d === 1 ? [x - 1, y] : d === 2 ? [x - 1, y - 1] : [x, y - 1]; const [rx, ry] = d === 0 ? [x, y - 1] : d === 1 ? [x, y] : d === 2 ? [x - 1, y] : [x - 1, y - 1]; if (inside(lx, ly) && !inside(rx, ry)) { dir = d; x += d === 0 ? 1 : d === 2 ? -1 : 0; y += d === 1 ? 1 : d === 3 ? -1 : 0; moved = true; break; } }
src/core/gen/readback.ts	66	iteration	for (const i of lk.tiles) mask[i] = 1;
src/core/gen/readback.ts	68	iteration	for (const i of lk.tiles) if (i < first) first = i;
src/core/gen/readback.ts	76	iteration	for (const [px, py] of river.params.path) { const x = Math.round(px); const y = Math.round(py); const isIn = x >= 0 && y >= 0 && x < W && y < H && mask[y * W + x] > 0; if (wasIn && !isIn) { at = [Math.round(px * 100) / 100, Math.round(py * 100) / 100]; break; } wasIn = wasIn || isIn; }
src/core/gen/resources.ts	49	iteration	for (const e of g.entities) { if (WALK_BLOCKERS.has(e.template)) for (const [x, y] of entityTiles(e)) if (x >= 0 && y >= 0 && x < W && y < H) blocked[y * W + x] = 1; if (e.template !== "Slope") continue; const [dx, dy] = slopeHighSide(e.orientation); const hx = e.x + dx; const hy = e.y + dy; if (e.x < 0 || e.y < 0 || e.x >= W || e.y >= H || hx < 0 || hy < 0 || hx >= W || hy >= H) continue; links.push([e.y * W + e.x, hy * W + hx]); }
src/core/gen/resources.ts	50	iteration	for (const [x, y] of entityTiles(e)) if (x >= 0 && y >= 0 && x < W && y < H) blocked[y * W + x] = 1;
src/core/gen/resources.ts	181	iteration	for (const field of ruinPlan.fields) { const role = anchorRole("ruinField", field.tiles); const tallness = field.tallness; const id = featureId(seed, "ruinField", role); const f: RuinFieldFeature = { id, kind: "ruinField", origin: "generated", role, locked: false, params: { area: tilesToRuns(field.tiles, W), scrapTarget: ruinColumns(field.tiles, W, stream(seed, id, "heights"), tallness).scrap, heightMix: [...RUIN_HEIGHT_SHARES], centerBias: 0, layout: { tallness }, }, }; out.push(f); }
src/core/gen/resources.ts	217	iteration	for (const i of grown.area) free[i] = 0;
src/core/gen/resources.ts	232	iteration	for (const site of sites) { const w = new Float64Array(N); for (let i = 0; i < N; i++) { const x = i % W; const y = (i - x) / W; const dx = x - site.x; const dy = y - site.y; if (dx * dx + dy * dy <= BUSHES.nearStartRadius * BUSHES.nearStartRadius && free[i] && moist[i]) w[i] = nearWater(i) ? 2 : 1; } let got = 0; for (const s of pickSeeds(vegRng, w, W, 4, 6)) { got += patch(s, Math.max(4, SITE_BUSHES - got), 1, null, nearFill.bushes); if (got >= SITE_BUSHES) break; } }
src/core/gen/resources.ts	242	iteration	for (const s of pickSeeds(vegRng, w, W, 4, 6)) { got += patch(s, Math.max(4, SITE_BUSHES - got), 1, null, nearFill.bushes); if (got >= SITE_BUSHES) break; }
src/core/gen/resources.ts	267	iteration	for (const p of planPatches(ground, want, { rng: vegRng, waterDist, centres: patchCentres })) { const role = anchorRole("berryPatch", p.tiles); out.push({ id: featureId(seed, "berryPatch", role), kind: "berryPatch", origin: "generated", role, locked: false, params: { area: tilesToRuns(p.tiles, W), density: 1, ripeShare: 0.55 } }); bushCount += p.tiles.length; }
src/core/gen/resources.ts	303	iteration	for (const i of grown.area) { const x = i % W; const y = (i - x) / W; for (let dy = -2; dy <= 2; dy++) for (let dx = -2; dx <= 2; dx++) if (x + dx >= 0 && y + dy >= 0 && x + dx < W && y + dy < H) clearings[(y + dy) * W + x + dx] = 1; }
src/core/gen/resources.ts	313	iteration	for (const i of grown.area) free[i] = 0;
src/core/gen/resources.ts	331	iteration	for (const site of sites) { const w = new Float64Array(N); const r = FOREST.nearStart.radius; for (let i = 0; i < N; i++) { const x = i % W; const y = (i - x) / W; const dx = x - site.x; const dy = y - site.y; if (dx * dx + dy * dy <= r * r && free[i] && moist[i]) w[i] = 1; } let got = 0; const each = Math.floor(grove.median * 1.5); for (const s of pickSeeds(vegRng, w, W, Math.max(4, Math.ceil(SITE_TREES / Math.max(1, each)) + 3), 5)) { got += growGrove(s, each, true, null, nearFill.trees); if (got >= SITE_TREES) break; } }
src/core/gen/resources.ts	343	iteration	for (const s of pickSeeds(vegRng, w, W, Math.max(4, Math.ceil(SITE_TREES / Math.max(1, each)) + 3), 5)) { got += growGrove(s, each, true, null, nearFill.trees); if (got >= SITE_TREES) break; }
src/core/gen/resources.ts	358	iteration	for (const gr of planGroves(ground, { living: livingWant, dry: dryWant }, { rng: vegRng, groveSize: spec.settings.resources.groveSize, speciesMix: mixW, clearings, waterDist })) { const role = anchorRole("forest/grove", gr.tiles); out.push({ id: featureId(seed, "forest", role), kind: "forest", origin: "generated", role, locked: false, params: { area: tilesToRuns(gr.tiles, W), density: 1, speciesMix: { [gr.species]: 1 }, groveSize: gr.tiles.length, life: "auto", youngShare: FOREST.youngShare }, }); planted.push({ id: featureId(seed, "forest", role), tiles: gr.tiles, species: gr.species, living: gr.living }); treeCount += gr.tiles.length; }
src/core/gen/resources.ts	385	iteration	for (const f of out) if (f.kind === "berryPatch") for (const i of runsToTiles(f.params.area, W)) if (nearWalk[i]) gotBushes++;
src/core/gen/resources.ts	385	iteration	for (const i of runsToTiles(f.params.area, W)) if (nearWalk[i]) gotBushes++;
src/core/gen/resources.ts	386	iteration	for (const p of planted) gotWood += grownLogs(seed, W, p.id, p.tiles, p.species, p.living, moist, nearWalk);
src/core/gen/resources.ts	433	iteration	for (const within of plantWalk ? [plantWalk, plantWalk, null] : [null]) { if (got >= wantBushes) break; const w = new Float64Array(N); for (let i = 0; i < N; i++) { const x = i % W; const y = (i - x) / W; const dx = x - g.start.x; const dy = y - g.start.y; const nearHere = within ? within[i] === 1 : dx * dx + dy * dy <= BUSHES.nearStartRadius * BUSHES.nearStartRadius; if (nearHere && free[i] && moist[i]) w[i] = (nearWater(i) ? 2 : 1) * (within && lay ? lay.berries[i] : byWalk(i)); } for (const s of pickSeeds(lay ? lay.rng : vegRng, w, W, 6, 6)) { got += patch(s, Math.min(each, Math.max(4, wantBushes - got)), 1, within, dense ? 1 : nearFill.bushes, "berryPatch/start"); if (got >= wantBushes) break; } }
src/core/gen/resources.ts	444	iteration	for (const s of pickSeeds(lay ? lay.rng : vegRng, w, W, 6, 6)) { got += patch(s, Math.min(each, Math.max(4, wantBushes - got)), 1, within, dense ? 1 : nearFill.bushes, "berryPatch/start"); if (got >= wantBushes) break; }
src/core/gen/resources.ts	460	new Set	new Set<FloorWoodKind>()
src/core/gen/resources.ts	472	approximate Math.sqrt	Math.sqrt(room[j])
src/core/gen/resources.ts	484	iteration	for (const s of pickSeeds(lay.rng, seedW, W, 3, 4)) { if (!growGrove(s, n, true, zone, dense ? 1 : nearFill.trees, tight, `forest/start/${kind}`, tight ? undefined : [sp.pine * lay.opening[0], sp.birch * lay.opening[1], sp.oak * lay.opening[2], 0])) continue; got += groveLogs; grew = true; break; }
src/core/gen/resources.ts	495	iteration	for (const within of plantWalk ? [plantWalk, plantWalk, null] : [null]) { if (got >= nearWood) break; const w = new Float64Array(N); for (let i = 0; i < N; i++) { const x = i % W; const y = (i - x) / W; const dx = x - g.start.x; const dy = y - g.start.y; const nearHere = within ? within[i] === 1 : dx * dx + dy * dy <= r * r; if (nearHere && free[i] && moist[i]) w[i] = within && lay ? lay.groves[i] : byWalk(i); } for (const s of pickSeeds(lay ? lay.rng : vegRng, w, W, Math.max(4, Math.ceil(nearTrees / Math.max(1, each)) + 3), 5)) { if (growGrove(s, each, true, within, dense ? 1 : nearFill.trees, tight, "forest/start", lay && !tight ? [...lay.opening, 0] : undefined)) got += groveLogs; if (got >= nearWood) break; } }
src/core/gen/resources.ts	506	iteration	for (const s of pickSeeds(lay ? lay.rng : vegRng, w, W, Math.max(4, Math.ceil(nearTrees / Math.max(1, each)) + 3), 5)) { if (growGrove(s, each, true, within, dense ? 1 : nearFill.trees, tight, "forest/start", lay && !tight ? [...lay.opening, 0] : undefined)) got += groveLogs; if (got >= nearWood) break; }
src/core/gen/resources.ts	517	iteration	for (const s of pickSeeds(lay ? lay.rng : vegRng, w, W, Math.max(4, Math.ceil((nearWood - got) / Math.max(1, each)) + 3), 5)) { if (growGrove(s, each, false, plantWalk, nearFill.trees, true, "forest/start/dead")) got += groveLogs; if (got >= nearWood) break; }
src/core/gen/resources.ts	532	iteration	for (const f of floorWood({ W, H, seed, candidate, attempt, spec, start: g.start, heights: g.heights, wet, moist, free, waterDist, walk, floorWalk, nearWalk, planted, ground, clearings })) { out.push(f); treeCount += f.params.groveSize ?? 0; }
src/core/gen/resources.ts	567	object iteration	Object.keys(FLOOR_KINDS)
src/core/gen/resources.ts	621	approximate Math.sqrt	Math.sqrt(dx * dx + dy * dy)
src/core/gen/resources.ts	703	iteration	for (const j of [x > 0 ? i - 1 : -1, x < W - 1 ? i + 1 : -1, i - W, i + W]) { if (j < 0 || j >= N || near[j] <= near[i] + 1) continue; near[j] = near[i] + 1; q.push(j); }
src/core/gen/resources.ts	722	iteration	for (const i of tiles) { if (within && !within[i]) continue; if (living && moist[i] && tileHash01(sYoung, i % W, (i - (i % W)) / W) < FOREST.youngShare) continue; n += logs; }
src/core/gen/resources.ts	768	iteration	for (const p of o.planted) got += grownLogs(seed, W, p.id, p.tiles, p.species, p.living, moist, floorWalk);
src/core/gen/resources.ts	781	new Set	new Set<FloorWoodKind>()
src/core/gen/resources.ts	783	iteration	for (const zone of zones) { while (got < want) { // the room each kind has left, and a draw among them const room = KINDS.map((k) => { let n = 0; for (let i = 0; i < N; i++) if (kindOf[i] === at(k) && free[i] && (!zone || zone[i])) n++; return n; }); const weights = KINDS.map((k, j) => (room[j] >= 8 ? Math.sqrt(room[j]) * FLOOR_KINDS[k].like * (used.has(k) ? 0.5 : 1) : 0)); if (!weights.some((w) => w > 0)) break; const kind = KINDS[rng.weighted(weights)]; used.add(kind); const kd = FLOOR_KINDS[kind]; // the grove's species: where it grows, by the settings' mix const spW = [mix.pine * kd.species.pine, mix.birch * kd.species.birch, mix.oak * kd.species.oak]; const sp = (["Pine", "Birch", "Oak"] as const)[spW.some((w) => w > 0) ? rng.weighted(spW) : 0]; // enough trees for the logs still wanted (a few oaks, a forest of pines), within a grove's size const perTree = logsOf(sp) * (kd.living ?
src/core/gen/resources.ts	791	approximate Math.sqrt	Math.sqrt(room[j])
src/core/gen/resources.ts	811	iteration	for (const s of seeds) { const grown = growGroveAt(o.ground, rng, allowed, s, n); if (!grown || grown.tiles.length < 4) continue; const tiles = grown.tiles; const role = `forest/floor/${kind}/${tiles[0]}`; const f: ForestFeature = { id: featureId(seed, "forest", role), kind: "forest", origin: "generated", role, locked: false, params: { area: tilesToRuns(tiles, W), density: 1, speciesMix: { [sp]: 1 }, groveSize: tiles.length, life: "auto", youngShare: FOREST.youngShare }, }; out.push(f); for (const i of grown.area) { free[i] = 0; o.ground.taken[i] = 1; } got += grownLogs(seed, W, f.id, tiles, sp, kd.living, moist, floorWalk); grew = true; break; }
src/core/gen/resources.ts	825	iteration	for (const i of grown.area) { free[i] = 0; o.ground.taken[i] = 1; }
src/core/gen/settler.ts	87	iteration	for (const [dx, dy] of N4) { const xx = x + dx; const yy = y + dy; if (xx < 0 || yy < 0 || xx >= W || yy >= H) continue; const j = yy * W + xx; const s = h[j] + D[j]; if (D[j] >= PUMP_DEPTH && C[j] < PUMP_CLEAN && s >= h[i] - PUMP_REACH && s <= h[i] + 0.01) { out[i] = 1; break; } }
src/core/gen/settler.ts	121	iteration	for (const [dx, dy] of N4) { const xx = x + dx; const yy = y + dy; if (xx < 0 || yy < 0 || xx >= W || yy >= H) continue; const n = yy * W + xx; if (D[n] > WET || Math.abs(h[n] - h[c]) > 1) continue; const nd = k + 1; if (nd < d[n] && nd <= limit) { d[n] = nd; heap.push(nd, n); } }
src/core/gen/settler.ts	144	iteration	for (const s of slopes) { const [dx, dy] = slopeHighSide(s.orientation); const hx = s.x + dx; const hy = s.y + dy; if (hx < 0 || hy < 0 || hx >= W || hy >= H) continue; links.push([s.y * W + s.x, hy * W + hx]); }
src/core/gen/settler.ts	174	iteration	for (const [dx, dy] of DIRS.slice(0, 4)) { const xx = x + dx; const yy = y + dy; if (xx < 0 || yy < 0 || xx >= W || yy >= H) continue; const j = yy * W + xx; const s = h[j] + D[j]; if (D[j] >= 0.35 && C[j] < 0.03 && s >= L - 1.9 && s <= L - 0.05) { d[i] = 0; heap.push(0, i); break; } }
src/core/gen/settler.ts	194	iteration	for (const [dx, dy] of DIRS) { const xx = x + dx; const yy = y + dy; if (xx < 0 || yy < 0 || xx >= W || yy >= H) continue; const n = yy * W + xx; if (h[n] !== lv) continue; if (dx && dy && !(h[y * W + xx] === lv && h[yy * W + x] === lv)) continue; const nd = k + (dx && dy ? S2 : 1); if (nd < d[n] && nd <= limit) { d[n] = nd; heap.push(nd, n); } }
src/core/gen/settler.ts	235	new Map	new Map<number, Int32Array>()
src/core/gen/settler.ts	260	iteration	for (const lk of hydro.lakes) for (const i of lk.tiles) lakeT[i] = 1;
src/core/gen/settler.ts	260	iteration	for (const i of lk.tiles) lakeT[i] = 1;
src/core/gen/settler.ts	263	iteration	for (const f of hydro.falls) fallT[f.y * W + f.x] = 1;
src/core/gen/settler.ts	266	iteration	for (const r of hydro.rivers) { if (!("river" in r.params.exit)) continue; const p = r.params.path[r.params.path.length - 1]; const x = Math.round(p[0]); const y = Math.round(p[1]); if (x >= 0 && y >= 0 && x < W && y < H) joinT[y * W + x] = 1; }
src/core/gen/settler.ts	275	iteration	for (const r of hydro.rivers) if ("spring" in r.params.entry) for (const p of r.params.path.slice(0, 20)) { const x = Math.round(p[0]); const y = Math.round(p[1]); if (x >= 0 && y >= 0 && x < W && y < H) springT[y * W + x] = 1; }
src/core/gen/settler.ts	277	iteration	for (const p of r.params.path.slice(0, 20)) { const x = Math.round(p[0]); const y = Math.round(p[1]); if (x >= 0 && y >= 0 && x < W && y < H) springT[y * W + x] = 1; }
src/core/gen/settler.ts	283	sort	Array.from(h).sort((a, b) => a - b)
src/core/gen/settler.ts	352	iteration	for (const oo of ORIENTATIONS) { const [X, Y] = coordinatesForMinCorner(3, 3, x - 1, y - 1, oo); const [ex, ey] = rotate(oo, 1, -1); const e = (Y + ey) * W + X + ex; if (h[e] !== L) continue; if (dWet[e] < best) { best = dWet[e]; o = oo; } }
src/core/gen/settler.ts	378	iteration	for (const [k, v] of kinds) if (v > pref) { pref = v; kind = k; }
src/core/gen/settler.ts	408	sort	cands.sort((a, b) => b.score - a.score || a.i - b.i)
src/core/gen/settler.ts	412	iteration	for (const c of cands) { if (top.length >= 6) break; const x = c.i % W; const y = (c.i - x) / W; if (top.some((t) => Math.abs((t.i % W) - x) + Math.abs(Math.floor(t.i / W) - y) < 20)) continue; if (opts.moistWalk || !c.sameLevel) { if (tested >= 40) break; tested++; const sw = startWalks(h, W, H, D, c.sameLevel ? null : water.contamination, water.moisture, x, y, waterRule); if (opts.moistWalk && sw.moist < opts.moistWalk.min) continue; if (!c.sameLevel) { if (!(sw.water <= waterRule - 2)) continue; c.walk = sw.water; } } top.push(c); }
src/core/gen/settler.ts	441	iteration	for (const t of good) if (d2(t) < d2(c) || (d2(t) === d2(c) && t.i < c.i)) c = t;
src/core/gen/settler.ts	473	iteration	for (const [ox, oy] of [[6, 0], [-6, 0], [0, 6], [0, -6], [4, 4], [-4, 4], [4, -4], [-4, -4]] as const) { const x = wx + ox; const y = wy + oy; if (x < margin || y < margin || x >= W - margin || y >= H - margin) continue; const c = y * W + x; if (avoid?.[c] || dWet[c] < 4) continue; let ok = true; for (let dy = -2; dy <= 2 && ok; dy++) for (let dx = -2; dx <= 2 && ok; dx++) { const j = (y + dy) * W + x + dx; if (wet[j] || Math.abs(h[j] - L) > 2) ok = false; } if (!ok) continue; // ground at the pad's level round it: the colony's first land (a pad on a ledge joins little) let near = 0; for (let dy = -8; dy <= 8; dy++) for (let dx = -8; dx <= 8; dx++) { const xx = x + dx; const yy = y + dy; if (xx >= 0 && yy >= 0 && xx < W && yy < H && !wet[yy * W + xx] && h[yy * W + xx] === L) near++; } cands.push([rng.float() + 0.02 * water.moisture[c] + 1.5 * Math.min(1, near / 150), c, i, L]); }
src/core/gen/settler.ts	498	sort	cands.sort((a, b) => b[0] - a[0] || a[1] - b[1])
src/core/gen/valley.ts	27	iteration	for (const e of b.entities) { if (WALK_BLOCKERS.has(e.template)) for (const [x, y] of entityTiles(e)) if (x >= 0 && y >= 0 && x < W && y < H) blocked[y * W + x] = 1; if (e.template !== "Slope") continue; const [dx, dy] = slopeHighSide(e.orientation); const hx = e.x + dx; const hy = e.y + dy; if (e.x < 0 || e.y < 0 || e.x >= W || e.y >= H || hx < 0 || hy < 0 || hx >= W || hy >= H) continue; links.push([e.y * W + e.x, hy * W + hx]); }
src/core/gen/valley.ts	28	iteration	for (const [x, y] of entityTiles(e)) if (x >= 0 && y >= 0 && x < W && y < H) blocked[y * W + x] = 1;
src/core/gen/weir.ts	35	iteration	for (const a of hy.arms) { const f = pathField(a.path, W, H); for (let i = 0; i < N; i++) if (f.d[i] < 8) nearArm[i] = 1; }
src/core/gen/weir.ts	39	sort	hy.rivers.slice().sort((a, c) => (c.role === "river/main" ? 1 : 0) - (a.role === "river/main" ? 1 : 0) || c.params.flow - a.params.flow || (a.id < c.id ? -1 : 1))
src/core/gen/weir.ts	40	iteration	for (const r of rivers) { const f = pathField(r.params.path, W, H); const joins = tributaries(r, hy.rivers, W, H, f); const L = f.length; // the tiles near the course, by arc position const reach = (r.params.width / 2) * CARVED_HALF_SPREAD + 0.5; const byS: number[][] = []; for (let i = 0; i < N; i++) { if (!(f.d[i] < reach)) continue; const k = Math.max(0, Math.floor(f.s[i])); (byS[k] ??= []).push(i); } const found: WeirPlan[] = []; for (let at = Math.round(0.25 * L); at <= Math.round(0.75 * L); at++) { const flow = r.params.flow + joins.filter((j) => j.at < at - POOL).reduce((a, j) => a + j.flow, 0); if (joins.some((j) => j.at >= at - POOL && j.at <= at + TAIL)) continue; const w = weirAt(h, W, H, hy.water, r, f, reach, byS, at, flow, nearArm, protect); if (w) found.push({ feature: weirFeature(seed, w.tiles, W), pool: w.pool }); } if (found.length) return found[rng.int(0, found.length)
src/core/gen/weir.ts	54	reduce	joins.filter((j) => j.at < at - POOL).reduce((a, j) => a + j.flow, 0)
src/core/gen/weir.ts	67	iteration	for (const t of all) { const exit = t.params.exit; if (!("river" in exit) || exit.river !== r.id) continue; const [px, py] = t.params.path[t.params.path.length - 1]; const x = Math.min(W - 1, Math.max(0, Math.round(px))); const y = Math.min(H - 1, Math.max(0, Math.round(py))); // the flow it brings includes its own tributaries' const inner = tributaries(t, all, W, H, pathField(t.params.path, W, H)).reduce((a, j) => a + j.flow, 0); out.push({ at: f.s[y * W + x], flow: t.params.flow + inner }); }
src/core/gen/weir.ts	74	reduce	tributaries(t, all, W, H, pathField(t.params.path, W, H)).reduce((a, j) => a + j.flow, 0)
src/core/gen/weir.ts	87	iteration	for (const i of byS[k] ?? []) out.push(i);
src/core/gen/weir.ts	88	sort	out.sort((a, c) => a - c)
src/core/gen/weir.ts	97	iteration	for (const i of near(at - 0.5, at + 0.5)) { if (Math.abs(f.s[i] - at) > 0.5 || h[i] > bed) continue; if (h[i] !== bed || water[i] === 2 || nearArm[i] || protect?.[i]) return null; const x = i % W; const y = (i - x) / W; if (x < 3 || y < 3 || x > W - 4 || y > H - 4) return null; tiles.push(i); onLine[i] = 1; x0 = Math.min(x0, x); y0 = Math.min(y0, y); x1 = Math.max(x1, x); y1 = Math.max(y1, y); }
src/core/gen/weir.ts	119	iteration	for (const i of near(at - 3, at - 0.5)) { if (f.s[i] >= at - 3 && f.s[i] < at - 0.5 && h[i] <= bed && !onLine[i]) { seen[i] = 1; queue.push(i); } }
src/core/gen/weir.ts	135	iteration	for (const j of [i - 1, i + 1, i - W, i + W]) { if (seen[j] || onLine[j] || h[j] > bed) continue; seen[j] = 1; queue.push(j); }
src/core/gen/weir.ts	154	sort	tiles.slice().sort((a, c) => a - c)
src/core/land/drainage.ts	56	iteration	for (const [dx, dy] of nb) { const xx = x + dx; const yy = y + dy; if (xx < 0 || yy < 0 || xx >= W || yy >= H) continue; const j = yy * W + xx; if (rcv[j] !== -2) continue; rcv[j] = c; const f = h[j] > lv + eps ? h[j] : lv + eps; filled[j] = f; heap.push(f, j); }
src/core/land/field.ts	91	approximate Math.sqrt	Math.sqrt(aspect)
src/core/land/field.ts	92	approximate Math.sqrt	Math.sqrt(aspect)
src/core/land/field.ts	111	approximate Math.sqrt	Math.sqrt((a / major) * (a / major) + (b / minor) * (b / minor))
src/core/land/field.ts	112	iteration	for (const arm of arms) { const vx = arm.bx - arm.ax; const vy = arm.by - arm.ay; const l2 = vx * vx + vy * vy; const t = l2 > 0 ? clamp(((x - arm.ax) * vx + (y - arm.ay) * vy) / l2, 0, 1) : 0; const e = dist(x, y, arm.ax + t * vx, arm.ay + t * vy) / (arm.w * (1 - 0.55 * t) * n); if (e < d) d = e; }
src/core/land/field.ts	158	approximate Math.sqrt	Math.sqrt(rng.float())
src/core/land/field.ts	254	approximate Math.sqrt	Math.sqrt(du * du + dv * dv)
src/core/land/field.ts	271	sort	Float64Array.from(v).sort()
src/core/land/field.ts	313	approximate Math.sqrt	Math.sqrt(d.area[i])
src/core/land/genome.ts	291	iteration	for (const x of xs) s += x;
src/core/land/genome.ts	298	iteration	for (const r of rs) { if (r.lo < lo) lo = r.lo; if (r.hi > hi) hi = r.hi; }
src/core/land/genome.ts	313	iteration	for (const k of ALL) { const w = mean(ps.map((p) => p.parts[k] ?? 0)); if (w > 0) parts[k] = w; }
src/core/land/genome.ts	318	iteration	for (const p of ps) for (const name of Object.keys(p.recipes)) recipes[name] = mean(ps.map((q) => q.recipes[name] ?? 0));
src/core/land/genome.ts	318	iteration	for (const name of Object.keys(p.recipes)) recipes[name] = mean(ps.map((q) => q.recipes[name] ?? 0));
src/core/land/genome.ts	318	object iteration	Object.keys(p.recipes)
src/core/land/genome.ts	371	reduce	base.reduce((a, b) => a + b, 0)
src/core/land/genome.ts	597	approximate Math.sqrt	Math.sqrt(areaK)
src/core/land/genome.ts	606	object iteration	Object.entries(p.recipes)
src/core/land/genome.ts	608	iteration	for (const [name, chance] of pool) { if (!g.recipe && rng.float() < chance * (vy / 70)) { g.recipe = name; applyRecipe(g, name, rng, W, H, tallK); } }
src/core/land/genome.ts	617	iteration	for (const id of g.intentions) nudgeFor(id)(g, rng, W, H);
src/core/land/genome.ts	636	approximate Math.sqrt	Math.sqrt(ux * ux + uy * uy)
src/core/land/genome.ts	745	approximate Math.sqrt	Math.sqrt(storeRatio)
src/core/land/genome.ts	746	approximate Math.log2	Math.log2(storeRatio)
src/core/land/genome.ts	778	approximate exponentiation	0.5 ** -dl
src/core/land/genome.ts	779	approximate exponentiation	0.6 ** -dl
src/core/land/hazards.ts	60	iteration	for (const i of from) { cost[i] = 0; heap.push(0, i); }
src/core/land/hazards.ts	75	iteration	for (const [dx, dy] of N4) { const xx = x + dx; const yy = y + dy; if (xx < 0 || yy < 0 || xx >= W || yy >= H) continue; const n = yy * W + xx; if (pit[n] || avoid[n]) continue; // uphill is dear (the ditch must cut through it), downhill cheap const rise = Math.max(0, h[n] - Math.min(h[c], sill)); // noise makes the ditch wind as a gully does, not run along the grid const nk = k + 1 + 3 * rise + 1.6 * (1 + fbm(wander, xx, yy, 5, 2)) + 1.4 * (1 + fbm(wander + 7, xx, yy, 13, 2)); if (nk < cost[n]) { cost[n] = nk; prev[n] = c; heap.push(nk, n); } }
src/core/land/hazards.ts	107	iteration	for (const [a, p] of [[amp, phase], [amp, phase + PI], [amp / 2, phase], [amp / 2, phase + PI]]) { const out = windOnce(tiles, W, H, allowed, isEnd, wave, p, a); if (out) return out; }
src/core/land/hazards.ts	141	approximate Math.sqrt	Math.sqrt(tx * tx + ty * ty)
src/core/land/hazards.ts	192	sort	cands.sort((a, b) => a[0] - b[0] || a[1] - b[1])
src/core/land/hazards.ts	248	new Set	new Set(tiles)
src/core/land/hazards.ts	256	iteration	for (const [dx, dy] of N4) { const n = (y + dy) * W + x + dx; if (x + dx < 0 || y + dy < 0 || x + dx >= W || y + dy >= H) continue; if (pit[n] || onDitch.has(n) || hy.water[n] === 1 || hy.water[n] === 2) continue; ring = Math.min(ring, hh[n]); }
src/core/land/hazards.ts	267	iteration	for (const j of tiles) outlet.push(j % W, Math.floor(j / W));
src/core/land/hazards.ts	283	iteration	for (const [dx, dy] of N4) { const n = (y + dy) * W + x + dx; if (x + dx < 0 || y + dy < 0 || x + dx >= W || y + dy >= H) continue; if (pit[n] || bedKeys.has(n) || hy.water[n] === 1 || hy.water[n] === 2) continue; if (next[n] < levels[k] + 1) banks = false; }
src/core/land/hazards.ts	294	iteration	for (const j of bedKeys.keys()) avoid[j] = 1;
src/core/land/hazards.ts	313	iteration	for (const f of out.features) { if (f.kind !== "setPiece") continue; (f.params.plan as { strength: number }).strength = each; (f.params.request as { strength: number }).strength = each; }
src/core/land/hydro.ts	126	approximate Math.sqrt	Math.sqrt(dx * dx + dy * dy)
src/core/land/hydro.ts	156	approximate Math.sqrt	Math.sqrt(l2)
src/core/land/hydro.ts	168	approximate Math.sqrt	Math.sqrt(px * px + py * py)
src/core/land/hydro.ts	189	approximate Math.sqrt	Math.sqrt(dx * dx + dy * dy)
src/core/land/hydro.ts	199	approximate Math.sqrt	Math.sqrt(dx * dx + dy * dy)
src/core/land/hydro.ts	208	approximate Math.sqrt	Math.sqrt((b[0] - a[0]) * (b[0] - a[0]) + (b[1] - a[1]) * (b[1] - a[1]))
src/core/land/hydro.ts	263	approximate Math.sqrt	Math.sqrt(dx * dx + dy * dy)
src/core/land/hydro.ts	280	iteration	for (const [ox, oy] of [[1, 0], [-1, 0], [0, 1], [0, -1]] as const) bottom = Math.min(bottom, levelAt(px + ox, py + oy));
src/core/land/hydro.ts	397	new Set	new Set<number>()
src/core/land/hydro.ts	414	iteration	for (const i of cells) if (owner[i] < 0) owner[i] = k;
src/core/land/hydro.ts	435	sort	cands.sort((a, b) => b[0] - a[0] || a[1] - b[1])
src/core/land/hydro.ts	437	iteration	for (const [, i] of cands) { if (n >= g.hydro.inflows) break; const x = i % W; const y = (i - x) / W; if (heads.some((hd) => Math.abs((hd.cell % W) - x) + Math.abs(Math.floor(hd.cell / W) - y) < apart * side)) continue; if (trace({ cell: i, kind: "edge", edge: edgeOf(i, W, H)!, flow: 0 }, relaxed)) n++; }
src/core/land/hydro.ts	463	sort	cands.sort((a, b) => b[0] - a[0] || a[1] - b[1])
src/core/land/hydro.ts	465	iteration	for (const [, i] of cands) { if (n >= wantSprings) break; const x = i % W; const y = (i - x) / W; if (heads.some((hd) => Math.abs((hd.cell % W) - x) + Math.abs(Math.floor(hd.cell / W) - y) < 26)) continue; if (trace({ cell: i, kind: "spring", flow: 0 })) n++; }
src/core/land/hydro.ts	490	iteration	for (const [dx, dy] of [[1, 0], [-1, 0], [0, 1], [0, -1]] as const) { const xx = x + dx; const yy = y + dy; if (xx < 0 || yy < 0 || xx >= W || yy >= H) continue; const j = yy * W + xx; if (seen[j] || !(fl.filled[j] - h[j] >= 1)) continue; seen[j] = 1; q.push(j); }
src/core/land/hydro.ts	503	iteration	for (const i of q) { const x = i % W; const y = (i - x) / W; let edge = false; for (const [dx, dy] of [[1, 0], [-1, 0], [0, 1], [0, -1]] as const) { const xx = x + dx; const yy = y + dy; if (xx < 0 || yy < 0 || xx >= W || yy >= H) continue; if (!(fl.filled[yy * W + xx] - h[yy * W + xx] >= 1)) edge = true; } if (edge && (head < 0 || h[i] > h[head])) head = i; }
src/core/land/hydro.ts	507	iteration	for (const [dx, dy] of [[1, 0], [-1, 0], [0, 1], [0, -1]] as const) { const xx = x + dx; const yy = y + dy; if (xx < 0 || yy < 0 || xx >= W || yy >= H) continue; if (!(fl.filled[yy * W + xx] - h[yy * W + xx] >= 1)) edge = true; }
src/core/land/hydro.ts	519	iteration	for (const [dx, dy] of [[1, 0], [-1, 0], [0, 1], [0, -1]] as const) { const xx = x + dx; const yy = y + dy; if (xx < 0 || yy < 0 || xx >= W || yy >= H) continue; const j = yy * W + xx; if (owner[j] >= 0 || h[j] <= h[head]) continue; if (upT < 0 || h[j] > h[upT]) upT = j; }
src/core/land/hydro.ts	532	sort	hollows.sort((a, b) => b.size - a.size || a.low - b.low)
src/core/land/hydro.ts	533	iteration	for (const hl of hollows.slice(0, g.lakeSpringMax ?? 4)) { if (rng.float() >= g.lakeSprings) continue; const x = hl.head % W; const y = (hl.head - x) / W; if (x < 6 || y < 6 || x > W - 7 || y > H - 7) continue; trace({ cell: hl.head, kind: "spring", flow: 0 }); }
src/core/land/hydro.ts	545	iteration	for (const hd of heads) { hd.flow = hd.kind === "edge" ? (flowTotal * (1 - (nSp ? springShare : 0))) / nIn : (flowTotal * springShare) / nSp; hd.flow = Math.round(Math.max(0.5, hd.flow) * 100) / 100; }
src/core/land/hydro.ts	559	iteration	for (const tr of traced) { const hd = tr.head; const cells = tr.cells; let path = smoothPath(cells.map((i) => [i % W, Math.floor(i / W)] as Point), 3, 1); const hx = hd.cell % W; const hy = Math.floor(hd.cell / W); if (hd.kind === "edge") { const e = hd.edge!; path = [[e === "west" ? -1 : e === "east" ? W : hx, e === "south" ? -1 : e === "north" ? H : hy], [hx, hy], ...path.slice(1)]; } const last = cells[cells.length - 1]; const exitEdge = tr.joins < 0 ? edgeOf(last, W, H) : null; if (exitEdge) { const lx = last % W; const ly = Math.floor(last / W); path.push([exitEdge === "west" ? -1 : exitEdge === "east" ? W : lx, exitEdge === "south" ? -1 : exitEdge === "north" ? H : ly]); } // River style Straight: the course drawn toward the line between its ends (a tributary's end // is set on the river it joins below) const pull = g.hydro.straighten ?? 0; if (pull > 0 && path.length > 2) { const
src/core/land/hydro.ts	600	iteration	for (const p of resample(onto, 0.5)) { const d = (p[0] - ex) * (p[0] - ex) + (p[1] - ey) * (p[1] - ey); if (d < best) { best = d; bp = p; } }
src/core/land/hydro.ts	625	sort	traced.slice().sort((a, b) => b.cells.length - a.cells.length || a.k - b.k)
src/core/land/hydro.ts	626	iteration	for (const t of byLength) { if (n <= 0) break; const cells = t.cells; const len = Math.round((20 + 25 * tr.float()) * scale); if (cells.length < len + 16) continue; const a0 = Math.floor((cells.length - len - 8) * (0.15 + 0.6 * tr.float())); const a1 = a0 + len; if (cells.slice(a0, a1 + 1).some((c) => borderDist(c) < 8)) continue; const level = h[cells[a1]]; if (level < 2) continue; const reach = (5 + 7 * tr.float()) * scale; // the stretch along the river's course (its wandering line, M9a), else along its cells let pts = cells.slice(a0, a1 + 1).map((c) => [c % W, Math.floor(c / W)] as [number, number]); if (natural) { const course = resample(courses[t.k], 1); const nearest = (c: number) => { const cx = c % W; const cy = Math.floor(c / W); let bk = 0; let bd = Infinity; course.forEach((p, k) => { const d = (p[0] - cx) * (p[0] - cx) + (p[1] - cy) * (p[1] - cy); if (d < bd) { bd = d; bk =
src/core/land/hydro.ts	663	iteration	for (const [x, y] of pts) { x0 = Math.min(x0, x); y0 = Math.min(y0, y); x1 = Math.max(x1, x); y1 = Math.max(y1, y); }
src/core/land/hydro.ts	686	approximate Math.sqrt	Math.sqrt(best)
src/core/land/hydro.ts	718	iteration	for (const [dx, dy] of [[1, 0], [-1, 0], [0, 1], [0, -1]] as const) { const xx = x + dx; const yy = y + dy; if (xx < 0 || yy < 0 || xx >= W || yy >= H) continue; const j = yy * W + xx; if (seen[j] || h[j] >= below) continue; seen[j] = 1; q.push(j); }
src/core/land/hydro.ts	737	reduce	tiles.reduce((m, i) => (h[i] < h[m] ? i : m), tiles[0])
src/core/land/hydro.ts	778	iteration	for (const i of lk.tiles) { lakeOf[i] = id; water[i] = 2; }
src/core/land/hydro.ts	805	iteration	for (const i of st.tiles) { if (water[i] === 2 || protect?.[i]) continue; const d = st.d[i]; const x = i % W; const y = (i - x) / W; const j = Math.min(n, Math.max(0, Math.round((st.s[i] / L) * n))); const b = prof[j]; const r = half(st.s[i], L); if (d < r) { if (h[i] > b) h[i] = b; water[i] = 1; } else if (floorHalf > 0 && water[i] !== 1 && d < r + floorHalf * (natural ? 1 + 0.7 * fbm(fs, x, y, 8, 2) : 1 + 0.45 * fbm(fs, x, y, 11, 2))) { if (h[i] > b + 1) h[i] = b + 1; if (!water[i]) water[i] = 3; } }
src/core/land/hydro.ts	825	new Map	new Map<string, { path: Point[]; prof: Float64Array; L: number; n: number; width: number; half: (s: number, L: number) => number }>()
src/core/land/hydro.ts	826	iteration	for (const tr of traced) { const hd = tr.head; const role = roleOf(tr.k); const rid = featureId(seed, "river", role); const path = courses[tr.k]; const hx = hd.cell % W; const hy = Math.floor(hd.cell / W); const last = tr.cells[tr.cells.length - 1]; const exitEdge = tr.joins < 0 ? edgeOf(last, W, H) : null; const width = widthFor(hd.flow); const ws = hash32(seed, "width", attempt, tr.k); const wv = wanders[tr.k]; const half = (s: number, L: number) => halfWidthAt(width, wv, ws, s, L); // canyons: the bigger rivers cut deeper and clear wider floors const big = hd.flow >= 1.2; const cut = 1 + (big ? Math.round(g.hydro.incise) : 0) + (tr.k === mainK ? hanging : 0); const floorHalf = big ? g.hydro.floor : g.hydro.floor * 0.3; const { st, prof, L, n, lakeAt } = profileOf(path, width, cut, true, rid, half); // knickpoints: a steep reach's drops gather at its head; the reach below is cut to its
src/core/land/intentions.ts	43	new Set	new Set<IntentionId>(["under-cliff", "snaking-river", "crater-rivers", "cliff-falls-lake"])
src/core/land/intentions.ts	45	new Set	new Set<IntentionId>(["under-cliff", "long-view", "meeting-waters", "falls-shield", "safe-water-uphill"])
src/core/land/intentions.ts	85	object iteration	Object.values(w)
src/core/land/intentions.ts	86	reduce	vs.reduce((a, b) => a + b, 0)
src/core/land/intentions.ts	89	new Set	new Set<IntentionId>(["under-cliff", "falls-shield", "hidden-valley", "high-lake", "long-view", "snaking-river", "cliff-falls-lake"])
src/core/land/intentions.ts	275	iteration	for (const [dx, dy] of [[1, 0], [-1, 0], [0, 1], [0, -1]] as const) { const X = xx + dx; const Y = yy + dy; if (X >= 0 && Y >= 0 && X < W && Y < H && h[Y * W + X] - h[i] >= 2 && h[Y * W + X] >= L + 2) cliff = true; }
src/core/land/intentions.ts	298	approximate Math.sqrt	Math.sqrt((f.cx - x) * (f.cx - x) + (f.cy - y) * (f.cy - y))
src/core/land/intentions.ts	349	iteration	for (const [dx, dy] of D4) { const xx = x + dx; const yy = y + dy; if (xx < 0 || yy < 0 || xx >= W || yy >= H) continue; const j = yy * W + xx; if (lab[j] >= 0 || !(D[j] >= 0.1)) continue; lab[j] = id; q.push(j); }
src/core/land/intentions.ts	377	approximate Math.sqrt	Math.sqrt(vx * vx + vy * vy)
src/core/land/intentions.ts	401	approximate Math.sqrt	Math.sqrt(vx * vx + vy * vy)
src/core/land/intentions.ts	407	approximate Math.sqrt	Math.sqrt(wx * wx + wy * wy)
src/core/land/intentions.ts	437	iteration	for (const t of b.tiles) { if (t.length < min) continue; let deep = t[0]; for (const i of t) if (D[i] > D[deep] || (D[i] === D[deep] && i < deep)) deep = i; const surf = h[deep] + D[deep]; const inLake = new Uint8Array(W * H); const q = [deep]; inLake[deep] = 1; for (let k = 0; k < q.length; k++) { const i = q[k]; const x = i % W; const y = (i - x) / W; for (const [dx, dy] of D4) { const xx = x + dx; const yy = y + dy; if (xx < 0 || yy < 0 || xx >= W || yy >= H) continue; const j = yy * W + xx; if (inLake[j] || !(D[j] >= 0.1) || Math.abs(h[j] + D[j] - surf) > 0.25) continue; inLake[j] = 1; q.push(j); } } if (q.length < min) continue; let cx = 0; let cy = 0; for (const i of q) { cx += i % W; cy += Math.floor(i / W); } out.push({ tiles: q, inLake, surf, cx: cx / q.length, cy: cy / q.length }); }
src/core/land/intentions.ts	440	iteration	for (const i of t) if (D[i] > D[deep] || (D[i] === D[deep] && i < deep)) deep = i;
src/core/land/intentions.ts	449	iteration	for (const [dx, dy] of D4) { const xx = x + dx; const yy = y + dy; if (xx < 0 || yy < 0 || xx >= W || yy >= H) continue; const j = yy * W + xx; if (inLake[j] || !(D[j] >= 0.1) || Math.abs(h[j] + D[j] - surf) > 0.25) continue; inLake[j] = 1; q.push(j); }
src/core/land/intentions.ts	462	iteration	for (const i of q) { cx += i % W; cy += Math.floor(i / W); }
src/core/land/intentions.ts	475	iteration	for (const i of L.tiles) { const x = i % W; const y = (i - x) / W; let all = x >= 2 && y >= 2 && x < W - 2 && y < H - 2; for (let dy = -2; dy <= 2 && all; dy++) for (let dx = -2; dx <= 2 && all; dx++) if (!L.inLake[(y + dy) * W + x + dx]) all = false; if (all) core[i] = 1; }
src/core/land/intentions.ts	485	iteration	for (const s0 of L.tiles) { if (!core[s0] || lab[s0] >= 0) continue; const q = [s0]; lab[s0] = s0; for (let k = 0; k < q.length; k++) { const i = q[k]; const x = i % W; const y = (i - x) / W; for (const [dx, dy] of D4) { const j = (y + dy) * W + x + dx; if (x + dx < 0 || y + dy < 0 || x + dx >= W || y + dy >= H || lab[j] >= 0 || !core[j]) continue; lab[j] = s0; q.push(j); } } if (q.length > best.length) best = q; }
src/core/land/intentions.ts	493	iteration	for (const [dx, dy] of D4) { const j = (y + dy) * W + x + dx; if (x + dx < 0 || y + dy < 0 || x + dx >= W || y + dy >= H || lab[j] >= 0 || !core[j]) continue; lab[j] = s0; q.push(j); }
src/core/land/intentions.ts	503	iteration	for (const i of best) { const x = i % W; const y = (i - x) / W; for (let dy = -2; dy <= 2; dy++) for (let dx = -2; dx <= 2; dx++) out[(y + dy) * W + x + dx] = 1; }
src/core/land/intentions.ts	528	approximate Math.sqrt	Math.sqrt(dx * dx + dy * dy)
src/core/land/intentions.ts	541	iteration	for (const [dx, dy] of D4) { const xx = x + dx; const yy = y + dy; if (xx < 0 || yy < 0 || xx >= W || yy >= H) continue; const j = yy * W + xx; if (h[i] >= z && h[i] <= z + 1 && h[j] - h[i] >= 2 && h[j] >= z + 2) cliff = true; }
src/core/land/intentions.ts	557	iteration	for (const [dx, dy] of D4) { const xx = x + dx; const yy = y + dy; if (xx < 0 || yy < 0 || xx >= W || yy >= H) continue; const j = yy * W + xx; if (h[j] === z && c.walk[j] < water) water = c.walk[j]; }
src/core/land/intentions.ts	583	iteration	for (const [dx, dy] of ring) lo = Math.min(lo, h[(y + dy) * W + x + dx]);
src/core/land/intentions.ts	601	iteration	for (const [dx, dy] of D4) { const j = (y + dy) * W + x + dx; if (x + dx < 0 || y + dy < 0 || x + dx >= W || y + dy >= H || seen[j] || !top[j]) continue; seen[j] = 1; q.push(j); }
src/core/land/intentions.ts	610	iteration	for (const i of q) { const x = i % W; const y = (i - x) / W; let lo = 99; for (const [dx, dy] of ring) lo = Math.min(lo, h[(y + dy) * W + x + dx]); standout = Math.max(standout, h[i] - lo); }
src/core/land/intentions.ts	614	iteration	for (const [dx, dy] of ring) lo = Math.min(lo, h[(y + dy) * W + x + dx]);
src/core/land/intentions.ts	619	reduce	c.falls.reduce((m, f) => Math.max(m, f.drop), 0)
src/core/land/intentions.ts	647	iteration	for (const [dx, dy] of D4) { const xx = x + dx; const yy = y + dy; if (xx < 0 || yy < 0 || xx >= W || yy >= H) continue; const j = yy * W + xx; if (lab[j] >= 0 || !farm[j] || Math.abs(h[j] - h[i]) > 1) continue; lab[j] = id; q.push(j); }
src/core/land/intentions.ts	660	new Set	new Set<number>()
src/core/land/intentions.ts	666	approximate Math.sqrt	Math.sqrt((px - sx) * (px - sx) + (py - sy) * (py - sy))
src/core/land/intentions.ts	678	iteration	for (const [dx, dy] of [[1, 0], [-1, 0], [0, 1], [0, -1]] as const) { for (let r = 1; r <= 3; r++) { const xx = x + dx * r; const yy = y + dy * r; if (xx < 0 || yy < 0 || xx >= W || yy >= H) break; if (h[yy * W + xx] >= s + 2) { sides++; break; } } }
src/core/land/intentions.ts	712	iteration	for (const i of b.tiles[id]) { v += D[i]; k += c.kept9[i]; }
src/core/land/intentions.ts	726	iteration	for (const i of t) { surf = Math.max(surf, h[i] + D[i]); if (eu(i) <= 40) near = true; if (C[i] >= 0.05) bad = true; }
src/core/land/intentions.ts	746	iteration	for (const o of c.objects) if (o.template === "Thorns") { const i = o.y * W + o.x; if (eu(i) < td) { td = eu(i); t = i; } }
src/core/land/intentions.ts	779	iteration	for (const [dx, dy] of D4) { const xx = x + dx; const yy = y + dy; if (xx < 0 || yy < 0 || xx >= W || yy >= H) continue; const j = yy * W + xx; if (own[j] || D[j] > 0.05 || Math.abs(h[j] - h[i]) > 1) continue; own[j] = 1; q0.push(j); }
src/core/land/intentions.ts	793	iteration	for (const o of c.objects) if (/Ruin|Relic|Pine|Birch|Oak|Blueberry|UndergroundRuins|Geothermal/.test(o.template)) riches[o.y * W + o.x] = 1;
src/core/land/intentions.ts	807	iteration	for (const [dx, dy] of D4) { const xx = x + dx; const yy = y + dy; if (xx < 0 || yy < 0 || xx >= W || yy >= H) continue; const j = yy * W + xx; if (seen[j] || !off[j] || Math.abs(h[j] - h[i]) > 1) continue; seen[j] = 1; q.push(j); }
src/core/land/intentions.ts	826	sort	Array.from(h).sort((p, q) => p - q)
src/core/land/intentions.ts	834	iteration	for (const i of t) { surf = Math.max(surf, h[i] + D[i]); if (D[i] >= 1) deep++; }
src/core/land/intentions.ts	839	new Set	new Set(t)
src/core/land/intentions.ts	860	iteration	for (const path of c.rivers) { const pts = resample(path, W, H); if (pts.length < 20) continue; const n = pts.length; const lev: number[] = []; const wet: number[] = []; let run = Infinity; for (const [x, y] of pts) { const i = Math.round(y) * W + Math.round(x); run = Math.min(run, h[i]); lev.push(run); wet.push(D[i] >= 0.1 ? 1 : 0); } const keep = simplify(pts, 1.5); const bends: { k: number; sign: number }[] = []; for (let m = 1; m + 1 < keep.length; m++) { const [ax, ay] = pts[keep[m - 1]]; const [bx, by] = pts[keep[m]]; const [qx, qy] = pts[keep[m + 1]]; const ux = bx - ax; const uy = by - ay; const vx = qx - bx; const vy = qy - by; const lu = Math.sqrt(ux * ux + uy * uy); const lv = Math.sqrt(vx * vx + vy * vy); if (lu < 3 || lv < 3) continue; // turning 30 degrees or more: the cosine at most 0.866 if ((ux * vx + uy * vy) / (lu * lv) <= 0.866) bends.push({ k: keep[m], sign: ux * vy
src/core/land/intentions.ts	867	iteration	for (const [x, y] of pts) { const i = Math.round(y) * W + Math.round(x); run = Math.min(run, h[i]); lev.push(run); wet.push(D[i] >= 0.1 ? 1 : 0); }
src/core/land/intentions.ts	883	approximate Math.sqrt	Math.sqrt(ux * ux + uy * uy)
src/core/land/intentions.ts	884	approximate Math.sqrt	Math.sqrt(vx * vx + vy * vy)
src/core/land/intentions.ts	922	iteration	for (const L of lakes) { const R = Math.sqrt(L.tiles.length / 3.14159); let high = 0; let ring = 0; for (const [ux, uy] of RAYS) { let shore = -1; let top = -1; let after = 99; for (let t = 1; t < 2 * R + 30; t++) { const x = Math.round(L.cx + ux * t); const y = Math.round(L.cy + uy * t); if (x < 0 || y < 0 || x >= W || y >= H) break; const i = y * W + x; if (L.inLake[i]) { shore = -1; top = -1; after = 99; continue; } if (shore < 0) shore = t; if (t - shore <= 14) { // the crest: the highest ground within 14 tiles of the shore if (h[i] > top) { top = h[i]; after = 99; } else after = Math.min(after, h[i]); } else if (t - shore <= 26) after = Math.min(after, h[i]); else break; } if (top >= L.surf + 2) { high++; if (after <= top - 1) ring++; } } // rivers in and out: a course entering from 5+ tiles outside, and the ways out let inflows = 0; const exits: [number, number][] = []; for (const
src/core/land/intentions.ts	923	approximate Math.sqrt	Math.sqrt(L.tiles.length / 3.14159)
src/core/land/intentions.ts	926	iteration	for (const [ux, uy] of RAYS) { let shore = -1; let top = -1; let after = 99; for (let t = 1; t < 2 * R + 30; t++) { const x = Math.round(L.cx + ux * t); const y = Math.round(L.cy + uy * t); if (x < 0 || y < 0 || x >= W || y >= H) break; const i = y * W + x; if (L.inLake[i]) { shore = -1; top = -1; after = 99; continue; } if (shore < 0) shore = t; if (t - shore <= 14) { // the crest: the highest ground within 14 tiles of the shore if (h[i] > top) { top = h[i]; after = 99; } else after = Math.min(after, h[i]); } else if (t - shore <= 26) after = Math.min(after, h[i]); else break; } if (top >= L.surf + 2) { high++; if (after <= top - 1) ring++; } }
src/core/land/intentions.ts	959	iteration	for (const path of c.rivers) { const pts = resample(path, W, H); const inside = pts.map(([x, y]) => L.inLake[Math.round(y) * W + Math.round(x)]); let entered = false; let out = 0; for (let m = 0; m < pts.length; m++) { if (!inside[m]) { out++; continue; } if (m > 0 && !inside[m - 1] && out >= 5) entered = true; out = 0; } if (entered) inflows++; for (let m = 1; m < pts.length; m++) { if (!(inside[m - 1] && !inside[m])) continue; let o = 0; while (m + o < pts.length && !inside[m + o]) o++; if (o >= 5 && !exits.some(([ex, ey]) => Math.abs(ex - pts[m][0]) + Math.abs(ey - pts[m][1]) <= 6)) exits.push(pts[m]); } }
src/core/land/intentions.ts	998	iteration	for (const L of lakes) { const open = openWater(L, W, H); if (open.length < (200 * N) / 16384) continue; let cx = 0; let cy = 0; for (const i of open) { cx += i % W; cy += Math.floor(i / W); } cx /= open.length; cy /= open.length; let sxx = 0; let syy = 0; let sxy = 0; let rmax = 0; for (const i of open) { const dx = (i % W) - cx; const dy = Math.floor(i / W) - cy; sxx += dx * dx; syy += dy * dy; sxy += dx * dy; rmax = Math.max(rmax, Math.sqrt(dx * dx + dy * dy)); } const a = sxx / open.length; const d = syy / open.length; const b = sxy / open.length; const tr = (a + d) / 2; const disc = Math.sqrt(((a - d) * (a - d)) / 4 + b * b); const axes = tr + disc > 0 ? Math.sqrt(Math.max(0, tr - disc) / (tr + disc)) : 0; const fill = open.length / (3.14159 * (rmax + 0.5) * (rmax + 0.5)); let fall = 0; for (const f of c.falls) { if (L.inLake[f.i]) continue; const x = f.i % W; const y = (f.i - x) /
src/core/land/intentions.ts	1003	iteration	for (const i of open) { cx += i % W; cy += Math.floor(i / W); }
src/core/land/intentions.ts	1013	iteration	for (const i of open) { const dx = (i % W) - cx; const dy = Math.floor(i / W) - cy; sxx += dx * dx; syy += dy * dy; sxy += dx * dy; rmax = Math.max(rmax, Math.sqrt(dx * dx + dy * dy)); }
src/core/land/intentions.ts	1019	approximate Math.sqrt	Math.sqrt(dx * dx + dy * dy)
src/core/land/intentions.ts	1025	approximate Math.sqrt	Math.sqrt(((a - d) * (a - d)) / 4 + b * b)
src/core/land/intentions.ts	1026	approximate Math.sqrt	Math.sqrt(Math.max(0, tr - disc) / (tr + disc))
src/core/land/intentions.ts	1029	iteration	for (const f of c.falls) { if (L.inLake[f.i]) continue; const x = f.i % W; const y = (f.i - x) / W; for (const [dx, dy] of D4) { const xx = x + dx; const yy = y + dy; if (xx < 0 || yy < 0 || xx >= W || yy >= H) continue; if (L.inLake[yy * W + xx]) fall = Math.max(fall, h[f.i] + D[f.i] - L.surf); } }
src/core/land/intentions.ts	1033	iteration	for (const [dx, dy] of D4) { const xx = x + dx; const yy = y + dy; if (xx < 0 || yy < 0 || xx >= W || yy >= H) continue; if (L.inLake[yy * W + xx]) fall = Math.max(fall, h[f.i] + D[f.i] - L.surf); }
src/core/land/intentions.ts	1054	sort	Array.from(h).sort((p, q) => p - q)
src/core/land/levels.ts	30	sort	Array.from({ length: n }, (_, i) => i).sort((a, b) => v[a] - v[b] || a - b)
src/core/land/levels.ts	38	sort	Float64Array.from(E).sort()
src/core/land/levels.ts	92	iteration	for (const [dx, dy] of N4) { const xx = x + dx; const yy = y + dy; if (xx < 0 || yy < 0 || xx >= W || yy >= H) continue; const j = yy * W + xx; if (lab[j] >= 0 || water[j] || Math.abs(h[j] - h[i]) > 1) continue; lab[j] = id; q.push(j); }
src/core/land/levels.ts	135	sort	fc.size.map((s, k) => [s, k]).filter(([s, k]) => k !== main && s >= minSize).sort((a, b) => b[0] - a[0] || a[1] - b[1])
src/core/land/levels.ts	138	iteration	for (const [, comp] of order) { // one decision per component (its first tile keys it across rounds) let first = -1; for (let i = 0; i < N && first < 0; i++) if (fc.lab[i] === comp) first = i; if (tiles[first] === 2) continue; if (rng.float() >= g.ramps) { // left to stairs: mark it so the next rounds skip it for (let i = 0; i < N; i++) if (fc.lab[i] === comp) tiles[i] = tiles[i] || 2; left++; continue; } const path = rampPath(h, W, H, water, keep, fc.lab, comp, main); if (!path) { for (let i = 0; i < N; i++) if (fc.lab[i] === comp) tiles[i] = tiles[i] || 2; left++; continue; } // (a path too short for its drop is left to stairs; the prototype tried the same component // again every round, so one short path used up all eight) if (!cutRamp(h, W, H, water, keep, path, tiles, steps)) { for (let i = 0; i < N; i++) if (fc.lab[i] === comp) tiles[i] = tiles[i] || 2; left++; continue; } cut++; d
src/core/land/levels.ts	186	iteration	for (const [dx, dy] of N4) { const xx = x + dx; const yy = y + dy; if (xx < 0 || yy < 0 || xx >= W || yy >= H) continue; if (lab[yy * W + xx] !== from) edge = true; }
src/core/land/levels.ts	207	iteration	for (const [dx, dy] of N4) { const xx = x + dx; const yy = y + dy; if (xx < 1 || yy < 1 || xx >= W - 1 || yy >= H - 1) continue; const j = yy * W + xx; if (water[j] || keep[j] || lab[j] === from) continue; const d = Math.abs(h[j] - h[c]); const nk = k + 1 + (d > 1 ? 4 * d : 0); if (nk < cost[j]) { cost[j] = nk; prev[j] = c; heap.push(nk, j); } }
src/core/land/levels.ts	267	iteration	for (const i of q) if (h[i] > top || h[i] < bottom) return false;
src/core/land/levels.ts	315	iteration	for (const [len, at] of edges) for (let k = 0; k < len; k++) for (let t = 1; t >= 0; t--) { const a = h[at(k, t + 1)]; const b = h[at(k, t + 2)]; const cap = a + Math.max(0, a - b); const i = at(k, t); if (h[i] > cap) { h[i] = cap; n++; } }
src/core/land/levels.ts	336	new Map	new Map<number, Map<number, number>>()
src/core/land/levels.ts	341	iteration	for (const [dx, dy] of [[1, 0], [-1, 0], [0, 1], [0, -1]]) { const xx = x + dx; const yy = y + dy; if (xx < 0 || yy < 0 || xx >= W || yy >= H) continue; const j = yy * W + xx; if (labels[j] === labels[i]) continue; const m = votes.get(labels[i]) ?? votes.set(labels[i], new Map()).get(labels[i])!; m.set(h[j], (m.get(h[j]) ?? 0) + 1); }
src/core/land/levels.ts	347	new Map	new Map()
src/core/land/levels.ts	351	new Map	new Map<number, number>()
src/core/land/levels.ts	352	iteration	for (const [lab, m] of votes) { let best = -1; let bn = -1; for (const [lv, n] of [...m].sort((a, b) => a[0] - b[0])) if (n > bn) { bn = n; best = lv; } if (best >= 0) to.set(lab, best); }
src/core/land/levels.ts	355	iteration	for (const [lv, n] of [...m].sort((a, b) => a[0] - b[0])) if (n > bn) { bn = n; best = lv; }
src/core/land/levels.ts	355	sort	[...m].sort((a, b) => a[0] - b[0])
src/core/land/levels.ts	425	iteration	for (const [dx, dy] of [[1, 0], [-1, 0], [0, 1], [0, -1]] as const) { const xx = x + dx; const yy = y + dy; if (xx < 0 || yy < 0 || xx >= W || yy >= H) continue; const j = yy * W + xx; if (filled[j] >= 0) continue; filled[j] = h[j] > lv ? h[j] : lv; heap.push(filled[j], j); }
src/core/land/levels.ts	470	iteration	for (const [dx, dy] of N4) { const xx = x + dx; const yy = y + dy; if (xx < 0 || yy < 0 || xx >= W || yy >= H) continue; const j = yy * W + xx; if (spill[j] >= 0) continue; spill[j] = h[j] > lv ? h[j] : lv; heap.push(spill[j], j); }
src/core/land/levels.ts	492	iteration	for (const [dx, dy] of N4) { const xx = x + dx; const yy = y + dy; if (xx < 0 || yy < 0 || xx >= W || yy >= H) continue; const j = yy * W + xx; if (label[j] >= 0 || !(spill[j] > h[j]) || spill[j] !== spill[s0]) continue; label[j] = id; tiles.push(j); }
src/core/land/levels.ts	511	iteration	for (const i of b.tiles) { const x = i % W; const y = (i - x) / W; for (const [dx, dy] of N4) { const xx = x + dx; const yy = y + dy; if (xx < 0 || yy < 0 || xx >= W || yy >= H) continue; const j = yy * W + xx; if (seen[j] || label[j] === id || h[j] !== S || spill[j] !== S) continue; seen[j] = 1; q.push(j); } }
src/core/land/levels.ts	514	iteration	for (const [dx, dy] of N4) { const xx = x + dx; const yy = y + dy; if (xx < 0 || yy < 0 || xx >= W || yy >= H) continue; const j = yy * W + xx; if (seen[j] || label[j] === id || h[j] !== S || spill[j] !== S) continue; seen[j] = 1; q.push(j); }
src/core/land/levels.ts	528	iteration	for (const [dx, dy] of N4) { const xx = x + dx; const yy = y + dy; if (xx < 0 || yy < 0 || xx >= W || yy >= H) continue; const j = yy * W + xx; if (seen[j] || label[j] === id || h[j] !== S || spill[j] !== S) continue; seen[j] = 1; q.push(j); }
src/core/land/levels.ts	544	iteration	for (const i of b.tiles) { cost[i] = 0; hp.push(0, i); }
src/core/land/levels.ts	559	iteration	for (const [dx, dy] of N4) { const xx = x + dx; const yy = y + dy; if (xx >= 0 && yy >= 0 && xx < W && yy < H && spill[yy * W + xx] < S && label[yy * W + xx] !== id) out = true; }
src/core/land/levels.ts	569	iteration	for (const [dx, dy] of N4) { const xx = x + dx; const yy = y + dy; if (xx < 0 || yy < 0 || xx >= W || yy >= H) continue; const j = yy * W + xx; if (label[j] === id || h[j] !== S || spill[j] !== S || cost[j] <= k) continue; const nk = k + 1 + 1.2 * (fbm(ns, xx, yy, 7, 2) + 1); if (nk < cost[j]) { cost[j] = nk; prev[j] = c; hp.push(nk, j); } }
src/core/land/levels.ts	628	iteration	for (const [dx, dy] of N4) { const xx = x + dx; const yy = y + dy; if (xx < 0 || yy < 0 || xx >= W || yy >= H) continue; const j = yy * W + xx; if (spill[j] >= 0) continue; spill[j] = h[j] > lv ? h[j] : lv; heap.push(spill[j], j); }
src/core/land/levels.ts	640	iteration	for (const i of heads) if (i >= 0 && i < N && !path[i]) { path[i] = 1; q.push(i); }
src/core/land/levels.ts	649	iteration	for (const [dx, dy] of N4) { const xx = x + dx; const yy = y + dy; if (xx < 0 || yy < 0 || xx >= W || yy >= H) continue; const j = yy * W + xx; if (path[j] || spill[j] > spill[c]) continue; path[j] = 1; q.push(j); }
src/core/land/levels.ts	685	iteration	for (const [dx, dy] of N4) { const xx = x + dx; const yy = y + dy; if (xx < 0 || yy < 0 || xx >= W || yy >= H) continue; const j = yy * W + xx; if (spill[j] >= 0) continue; spill[j] = h[j] > lv ? h[j] : lv; heap.push(spill[j], j); }
src/core/land/levels.ts	726	iteration	for (const [dx, dy] of N4) { const xx = x + dx; const yy = y + dy; if (xx < 0 || yy < 0 || xx >= W || yy >= H) continue; const j = yy * W + xx; if (label[j] >= 0 || !(spill[j] > h[j]) || spill[j] !== spill[s0]) continue; label[j] = id; tiles.push(j); }
src/core/land/levels.ts	740	iteration	for (const lk of lakes) { if (lk.length < minArea) continue; let flat = 0; for (const i of lk) if (label[i] < 0 && spill[i] === h[i]) flat++; if (flat < minArea / 2) continue; const count = new Map<number, number>(); for (const i of lk) count.set(spill[i], (count.get(spill[i]) ?? 0) + 1); const S = [...count].sort((a, c) => c[1] - a[1] || a[0] - c[0])[0][0]; const id = basins.length; const tiles: number[] = []; for (const i of lk) if (label[i] < 0 && spill[i] === S) { label[i] = id; tiles.push(i); } basins.push({ tiles, level: S, sheet: true }); }
src/core/land/levels.ts	743	iteration	for (const i of lk) if (label[i] < 0 && spill[i] === h[i]) flat++;
src/core/land/levels.ts	745	new Map	new Map<number, number>()
src/core/land/levels.ts	746	iteration	for (const i of lk) count.set(spill[i], (count.get(spill[i]) ?? 0) + 1);
src/core/land/levels.ts	747	sort	[...count].sort((a, c) => c[1] - a[1] || a[0] - c[0])
src/core/land/levels.ts	750	iteration	for (const i of lk) if (label[i] < 0 && spill[i] === S) { label[i] = id; tiles.push(i); }
src/core/land/levels.ts	768	iteration	for (const i of b.tiles) { cost[i] = 0; hp.push(0, i); }
src/core/land/levels.ts	784	iteration	for (const [dx, dy] of N4) { const xx = x + dx; const yy = y + dy; if (xx < 0 || yy < 0 || xx >= W || yy >= H) continue; const j = yy * W + xx; if (label[j] === id || h[j] > S || spill[j] > spill[c] || cost[j] <= k) continue; const nk = k + 1 + 3 * (fbm(ns, xx, yy, Math.max(12, width), 2) + 1); if (nk < cost[j]) { cost[j] = nk; prev[j] = c; hp.push(nk, j); } }
src/core/land/levels.ts	803	iteration	for (const i of b.tiles) { const x = i % W; const y = (i - x) / W; for (let dy = -2; dy <= 2; dy++) for (let dx = -2; dx <= 2; dx++) { const xx = x + dx; const yy = y + dy; if (xx >= 0 && yy >= 0 && xx < W && yy < H) nearSea[yy * W + xx] = 1; } }
src/core/land/levels.ts	820	iteration	for (const r of route) { const rx = r % W; const ry = (r - rx) / W; for (let dy = -Ri; dy <= Ri; dy++) for (let dx = -Ri; dx <= Ri; dx++) { const d2 = dx * dx + dy * dy; if (d2 > R * R + 0.5) continue; const xx = rx + dx; const yy = ry + dy; if (xx < 0 || yy < 0 || xx >= W || yy >= H) continue; const j = yy * W + xx; if (target[j] < 0) band.push(j); if (d2 < best[j]) { best[j] = d2; target[j] = h[r] >= S && !nearSea[r] ? Math.max(0, S - 1) : h[r]; } } }
src/core/land/levels.ts	841	iteration	for (const j of band) { inBand[j] = 1; if (label[j] === id || keep[j]) continue; const t = nearSea[j] ? Math.max(target[j], S) : target[j]; if (h[j] > t) { h[j] = t; n++; } }
src/core/land/narrows.ts	48	approximate Math.sqrt	Math.sqrt(dx * dx + dy * dy)
src/core/land/narrows.ts	58	approximate Math.sqrt	Math.sqrt(dx * dx + dy * dy)
src/core/land/narrows.ts	67	approximate Math.sqrt	Math.sqrt((b[0] - a[0]) * (b[0] - a[0]) + (b[1] - a[1]) * (b[1] - a[1]))
src/core/land/narrows.ts	77	new Map	new Map()
src/core/land/narrows.ts	87	new Map	new Map<number, number>()
src/core/land/narrows.ts	123	approximate Math.sqrt	Math.sqrt((xx - cx) * (xx - cx) + (yy - cy) * (yy - cy))
src/core/land/narrows.ts	152	iteration	for (const [i, lv] of raise) out[i] = lv;
src/core/land/narrows.ts	161	new Map	new Map()
src/core/land/num.ts	8	approximate Math.sqrt	Math.sqrt(0.5)
src/core/land/num.ts	43	approximate Math.sqrt	Math.sqrt(dx * dx + dy * dy)
src/core/math/grid.ts	139	sort	[...tiles].sort((a, b) => a - b)
src/core/math/grid.ts	141	iteration	for (const t of sorted) { const x = t % W; const y = (t - x) / W; const last = runs[runs.length - 1]; if (last && last[0] === y && last[2] === x - 1) last[2] = x; else runs.push([y, x, x]); }
src/core/math/grid.ts	153	iteration	for (const [y, x0, x1] of runs) for (let x = x0; x <= x1; x++) out.push(y * W + x);
src/core/math/hash.ts	93	iteration	for (const b of bytes) hex += b.toString(16).padStart(2, "0");
src/core/math/rng.ts	66	iteration	for (const w of weights) total += w;
src/core/places/place.ts	112	sort	[...tiles].sort((a, b) => a - b)
src/core/places/place.ts	148	iteration	for (const [x, y, strength] of p.sources) out.push(waterSource({ ...at(y * W + x, "WaterSource"), strength }));
src/core/places/place.ts	150	iteration	for (const i of decodeTiles(p.bushes)) out.push(bush({ ...at(i, "BlueberryBush"), ripe: true }));
src/core/places/place.ts	156	iteration	for (const [species, gaps] of trees) for (const i of decodeTiles(gaps)) out.push(tree({ ...at(i, species), species }));
src/core/places/place.ts	156	iteration	for (const i of decodeTiles(gaps)) out.push(tree({ ...at(i, species), species }));
src/core/places/place.ts	157	iteration	for (const i of decodeTiles(p.ruins)) out.push(ruin({ ...at(i, "RuinColumnH2"), height: 2, variant: "A", orientation: "Cw0" }));
src/core/places/place.ts	158	iteration	for (const i of decodeTiles(p.deadPines)) out.push(tree({ ...at(i, "DeadPine"), species: "Pine", dead: true }));
src/core/resources/badwater.ts	162	iteration	for (const c of cands) { if (used[c.y * W + c.x]) continue; const key = Math.abs(c.d - target) + 6 * c.jitter - 8 * c.low; if (key < bestKey || (key === bestKey && best && c.y * W + c.x < best.y * W + best.x)) { best = c; bestKey = key; } }
src/core/resources/baseline.ts	58	iteration	for (const i of tiles) { cx += i % W; cy += (i - (i % W)) / W; }
src/core/resources/baseline.ts	73	approximate Math.sqrt	Math.sqrt(dx * dx + dy * dy)
src/core/resources/baseline.ts	76	iteration	for (const v of r) if (v > rmax) rmax = v;
src/core/resources/baseline.ts	79	sort	blob.map((_, k) => k).sort((a, b) => key[a] - key[b] || a - b)
src/core/resources/baseline.ts	80	sort	order .slice(0, keep) .map((k) => blob[k]) .sort((a, b) => a - b)
src/core/resources/baseline.ts	88	iteration	for (const i of tiles) { const x = i % W; const y = (i - x) / W; for (let dy = -ring; dy <= ring; dy++) for (let dx = -ring; dx <= ring; dx++) { const xx = x + dx; const yy = y + dy; if (xx >= 0 && yy >= 0 && xx < W && yy < H) mask[yy * W + xx] = 1; } }
src/core/resources/baseline.ts	167	reduce	mix.reduce((a, b) => a + b, 0)
src/core/resources/baseline.ts	171	iteration	for (const living of [true, false]) { let need = living ? want.living : want.dry; let misses = 0; while (need >= 3 && misses < 40) { const allowed = new Uint8Array(N); const weight = new Float64Array(N); let any = false; for (let i = 0; i < N; i++) { if (!freeAt(g, i) || clear[i] || (o.within && !o.within[i])) continue; if (living !== moistAt(g, i)) continue; allowed[i] = 1; weight[i] = living && o.waterDist ? (o.waterDist[i] <= 6 ? 3 : o.waterDist[i] <= 16 ? 1.5 : 1) : 1; any = true; } if (!any) break; const seeds = pickSeeds(o.rng, weight, W, 1, 1); if (!seeds.length) break; let n = o.size ?? Math.max(5, Math.min(size.cap, Math.floor(o.rng.logNormal(size.median, L.grove.sigma)))); n = Math.min(n, need < 5 ? 5 : need); const grown = growGroveAt(g, o.rng, allowed, seeds[0], n); if (!grown || grown.tiles.length < 3) { clear[seeds[0]] = 1; misses++; continue; } // the species: by what is l
src/core/resources/baseline.ts	202	iteration	for (const i of grown.area) g.taken[i] = 1;
src/core/resources/baseline.ts	284	iteration	for (const i of grown.area) g.taken[i] = 1;
src/core/resources/baseline.ts	316	object iteration	Object.keys(L.ruinVariants)
src/core/resources/baseline.ts	317	object iteration	Object.values(L.ruinVariants)
src/core/resources/baseline.ts	318	object iteration	Object.keys(L.ruinOrientations)
src/core/resources/baseline.ts	319	object iteration	Object.values(L.ruinOrientations)
src/core/resources/baseline.ts	348	reduce	xs.reduce((a, v) => Math.min(a, v), Infinity)
src/core/resources/baseline.ts	349	reduce	ys.reduce((a, v) => Math.min(a, v), Infinity)
src/core/resources/baseline.ts	351	reduce	xs.reduce((a, v) => Math.max(a, v), -Infinity)
src/core/resources/baseline.ts	352	reduce	ys.reduce((a, v) => Math.max(a, v), -Infinity)
src/core/resources/baseline.ts	366	sort	tiles.map((_, k) => k).sort((a, b) => keys[b] - keys[a] || a - b)
src/core/resources/baseline.ts	367	sort	[...hs].sort((a, b) => b - a)
src/core/resources/baseline.ts	373	iteration	for (const h of storeys) scrap += 15 * h;
src/core/resources/baseline.ts	444	approximate Math.sqrt	Math.sqrt((areaTiles * aspect) / Math.PI)
src/core/resources/baseline.ts	445	approximate Math.sqrt	Math.sqrt(areaTiles / (aspect * Math.PI))
src/core/resources/baseline.ts	470	iteration	for (const i of tiles) { const x = i % W; const y = (i - x) / W; for (let dy = -1; dy <= 1; dy++) for (let dx = -1; dx <= 1; dx++) { const xx = x + dx; const yy = y + dy; if (xx >= 0 && xx < W && yy >= 0 && yy < H) ruinFree[yy * W + xx] = 0; } g.taken[i] = 1; }
src/core/resources/baseline.ts	545	iteration	for (const [tx, ty] of [ [x - 1 + k, y - 1], [x - 1 + k, y - 2 + side], [x - 1, y - 1 + k], [x - 2 + side, y - 1 + k], ]) if (tx >= 0 && ty >= 0 && tx < W && ty < H && m.regions[ty * W + tx] === m.root) return true;
src/core/resources/baseline.ts	566	iteration	for (const [cands, reachable] of [ [beyond(near), true], [beyond(any), false], [near, true], [any, false], ] as const) { for (let tries = 0; tries < 40 && cands.length; tries++) { const pick = cands[rng.int(0, cands.length)]; const x = pick % W; const y = (pick - x) / W; const [cx, cy] = coordinatesForMinCorner(size[0], size[1], x, y, orientation); const tiles = footprintTiles("UndergroundRuins", { template: "UndergroundRuins", x: cx, y: cy, z: 0, orientation, flipped: false }); let d = Infinity; for (const [tx, ty] of tiles) if (tx >= 0 && ty >= 0 && tx < W && ty < H) d = Math.min(d, sd[ty * W + tx]); if (d < band.lo || d > band.hi) continue; if (!fits(tiles)) continue; return { x, y, orientation, tiles, reachable }; } }
src/core/resources/baseline.ts	579	iteration	for (const [tx, ty] of tiles) if (tx >= 0 && ty >= 0 && tx < W && ty < H) d = Math.min(d, sd[ty * W + tx]);
src/core/resources/baseline.ts	670	iteration	for (const p of planPatches(g, inp.nearStart.bushes, { rng, within: near, waterDist, centres, size: Math.max(12, Math.ceil(inp.nearStart.bushes / 2)) })) { patches.push(p); bushes += p.tiles.length; }
src/core/resources/baseline.ts	680	iteration	for (const gr of got) { groves.push(gr); living += gr.tiles.length; for (const i of gr.tiles) if (!isYoungAt(inp.seed, i % W, (i - (i % W)) / W)) wood += TREE_LOGS[gr.species] ?? 0; }
src/core/resources/baseline.ts	683	iteration	for (const i of gr.tiles) if (!isYoungAt(inp.seed, i % W, (i - (i % W)) / W)) wood += TREE_LOGS[gr.species] ?? 0;
src/core/resources/baseline.ts	687	iteration	for (const p of planPatches(g, budget.bushes - bushes, { rng, waterDist, centres })) patches.push(p);
src/core/resources/baseline.ts	716	iteration	for (const p of plan.patches) for (const i of p.tiles) out.push(bush({ ...at(i, "BlueberryBush"), ripe: true }));
src/core/resources/baseline.ts	716	iteration	for (const i of p.tiles) out.push(bush({ ...at(i, "BlueberryBush"), ripe: true }));
src/core/resources/baseline.ts	717	iteration	for (const gr of plan.groves) for (const i of gr.tiles) { const moist = g.moisture[i] > 0 && !(g.soilContamination[i] > 0); const x = i % W; const y = (i - x) / W; const growth = isYoungAt(plan.seed, x, y) ? Math.round((0.2 + 0.75 * tileHash01(hash32(plan.seed, "resources", "growth"), x, y)) * 1000) / 1000 : 1; if (gr.species === "Succulent") { if (moist) continue; out.push(tree({ ...at(i, "Succulent"), species: "Succulent", growth })); } else out.push(tree({ ...at(i, gr.species), species: gr.species, dead: !moist, ...(moist ? { growth } : {}) })); }
src/core/resources/baseline.ts	718	iteration	for (const i of gr.tiles) { const moist = g.moisture[i] > 0 && !(g.soilContamination[i] > 0); const x = i % W; const y = (i - x) / W; const growth = isYoungAt(plan.seed, x, y) ? Math.round((0.2 + 0.75 * tileHash01(hash32(plan.seed, "resources", "growth"), x, y)) * 1000) / 1000 : 1; if (gr.species === "Succulent") { if (moist) continue; out.push(tree({ ...at(i, "Succulent"), species: "Succulent", growth })); } else out.push(tree({ ...at(i, gr.species), species: gr.species, dead: !moist, ...(moist ? { growth } : {}) })); }
src/core/resources/baseline.ts	728	iteration	for (const f of plan.fields) f.tiles.forEach((i, k) => { const h = f.columns.storeys[k]; out.push(ruin({ ...at(i, `RuinColumnH${h}`), height: h, variant: f.columns.variants[k], orientation: f.columns.orientations[k] })); });
src/core/resources/measure.ts	138	new Map	new Map<number, number>()
src/core/resources/measure.ts	165	new Map	new Map<number, number[]>()
src/core/resources/measure.ts	172	sort	g.sort((a, b) => a - b)
src/core/resources/measure.ts	178	new Map	new Map<number, number>()
src/core/resources/measure.ts	180	iteration	for (const t of g) owner.set(t, k);
src/core/resources/measure.ts	185	iteration	for (const t of g) { const x = t % W; const y = (t - x) / W; for (let r = 1; r < Math.min(best, reach + 1); r++) { let hit = false; for (let d = -r; d <= r && !hit; d++) for (const [xx, yy] of [ [x + d, y - r], [x + d, y + r], [x - r, y + d], [x + r, y + d], ]) { if (xx < 0 || yy < 0 || xx >= W || yy >= H) continue; const o = owner.get(yy * W + xx); if (o !== undefined && o !== k) { hit = true; break; } } if (hit) { best = r; break; } } }
src/core/resources/measure.ts	191	iteration	for (const [xx, yy] of [ [x + d, y - r], [x + d, y + r], [x - r, y + d], [x + r, y + d], ]) { if (xx < 0 || yy < 0 || xx >= W || yy >= H) continue; const o = owner.get(yy * W + xx); if (o !== undefined && o !== k) { hit = true; break; } }
src/core/resources/measure.ts	212	sort	out.sort((a, b) => a - b)
src/core/resources/measure.ts	218	iteration	for (const g of groups) inGroups += g.length;
src/core/resources/measure.ts	223	sort	groups.map((g) => g.length).sort((a, b) => a - b)
src/core/resources/measure.ts	234	iteration	for (const g of groups) for (const t of g) { const x = t % W; const y = (t - x) / W; let k = 0; for (let dy = -1; dy <= 1; dy++) for (let dx = -1; dx <= 1; dx++) if ((dx || dy) && x + dx >= 0 && x + dx < W && has((y + dy) * W + x + dx)) k++; sum += k / 8; n++; }
src/core/resources/measure.ts	235	iteration	for (const t of g) { const x = t % W; const y = (t - x) / W; let k = 0; for (let dy = -1; dy <= 1; dy++) for (let dx = -1; dx <= 1; dx++) if ((dx || dy) && x + dx >= 0 && x + dx < W && has((y + dy) * W + x + dx)) k++; sum += k / 8; n++; }
src/core/resources/measure.ts	277	iteration	for (const b of worldBlocks(FOOTPRINTS[o.template], o)) if (b.localZ === 0) d = Math.min(d, Math.hypot(b.x - p.x, b.y - p.y));
src/core/resources/measure.ts	277	approximate Math.hypot	Math.hypot(b.x - p.x, b.y - p.y)
src/core/resources/measure.ts	309	iteration	for (const b of cells) { sx += b.x; sy += b.y; }
src/core/resources/measure.ts	338	new Map	new Map<number, MapTree>()
src/core/resources/measure.ts	345	new Map	new Map<number, { h: number; v: string }>()
src/core/resources/measure.ts	356	iteration	for (const o of objects) { const t = o.template; if ((MAP_TREES as readonly string[]).includes(t)) { if (!on(o)) continue; const i = o.y * W + o.x; const s = t as MapTree; bySpecies[s].total++; const dead = isDead(o); if (dead) { bySpecies[s].dead++; if (!(moisture[i] > 0)) deadOnDry++; } else { living++; if (isYoung(o)) young++; if (moisture[i] > 0) livingOnMoist++; } if (!treeAt.has(i)) { treeAt.set(i, s); treeTiles.push(i); } } else if (t === "BlueberryBush") { if (!on(o)) continue; bushTiles.push(o.y * W + o.x); if (!isDead(o)) bushLiving++; } else if (t.startsWith("RuinColumnH")) { const h = Number(t.slice(11)); if (!(h >= 1 && h <= 8)) continue; columns++; scrap += 15 * h; storeys[h - 1]++; const v = String((o.components.RuinModels as { VariantId?: unknown } | undefined)?.VariantId ?? "?"); variants[v] = (variants[v] ?? 0) + 1; orientations[o.orientation] = (orientations[o.orientat
src/core/resources/measure.ts	405	reduce	pbo.reduce((a, s) => a + bySpecies[s].total, 0)
src/core/resources/measure.ts	406	reduce	pbo.reduce((a, s) => a + bySpecies[s].dead, 0)
src/core/resources/measure.ts	407	reduce	MAP_TREES.reduce((a, s) => a + bySpecies[s].dead, 0)
src/core/resources/measure.ts	412	iteration	for (const gr of grove.groups) { const counts = new Map<MapTree, number>(); for (const t of gr) { const x = t % W; const y = (t - x) / W; let n = 0; for (let dy = -1; dy <= 1; dy++) for (let dx = -1; dx <= 1; dx++) if ((dx || dy) && x + dx >= 0 && x + dx < W && treeAt.has((y + dy) * W + x + dx)) n++; fillSum += n / 8; fillN++; const s = treeAt.get(t)!; counts.set(s, (counts.get(s) ?? 0) + 1); } if (gr.length >= 20) dominant.push(Math.max(...counts.values()) / gr.length); }
src/core/resources/measure.ts	413	new Map	new Map<MapTree, number>()
src/core/resources/measure.ts	414	iteration	for (const t of gr) { const x = t % W; const y = (t - x) / W; let n = 0; for (let dy = -1; dy <= 1; dy++) for (let dx = -1; dx <= 1; dx++) if ((dx || dy) && x + dx >= 0 && x + dx < W && treeAt.has((y + dy) * W + x + dx)) n++; fillSum += n / 8; fillN++; const s = treeAt.get(t)!; counts.set(s, (counts.get(s) ?? 0) + 1); }
src/core/resources/measure.ts	427	sort	dominant.sort((a, b) => a - b)
src/core/resources/measure.ts	429	new Set	new Set(bushTiles)
src/core/resources/measure.ts	431	sort	bushTiles.map((i) => toWater[i]).sort((a, b) => a - b)
src/core/resources/measure.ts	438	reduce	hs.reduce((a, b) => a + b, 0)
src/core/resources/measure.ts	439	approximate Math.sqrt	Math.sqrt(hs.reduce((a, b) => a + (b - mean) * (b - mean), 0) / n)
src/core/resources/measure.ts	439	reduce	hs.reduce((a, b) => a + (b - mean) * (b - mean), 0)
src/core/resources/measure.ts	446	iteration	for (const t of f) { const x = t % W; const y = (t - x) / W; x0 = Math.min(x0, x); x1 = Math.max(x1, x); y0 = Math.min(y0, y); y1 = Math.max(y1, y); for (const [dx, dy] of [ [1, 0], [0, 1], [1, 1], [1, -1], ]) { if (x + dx >= W) continue; const nb = ruinAt.get((y + dy) * W + x + dx); if (nb) { step += Math.abs(nb.h - ruinAt.get(t)!.h); steps++; } } }
src/core/resources/measure.ts	453	iteration	for (const [dx, dy] of [ [1, 0], [0, 1], [1, 1], [1, -1], ]) { if (x + dx >= W) continue; const nb = ruinAt.get((y + dy) * W + x + dx); if (nb) { step += Math.abs(nb.h - ruinAt.get(t)!.h); steps++; } }
src/core/resources/measure.ts	471	reduce	hs.reduce((a, b) => a + b, 0)
src/core/resources/measure.ts	479	new Set	new Set(f.map((t) => ruinAt.get(t)!.v))
src/core/resources/measure.ts	482	sort	fields.sort((a, b) => b.columns - a.columns)
src/core/resources/measure.ts	483	reduce	fieldGroups.reduce((a, f) => a + f.length, 0)
src/core/resources/measure.ts	486	sort	mines.map((m) => nearestTo(m, start)).sort((a, b) => a - b)
src/core/resources/measure.ts	520	reduce	bad.reduce((a, o) => a + specifiedStrength(o.components), 0)
src/core/resources/measure.ts	522	sort	bad.map((o) => nearestTo(o, start)).sort((a, b) => a - b)
src/core/resources/plan.ts	87	iteration	for (const e of inp.entities) { for (const [x, y] of entityTiles(e)) { if (x < 0 || y < 0 || x >= W || y >= H) continue; taken[y * W + x] = 1; if (WALK_BLOCKERS.has(e.template)) walkBlocked[y * W + x] = 1; } if (e.template !== "Slope") continue; const [dx, dy] = slopeHighSide(e.orientation); const hx = e.x + dx; const hy = e.y + dy; if (e.x >= 0 && e.y >= 0 && e.x < W && e.y < H && hx >= 0 && hy >= 0 && hx < W && hy < H) links.push([e.y * W + e.x, hy * W + hx]); }
src/core/resources/plan.ts	88	iteration	for (const [x, y] of entityTiles(e)) { if (x < 0 || y < 0 || x >= W || y >= H) continue; taken[y * W + x] = 1; if (WALK_BLOCKERS.has(e.template)) walkBlocked[y * W + x] = 1; }
src/core/resources/plan.ts	128	reduce	springs.reduce((a, b) => (b.fromStart < a.fromStart ? b : a))
src/core/resources/plan.ts	136	iteration	for (const s of springs) for (let y = s.y - 1; y <= s.y + 3; y++) for (let x = s.x - 1; x <= s.x + 3; x++) if (x >= 0 && y >= 0 && x < W && y < H) taken[y * W + x] = 1;
src/core/resources/plan.ts	164	iteration	for (const lo of [band.lo * scale + 1, (band.lo * scale) / 2]) { while (mines.length < want) { const spot = pickMineSite({ W, H, heights: h, blocked, startDist: sd, regions, root }, rng, { lo, hi: Infinity, far: lo + (band.lo * scale) / 3 }, fits); if (!spot) break; mines.push(spot); for (const [x, y] of spot.tiles) for (let dy = -3; dy <= 3; dy++) for (let dx = -3; dx <= 3; dx++) { const xx = x + dx; const yy = y + dy; if (xx >= 0 && yy >= 0 && xx < W && yy < H) blocked[yy * W + xx] = 1; } for (const [x, y] of spot.tiles) taken[y * W + x] = 1; } if (mines.length) break; }
src/core/resources/plan.ts	169	iteration	for (const [x, y] of spot.tiles) for (let dy = -3; dy <= 3; dy++) for (let dx = -3; dx <= 3; dx++) { const xx = x + dx; const yy = y + dy; if (xx >= 0 && yy >= 0 && xx < W && yy < H) blocked[yy * W + xx] = 1; }
src/core/resources/plan.ts	176	iteration	for (const [x, y] of spot.tiles) taken[y * W + x] = 1;
src/core/sim/model.ts	81	iteration	for (const o of objects) { const rule = EMITTERS[o.template]; if (rule) { const cells: number[] = []; for (const [lx, ly] of rule.tiles) { const [x, y] = objectTile(o, lx, ly); if (inside(x, y)) cells.push(y * W + x); } if (cells.length) { let strength = rule.runs && !isDelayed(o.components) ? specifiedStrength(o.components) : 0; if (strength > MAX_STRENGTH_PER_TILE * rule.tiles.length) strength = MAX_STRENGTH_PER_TILE * rule.tiles.length; if (!(strength > 0)) strength = 0; const e: Emitter = { cells, strength, contamination: rule.contamination }; if (rule.seep) e.depthLimit = { anchor: cells[0], off: SEEP_OFF, on: SEEP_ON }; emitters.push(e); } } if (o.template === "Blockage" || o.template === "BadtideDrain") { const [x, y] = objectTile(o, 0, 0); if (inside(x, y) && floor[y * W + x] < o.z + 1) floor[y * W + x] = o.z + 1; } else if (o.template === "NaturalDam") { const [x, y] = objectTil
src/core/sim/model.ts	85	iteration	for (const [lx, ly] of rule.tiles) { const [x, y] = objectTile(o, lx, ly); if (inside(x, y)) cells.push(y * W + x); }
src/core/sim/model.ts	115	iteration	for (const e of world.entities) { const p = placementOf(e); if (!p) continue; out.push({ ...p, components: e.Components as JsonObject }); }
src/core/sim/model.ts	131	iteration	for (const o of objects) { if (o.template !== "Thorns") continue; const [x, y] = objectTile(o, 0, 0); if (x < 0 || x >= W || y < 0 || y >= H) continue; if (!out) out = new Uint8Array(W * H); out[y * W + x] = 1; }
src/core/sim/moisture.ts	93	iteration	for (const [dx, dy] of DIRS4) { const xx = x + dx; const yy = y + dy; if (xx < 0 || xx >= W || yy < 0 || yy >= H) continue; const j = yy * W + xx; if (!wet[j]) continue; const v = range[j] - 6 * Math.max(0, floor[i] - surfCeil[j]); if (v > best) best = v; }
src/core/sim/prefill.ts	29	iteration	for (const e of m.emitters) for (const i of e.cells) emitting[i] = 1;
src/core/sim/prefill.ts	29	iteration	for (const i of e.cells) emitting[i] = 1;
src/core/sim/prefill.ts	74	iteration	for (const e of m.emitters) { if (!(e.strength > 0)) continue; stamp++; let head = 0; let tail = 0; for (const i of e.cells) { if (mark[i] !== stamp) { mark[i] = stamp; queue[tail++] = i; } } while (head < tail) { const c = queue[head++]; q[c] += e.strength; if (e.contamination > 0) qBad[c] += e.strength * e.contamination; path[c] = 1; const x = c % W; const y = (c - x) / W; for (let k = 0; k < 4; k++) { let n: number; if (k === 0) n = y > 0 ? c - W : -1; else if (k === 1) n = x > 0 ? c - 1 : -1; else if (k === 2) n = y < H - 1 ? c + W : -1; else n = x < W - 1 ? c + 1 : -1; if (n < 0 || mark[n] === stamp || spill[n] > spill[c]) continue; mark[n] = stamp; queue[tail++] = n; } } }
src/core/sim/prefill.ts	79	iteration	for (const i of e.cells) { if (mark[i] !== stamp) { mark[i] = stamp; queue[tail++] = i; } }
src/core/sim/prefill.ts	159	iteration	for (const lake of m.retained ?? []) for (let k = 0; k < lake.tiles.length; k++) { const i = lake.tiles[k]; if (m.floor[i] === lake.floor[k]) { depth[i] = lake.depth[k]; contamination[i] = lake.contamination[k]; } else { const d = lake.floor[k] + lake.depth[k] - m.floor[i]; depth[i] = d > 0 ? d : 0; contamination[i] = d > 0 ? lake.contamination[k] : 0; } }
src/core/sim/preview.ts	63	new Map	new Map<string, number>()
src/core/sim/preview.ts	64	iteration	for (const e of prev.emitters) before.set(key(e), (before.get(key(e)) ?? 0) + 1);
src/core/sim/preview.ts	65	new Map	new Map<string, number>()
src/core/sim/preview.ts	66	iteration	for (const e of next.emitters) after.set(key(e), (after.get(key(e)) ?? 0) + 1);
src/core/sim/preview.ts	67	iteration	for (const e of prev.emitters) if ((after.get(key(e)) ?? 0) < (before.get(key(e)) ?? 0)) for (const c of e.cells) hit[c] = 1;
src/core/sim/preview.ts	67	iteration	for (const c of e.cells) hit[c] = 1;
src/core/sim/preview.ts	68	iteration	for (const e of next.emitters) if ((before.get(key(e)) ?? 0) < (after.get(key(e)) ?? 0)) for (const c of e.cells) hit[c] = 1;
src/core/sim/preview.ts	68	iteration	for (const c of e.cells) hit[c] = 1;
src/core/sim/preview.ts	86	new WeakMap	new WeakMap<WaterModel, Float64Array>()
src/core/sim/preview.ts	133	new WeakMap	new WeakMap<WaterModel, Float64Array>()
src/core/sim/water.ts	146	iteration	for (const e of model.emitters) { for (const i of e.cells) { const x = i % W; const y = (i - x) / W; if (y === 0) this.wall[i] |= 1; if (x === 0) this.wall[i] |= 2; if (y === H - 1) this.wall[i] |= 4; if (x === W - 1) this.wall[i] |= 8; if (!seen[i]) { seen[i] = 1; cells.push(i); } } }
src/core/sim/water.ts	147	iteration	for (const i of e.cells) { const x = i % W; const y = (i - x) / W; if (y === 0) this.wall[i] |= 1; if (x === 0) this.wall[i] |= 2; if (y === H - 1) this.wall[i] |= 4; if (x === W - 1) this.wall[i] |= 8; if (!seen[i]) { seen[i] = 1; cells.push(i); } }
src/core/sim/water.ts	441	iteration	for (const i of src.cells) { const d0 = D[i]; C[i] = (C[i] * d0 + src.contamination * add) / (d0 + add); D[i] = d0 + add; }
src/core/sim/water.ts	545	new Set	new Set<number>()
src/core/sim/water.ts	546	iteration	for (const r of m.retained) for (const i of r.tiles) all.add(i);
src/core/sim/water.ts	546	iteration	for (const i of r.tiles) all.add(i);
src/core/sim/water.ts	547	sort	[...all].sort((a, b) => a - b)
src/core/sim/water.ts	559	iteration	for (const e of sim.emitters) if (e.strength > 0) for (const i of e.cells) feeds[i] = 1;
src/core/sim/water.ts	559	iteration	for (const i of e.cells) feeds[i] = 1;
src/core/sim/water.ts	564	iteration	for (const s of sealed) { if (seen[s] || !wet(s)) continue; seen[s] = 1; queue[0] = s; let tail = 1; let open = false; for (let h = 0; h < tail; h++) { const c = queue[h]; const x = c % W; const y = (c - x) / W; if (feeds[c] || x === 0 || y === 0 || x === W - 1 || y === H - 1) open = true; for (let k = 0; k < 4; k++) { let n: number; if (k === 0) n = y > 0 ? c - W : -1; else if (k === 1) n = x > 0 ? c - 1 : -1; else if (k === 2) n = y < H - 1 ? c + W : -1; else n = x < W - 1 ? c + 1 : -1; if (n < 0 || seen[n] || !wet(n)) continue; seen[n] = 1; queue[tail++] = n; } } if (open) continue; for (let h = 0; h < tail; h++) { const i = queue[h]; if (!(D[i] > prev[i])) drying[i] = 1; } }
src/core/sim/weather.ts	37	approximate Math.exp	Math.exp(x)
src/core/sim/weather.ts	37	approximate Math.exp	Math.exp(-x)
src/core/spec/codec.ts	103	new Set	new Set(["v", "s", "t", "z", "d", "a", "p", "c", "sp", "k", "st"])
src/core/spec/codec.ts	107	iteration	for (const k of path) o = (o as Record<string, unknown>)[k];
src/core/spec/codec.ts	140	iteration	for (const ch of text) { acc = (acc << 6) | B64.indexOf(ch); bits += 6; if (bits >= 8) { bits -= 8; out.push((acc >> bits) & 255); } }
src/core/spec/codec.ts	177	iteration	for (const sk of SETTING_KEYS) { const v = getAt(spec.settings, sk.path); const b = getAt(base, sk.path); if (jsonEqual(v, b)) continue; if (sk.kind === "int") put(sk.key, String(v)); else if (sk.kind === "enum") put(sk.key, sk.codes[v as string] ?? String(v)); else { const mix = v as Settings["resources"]["speciesMix"]; put(sk.key, toBase64Url(new Uint8Array(SPECIES.map((n) => mix[n])))); } }
src/core/spec/codec.ts	213	new Map	new Map<string, string>()
src/core/spec/codec.ts	214	iteration	for (const part of fragment.replace(/^#/, "").split("&")) { if (!part) continue; const eq = part.indexOf("="); const k = eq >= 0 ? part.slice(0, eq) : part; let v = eq >= 0 ? part.slice(eq + 1) : ""; try { v = decodeURIComponent(v.replace(/\+/g, " ")); } catch { // keep the raw text: it is reported below if it does not parse } if (!out.has(k)) out.set(k, v); }
src/core/spec/codec.ts	254	iteration	for (const sk of SETTING_KEYS) { const raw = params.get(sk.key); if (raw === undefined) continue; let v: unknown; if (sk.kind === "int") v = /^-?\d+$/.test(raw) ? Number(raw) : NaN; else if (sk.kind === "enum") v = Object.keys(sk.codes).find((n) => sk.codes[n] === raw) ?? (raw in sk.codes ? raw : undefined); else { const bytes = fromBase64Url(raw); v = bytes && bytes.length === 4 ? Object.fromEntries(SPECIES.map((n, k) => [n, bytes[k]])) : undefined; } // every map has at least one mine site (Kyler, 2026-09-25): an old link's 0 asks for one if (sk.key === "ms" && v === 0) v = 1; const before = getAt(spec.settings, sk.path); setAt(spec.settings, sk.path, v); if (v === undefined || (typeof v === "number" && Number.isNaN(v)) || validateSpec(spec).length) { setAt(spec.settings, sk.path, before); problems.push(`setting ${sk.key}=${raw} is not valid here, so the preset's value is kept`); } }
src/core/spec/codec.ts	259	object iteration	Object.keys(sk.codes)
src/core/spec/codec.ts	302	iteration	for (const [key, field] of [["sp", "setPieces"], ["k", "constraints"]] as const) { const raw = params.get(key); if (raw === undefined) continue; const before = spec[field]; try { (spec as unknown as Record<string, unknown>)[field] = b64ToJson(raw); if (validateSpec(spec).length) throw new Error("invalid"); } catch { (spec as unknown as Record<string, unknown>)[field] = before; problems.push(`the ${field === "setPieces" ? "set pieces" : "constraints"} in the link are not valid`); } }
src/core/spec/codec.ts	314	iteration	for (const k of params.keys()) if (!OTHER_KEYS.has(k) && !SETTING_KEYS.some((sk) => sk.key === k)) problems.push(`unknown setting "${k}" ignored`);
src/core/spec/mergepatch.ts	14	iteration	for (const key of Object.keys(patch)) { const v = patch[key]; if (v === null) delete base[key]; else base[key] = applyMergePatch(base[key], v); }
src/core/spec/mergepatch.ts	14	object iteration	Object.keys(patch)
src/core/spec/mergepatch.ts	27	iteration	for (const k of Object.keys(v)) out[k] = clone(v[k]);
src/core/spec/mergepatch.ts	27	object iteration	Object.keys(v)
src/core/spec/mergepatch.ts	42	object iteration	Object.keys(a)
src/core/spec/mergepatch.ts	43	object iteration	Object.keys(b)
src/core/spec/mergepatch.ts	44	iteration	for (const k of ka) if (!(k in b) || !jsonEqual(a[k], b[k])) return false;
src/core/spec/schema.ts	64	iteration	for (const k of (s.required as string[] | undefined) ?? []) { if (!(k in obj)) out.push({ path, message: `missing "${k}"` }); }
src/core/spec/schema.ts	68	iteration	for (const k of Object.keys(obj)) { if (k in props) walk(props[k], obj[k], `${path}/${k}`, out); else if (s.additionalProperties === false) out.push({ path, message: `unknown property "${k}"` }); }
src/core/spec/schema.ts	68	object iteration	Object.keys(obj)
src/core/spec/schema.ts	78	iteration	for (const sub of s.allOf as Schema[]) walk(sub, v, path, out);
src/core/terrain/runs.ts	19	approximate exponentiation	2 ** TERRAIN_LAYERS
src/core/terrain/runs.ts	56	new Map	new Map()
src/core/terrain/runs.ts	58	iteration	for (const i of [...columns.keys()].sort((a, b) => a - b)) { const r = runsOfColumn(columns.get(i)!); if (!plainRuns(r)) runs.push([i, r]); }
src/core/terrain/runs.ts	58	sort	[...columns.keys()].sort((a, b) => a - b)
src/core/terrain/runs.ts	69	new Map	new Map<number, Uint8Array>()
src/core/terrain/runs.ts	70	iteration	for (const [i, r] of d.runs) { if (!Number.isInteger(i) || i < 0 || i >= N) throw new Error(`terrain runs name tile ${String(i)}, outside the map`); columns.set(i, columnOfRuns(r)); }
src/core/terrain/runs.ts	91	approximate exponentiation	2 ** h[i]
src/core/terrain/runs.ts	97	iteration	for (const [i, r] of d.runs) { let m = 0; for (let k = 0; k + 1 < r.length; k += 2) for (let z = r[k]; z < r[k + 1]; z++) m |= 1 << z; t.mask[i] = m >>> 0; }
src/core/validate/checks.ts	30	new Set	new Set([ "Pine", "Birch", "Oak", "Succulent", "BlueberryBush", "Blockage", "GeothermalField", "LargeRelic", "MediumRelic", "SmallRelic", "NaturalDam", "NaturalOverhang2x1", "NaturalOverhang3x1", "NaturalOverhang4x1", "ReservePile", "ReserveTank", "ReserveWarehouse", "Slope", "Thorns", "UnstableCore", "RuinColumnH1", "RuinColumnH2", "RuinColumnH3", "RuinColumnH4", "RuinColumnH5", "RuinColumnH6", "RuinColumnH7", "RuinColumnH8", "UndergroundRuins", "StartingLocation", "AncientAquiferDrill", "Aquifer", "BadtideDrain", "BadwaterSeep", "BadwaterSource", "WaterSeep", "WaterSource", ])
src/core/validate/checks.ts	46	new Set	new Set(["WaterSource", "BadwaterSource", "WaterSeep", "BadwaterSeep", "Aquifer", "BadtideDrain", "GeothermalField", "UndergroundRuins"])
src/core/validate/checks.ts	93	reduce	floorsOf(w).reduce((a, v) => Math.max(a, v), 1)
src/core/validate/checks.ts	132	iteration	for (const v of surface) if (v > maxH) maxH = v;
src/core/validate/checks.ts	154	iteration	for (const v of floors) if (v > 1) multi++;
src/core/validate/checks.ts	174	iteration	for (const e of edges) if (e.share > most.share) most = e;
src/core/validate/checks.ts	195	new Map	new Map<number, number>()
src/core/validate/checks.ts	196	iteration	for (const name of edges) { const e = EDGE_NAMES.indexOf(name); const L = e < 2 ? W : H; const at = (p: number, d: number): [number, number] => (e === 0 ? [p, d] : e === 1 ? [p, H - 1 - d] : e === 2 ? [d, p] : [W - 1 - d, p]); for (let p = 0; p < L; p++) { let band = 0; for (let d = 0; d < EDGE_BAND; d++) { const [x, y] = at(p, d); band = Math.max(band, h[y * W + x]); } let inside = 0; for (let d = EDGE_BAND; d < EDGE_BAND + EDGE_INSIDE; d++) { const [x, y] = at(p, d); inside = Math.max(inside, h[y * W + x]); } if (band - inside < EDGE_RISE) continue; for (let d = 0; d < EDGE_BAND; d++) { const [x, y] = at(p, d); const i = y * W + x; if (h[i] > inside) to.set(i, Math.min(to.get(i) ?? inside, inside)); } } }
src/core/validate/checks.ts	219	new Map	new Map<number, number[]>()
src/core/validate/checks.ts	220	iteration	for (const [i, level] of to) { const list = byLevel.get(level) ?? []; list.push(i); byLevel.set(level, list); }
src/core/validate/checks.ts	226	iteration	for (const [level, tiles] of [...byLevel].sort((a, b) => a[0] - b[0])) ops.push({ op: "sculpt", label: ops.length ? "" : "Lower the wall", params: { mode: "flatten", cells: tilesToRuns(tiles, W), level } });
src/core/validate/checks.ts	226	sort	[...byLevel].sort((a, b) => a[0] - b[0])
src/core/validate/checks.ts	260	iteration	for (const k of stackTops) { const up = k + plane; if (up < Z * plane && voxels[up]) { best[up] = 0; queue.push(up); } }
src/core/validate/checks.ts	280	iteration	for (const [dx, dy] of [[1, 0], [-1, 0], [0, 1], [0, -1]]) { const xx = x + dx; const yy = y + dy; if (xx < 0 || xx >= X || yy < 0 || yy >= Y) continue; const n = z * plane + yy * X + xx; if (voxels[n] && best[n] > s + 1) { best[n] = s + 1; queue.push(n); } }
src/core/validate/checks.ts	320	new Set	new Set<string>()
src/core/validate/checks.ts	322	new Set	new Set<string>()
src/core/validate/checks.ts	326	new Set	new Set<string>()
src/core/validate/checks.ts	328	iteration	for (const e of w.entities) { const id = String(e.Id); if (ids.has(id) || !GUID.test(id)) badIds++; ids.add(id); const t = String(e.Template); if (!COMMON.has(t) || !FOOTPRINTS[t]) { unknown.add(t); unknownIds.push(id); continue; } const p = placementOf(e); if (!p || !(ORIENTATIONS as readonly string[]).includes(p.orientation)) { badEnum.push(t); continue; } const comps = e.Components as JsonObject; for (const r of REQUIRED[t] ?? []) if (!(r in comps)) missingComp.add(`${t}.${r}`); placements.push(p); placementIds.push(id); }
src/core/validate/checks.ts	344	iteration	for (const r of REQUIRED[t] ?? []) if (!(r in comps)) missingComp.add(`${t}.${r}`);
src/core/validate/checks.ts	360	sort	placements.map((p, k) => [p, k] as const).sort((a, b) => a[0].z - b[0].z || a[1] - b[1])
src/core/validate/checks.ts	361	new Map	new Map<number, number>()
src/core/validate/checks.ts	362	new Set	new Set<number>()
src/core/validate/checks.ts	363	new Set	new Set<number>()
src/core/validate/checks.ts	368	iteration	for (const [p, k] of order) { const fp = FOOTPRINTS[p.template]; const cells = worldBlocks(fp, p); let why = ""; for (const b of cells) { if (b.x < 0 || b.x >= X || b.y < 0 || b.y >= Y || b.z >= MAX_OBJECT_Z) { why = "outside the map"; break; } if (solid(b.x, b.y, b.z)) { why = `inside terrain at (${b.x},${b.y},${b.z})`; break; } if ((occupied.get(key(b.x, b.y, b.z)) ?? 0) & b.flags) { why = `overlaps another object at (${b.x},${b.y},${b.z})`; break; } if (b.below === "ground" && !solid(b.x, b.y, b.z - 1)) { why = `floating at (${b.x},${b.y},${b.z})`; break; } if (b.below === "groundOrStackable" && !solid(b.x, b.y, b.z - 1) && !stackTops.has(key(b.x, b.y, b.z - 1))) { why = `floating at (${b.x},${b.y},${b.z})`; break; } if (b.below === "air" && solid(b.x, b.y, b.z)) { why = `slope top not in air at (${b.x},${b.y},${b.z})`; break; } if (b.occupyAllBelow) { let under = false; for (let zz =
src/core/validate/checks.ts	372	iteration	for (const b of cells) { if (b.x < 0 || b.x >= X || b.y < 0 || b.y >= Y || b.z >= MAX_OBJECT_Z) { why = "outside the map"; break; } if (solid(b.x, b.y, b.z)) { why = `inside terrain at (${b.x},${b.y},${b.z})`; break; } if ((occupied.get(key(b.x, b.y, b.z)) ?? 0) & b.flags) { why = `overlaps another object at (${b.x},${b.y},${b.z})`; break; } if (b.below === "ground" && !solid(b.x, b.y, b.z - 1)) { why = `floating at (${b.x},${b.y},${b.z})`; break; } if (b.below === "groundOrStackable" && !solid(b.x, b.y, b.z - 1) && !stackTops.has(key(b.x, b.y, b.z - 1))) { why = `floating at (${b.x},${b.y},${b.z})`; break; } if (b.below === "air" && solid(b.x, b.y, b.z)) { why = `slope top not in air at (${b.x},${b.y},${b.z})`; break; } if (b.occupyAllBelow) { let under = false; for (let zz = 0; zz < b.z; zz++) if (baseCells.has(key(b.x, b.y, zz))) under = true; if (under) { why = `object below an Occup
src/core/validate/checks.ts	391	iteration	for (const b of cells) { const k = key(b.x, b.y, b.z); if (p.template === "StartingLocation") { startCells.push(k); continue; } occupied.set(k, (occupied.get(k) ?? 0) | b.flags); baseCells.add(k); if (b.stackable) stackTops.add(k); }
src/core/validate/checks.ts	422	new Map	new Map<number, Placement>()
src/core/validate/checks.ts	423	iteration	for (const s of slopes) at.set(s.y * X + s.x, s);
src/core/validate/checks.ts	426	iteration	for (const s of slopes) { const [dx, dy] = slopeHighSide(s.orientation); const hx = s.x + dx; const hy = s.y + dy; const lx = s.x - dx; const ly = s.y - dy; const inb = (x: number, y: number) => x >= 0 && x < X && y >= 0 && y < Y; const highOk = inb(hx, hy) && surface[hy * X + hx] === s.z + 1; const chained = at.get(ly * X + lx); const lowOk = inb(lx, ly) && (surface[ly * X + lx] === s.z || (!!chained && chained.z === s.z - 1)); if (!highOk || !lowOk) { bad.push(`(${s.x},${s.y},${s.z}) ${s.orientation}`); if (inb(s.x, s.y)) badTiles.push([s.x, s.y]); } }
src/core/validate/playability.ts	46	new Set	new Set([ "Thorns", "Blockage", "NaturalDam", "UnstableCore", "GeothermalField", "UndergroundRuins", "SmallRelic", "MediumRelic", "LargeRelic", ])
src/core/validate/playability.ts	157	iteration	for (const o of objects) { if (!WALK_BLOCKERS.has(o.template) || !FOOTPRINTS[o.template]) continue; for (const [x, y] of footprintTiles(o.template, o)) if (x >= 0 && x < W && y >= 0 && y < H) blocked[y * W + x] = 1; }
src/core/validate/playability.ts	159	iteration	for (const [x, y] of footprintTiles(o.template, o)) if (x >= 0 && x < W && y >= 0 && y < H) blocked[y * W + x] = 1;
src/core/validate/playability.ts	181	number formatting	(t / TICKS_PER_DAY).toFixed(1)
src/core/validate/playability.ts	220	iteration	for (const s of bodies.sizes) if (s > largest) largest = s;
src/core/validate/playability.ts	253	iteration	for (const o of objects) if (o.template === "UndergroundRuins") mines++;
src/core/validate/playability.ts	267	iteration	for (const o of objects) if ((o.template === "BadwaterSource" || o.template === "BadwaterSeep") && specifiedStrength(o.components) > 0) badSources++;
src/core/validate/playability.ts	285	iteration	for (const cid of START_CHECKS) c.notApplicable(cid, "playability", `needs exactly one start (the map has ${starts.length})`, ADVISORY_START.has(cid));
src/core/validate/playability.ts	309	iteration	for (const f of basins) { if (f.kind !== "setPiece") continue; const leak = basinLeak(f.params.plan as unknown as ContainedPlan, h, W, H); if (leak) leaks.push(leak); }
src/core/validate/playability.ts	354	iteration	for (const [dx, dy] of N4) { const nx = x + dx; const ny = y + dy; if (nx < 0 || ny < 0 || nx >= W || ny >= H) return [x, y]; const n = ny * W + nx; if (seen[n] || blocked.has(n) || h[n] >= rim) continue; if (Math.abs(nx - cx) > 5 || Math.abs(ny - cy) > 5) return [nx, ny]; seen[n] = 1; queue.push(n); }
src/core/validate/playability.ts	405	new Set	new Set(["start.badwater", "start.reach", "start.ruins_clear", "water.storage_possible", "plants.drought", "resources.scrap", "resources.trees", "resources.bushes"])
src/core/validate/playability.ts	418	iteration	for (const e of model.emitters) for (const i of e.cells) emitting[i] = 1;
src/core/validate/playability.ts	418	iteration	for (const i of e.cells) emitting[i] = 1;
src/core/validate/playability.ts	420	new Set	new Set<number>()
src/core/validate/playability.ts	427	iteration	for (const f of features) { if (f.kind !== "lake") continue; const mask = polygonMask(f.params.outline, W, H); for (let i = 0; i < N; i++) if (mask[i] && labels[i] >= 0) drains.add(labels[i]); }
src/core/validate/playability.ts	433	iteration	for (const e of model.emitters) { if (!(e.strength > 0)) continue; const lab = labels[e.cells[0]]; if (lab >= 0 && !drains.has(lab)) bad.push([e.cells[0] % W, Math.floor(e.cells[0] / W)]); }
src/core/validate/playability.ts	478	iteration	for (const b of cells) { sumX += b.x; sumY += b.y; }
src/core/validate/playability.ts	505	iteration	for (const o of objects) { if (o.template !== "Slope") continue; const [dx, dy] = slopeHighSide(o.orientation); const hx = o.x + dx; const hy = o.y + dy; if (o.x < 0 || o.x >= W || o.y < 0 || o.y >= H) continue; if (hx >= 0 && hx < W && hy >= 0 && hy < H) links.push([o.y * W + o.x, hy * W + hx]); }
src/core/validate/playability.ts	599	iteration	for (const o of objects) { const tree = (TREES as readonly string[]).includes(o.template); const woody = LOGS_PER_TREE_SPECIES[o.template] !== undefined; if (!tree && !woody && o.template !== "BlueberryBush") continue; if (o.x < 0 || o.x >= W || o.y < 0 || o.y >= H) continue; const i = o.y * W + o.x; const d = reachAt(walk, W, H, i); if (d > farthest) continue; const logs = woody ? treeLogs(o.template, o.components) : 0; const grown = woody && !isSapling(o.components); if (grown && d <= LOG_FLOOR_WALK) floorWood += logs; if (d > NEAR) continue; if (woody) { if (!grown) growing += logs; else { wood += logs; if (o.template in bySpecies) bySpecies[o.template as WoodSpecies] += logs; } } if (!tree && woody) continue; if (dead(o) || !survives(i)) continue; if (tree) trees++; else bushes++; }
src/core/validate/playability.ts	768	iteration	for (const s of sites) if (sd[s.y * W + s.x] <= RESERVOIR_RADIUS && (!best || s.volume > best.volume)) best = s;
src/core/validate/playability.ts	804	iteration	for (const o of objects) { if (o.template.startsWith("RuinColumnH")) { scrap += 15 * Number(o.template.slice(11)); ruins.push(o); } else if ((TREES as readonly string[]).includes(o.template) || o.template === "Succulent") treeTotal++; else if (o.template === "BlueberryBush") bushTotal++; }
src/core/validate/playability.ts	816	iteration	for (const [key, have, what] of res) { const band = officialRange(key, area); const k = rules.multipliers[key]; const need2 = 0.5 * band.median * k; const lo = Math.round(band.low * k); const hi = Math.round(band.high * k); const where = have < lo ? "below" : have > hi ? "above" : "within"; c.add({ id: `resources.${key}`, class: "playability", advisory: true, ok: have >= need2, value: have, limit: Math.round(need2), message: `${have.toLocaleString("en-US")} ${what}: ${where} the official maps' typical range for this size${k !== 1 ? " and setting" : ""} (${lo.toLocaleString("en-US")}–${hi.toLocaleString("en-US")})${have >= need2 ? "" : `; under half their median (${Math.round(need2).toLocaleString("en-US")})`}`, }); }
src/core/validate/playability.ts	830	number formatting	have.toLocaleString("en-US")
src/core/validate/playability.ts	830	number formatting	lo.toLocaleString("en-US")
src/core/validate/playability.ts	830	number formatting	hi.toLocaleString("en-US")
src/core/validate/playability.ts	830	number formatting	Math.round(need2).toLocaleString("en-US")
src/core/validate/playability.ts	838	iteration	for (const o of ruins) { if (o.x < 0 || o.x >= W || o.y < 0 || o.y >= H) continue; rmask[o.y * W + o.x] = 1; count[o.y * W + o.x]++; }
src/core/validate/playability.ts	847	iteration	for (const n of perField) if (n >= 10) inFields += n;
src/core/validate/playability.ts	858	iteration	for (const o of ruins) { let okAccess = false; for (let dy = -1; dy <= 1 && !okAccess; dy++) for (let dx = -1; dx <= 1 && !okAccess; dx++) { if (!dx && !dy) continue; const xx = o.x + dx; const yy = o.y + dy; if (xx >= 0 && xx < W && yy >= 0 && yy < H && h[yy * W + xx] === o.z && !blocked[yy * W + xx]) okAccess = true; } if (!okAccess) noAccess++; }
src/core/validate/playability.ts	904	new Set	new Set(["mineSite", "relicSmall", "relicMedium", "relicLarge", "geothermal"])
src/core/validate/playability.ts	938	iteration	for (const f of features) { if (f.kind !== "lake" || !f.params.planned) continue; const m = polygonMask(f.params.outline, W, H); for (let i = 0; i < N; i++) if (m[i]) flood[i] = 1; }
src/core/validate/playability.ts	947	iteration	for (const f of extras) { const k = f.params.kind; const tiles = objectTiles(f, W, H); const on = tiles.filter(([x, y]) => x >= 0 && y >= 0 && x < W && y < H); const name = OBJECT_NAMES[k].toLowerCase(); let problem = ""; if (on.length < tiles.length) problem = `a ${name} lies off the map`; else if (FLAT_EXTRAS.has(k)) { const lv = h[on[0][1] * W + on[0][0]]; if (on.some(([x, y]) => h[y * W + x] !== lv)) problem = `a ${name} stands on uneven ground`; else if (on.some(([x, y]) => flood[y * W + x])) problem = `a ${name} is within ${FLOOD_MARGIN} tiles of water or in a reservoir site`; } if (!problem && f.origin === "generated" && on.length) { const b = EXTRA_BANDS[k]; const lo = b.scaled ? b.lo * scale : b.lo; const hi = b.scaled ? b.hi * scale : b.hi; let d = Infinity; for (const [x, y] of on) if (sd[y * W + x] < d) d = sd[y * W + x]; if (d < lo || d > hi) problem = `a ${name} is ${Math.r
src/core/validate/playability.ts	964	iteration	for (const [x, y] of on) if (sd[y * W + x] < d) d = sd[y * W + x];
src/core/validate/playability.ts	978	iteration	for (const [ax, ay] of cores[a].tiles) for (const [bx, by] of cores[b].tiles) { const g = Math.max(Math.abs(ax - bx), Math.abs(ay - by)); if (g < gap) gap = g; }
src/core/validate/playability.ts	979	iteration	for (const [bx, by] of cores[b].tiles) { const g = Math.max(Math.abs(ax - bx), Math.abs(ay - by)); if (g < gap) gap = g; }
src/core/validate/playability.ts	1010	iteration	for (const o of objects) { const tiles: [number, number][] = FOOTPRINTS[o.template] ? footprintTiles(o.template, o) : [[o.x, o.y]]; for (const [x, y] of tiles) if (x >= 0 && x < W && y >= 0 && y < H) taken[y * W + x] = 1; }
src/core/validate/playability.ts	1012	iteration	for (const [x, y] of tiles) if (x >= 0 && x < W && y >= 0 && y < H) taken[y * W + x] = 1;
src/core/validate/playability.ts	1026	sort	moist.sort(near)
src/core/validate/playability.ts	1027	sort	dry.sort(near)
src/core/validate/playability.ts	1033	iteration	for (const s of [...moist.slice(k), ...dry]) { if (out.trees.length >= oaks) break; out.trees.push(place("Oak", s.i)); }
src/core/water/edgeSources.ts	32	iteration	for (const s of sources) { if (Math.min(s.x, s.y, W - 1 - s.x, H - 1 - s.y) > EDGE_REACH) continue; const level = heights[s.y * W + s.x]; const edge: number[] = []; for (let y = Math.max(0, s.y - EDGE_REACH); y <= Math.min(H - 1, s.y + EDGE_REACH); y++) for (let x = Math.max(0, s.x - EDGE_REACH); x <= Math.min(W - 1, s.x + EDGE_REACH); x++) { if (x !== 0 && y !== 0 && x !== W - 1 && y !== H - 1) continue; if (heights[y * W + x] <= level) edge.push(y * W + x); } if (edge.length) out.push({ source: s, edge }); }
src/core/water/sourceGroups.ts	155	iteration	for (const k of order) { if (rem <= 0) break; out[k]++; rem--; }
src/core/water/sourceGroups.ts	168	iteration	for (const [, w] of band.weights) sum += w;
src/core/water/sourceGroups.ts	171	iteration	for (const [c, w] of band.weights) { r -= w; if (r < 0) { n = c; break; } }
src/core/water/sourceGroups.ts	195	iteration	for (const o of g.objects ?? []) { if (!FOOTPRINTS[o.template]) continue; for (const [x, y] of footprintTiles(o.template, o)) if (x >= 0 && y >= 0 && x < W && y < H) taken[y * W + x] = 1; }
src/core/water/sourceGroups.ts	197	iteration	for (const [x, y] of footprintTiles(o.template, o)) if (x >= 0 && y >= 0 && x < W && y < H) taken[y * W + x] = 1;
src/core/water/sourceGroups.ts	302	iteration	for (const axis of axes) { const [ex, ey] = axis === "x" ? [1, 0] : [0, 1]; let lo = 0; // members before the anchor along the axis let hi = 0; // after it let loOpen = true; let hiOpen = true; const preferHi = uSide < 0.5; while (1 + lo + hi < wanted && (loOpen || hiOpen)) { // keep the row centred on its anchor; the seed breaks the tie for an even count const toHi = hiOpen && (!loOpen || hi < lo || (hi === lo && preferHi)); if (toHi) { if (fits(req.x + ex * (hi + 1), req.y + ey * (hi + 1))) hi++; else hiOpen = false; } else if (fits(req.x - ex * (lo + 1), req.y - ey * (lo + 1))) lo++; else loOpen = false; } if (!best || lo + hi > best.lo + best.hi) best = { axis, lo, hi }; }
src/core/water/sourceGroups.ts	331	reduce	each.reduce((s, v) => s + Math.round(v * 1000), 0)
src/core/water/sourceGroups.ts	362	reduce	each.reduce((s, v) => s + Math.round(v * 1000), 0)
src/worker/api.ts	146	reduce	xs.reduce((s, x) => s + x.strength, 0)
src/worker/api.ts	199	time	performance.now()
src/worker/api.ts	209	time	performance.now()
src/worker/session.ts	279	iteration	for (const e of list) { if (e.raw && !placementOf(e.raw)) continue; const comps = e.raw ? (e.raw.Components as Record<string, unknown>) : { ...(e.before ?? {}), ...e.components }; out.push({ template: e.template, x: e.x, y: e.y, z: e.z, orientation: e.orientation, owner: e.owner, flipped: e.flipped, ...lifeOf(comps), ...variantOf(comps), ...strengthOf(comps) }); }
src/worker/session.ts	304	iteration	for (const k of keep) { out.tile[q] = settled.tile[k]; out.floor[q] = settled.floor[k]; out.depth[q] = settled.depth[k]; out.contamination[q] = settled.contamination[k]; q++; }
src/worker/session.ts	311	iteration	for (const k of under) { out.tile[q] = w.tile[k]; out.floor[q] = floor[k]; out.depth[q] = w.depth[k]; out.contamination[q] = w.contamination[k]; q++; }
src/worker/session.ts	331	iteration	for (const i of roofed) { moisture[i] = file.moisture[i]; contamination[i] = file.contamination[i]; }
src/worker/session.ts	349	iteration	for (const [i, c] of [...cols.entries()].sort((a, b) => a[0] - b[0])) { tiles[k] = i; voxels.set(c.subarray(0, LAYERS), k * LAYERS); k++; }
src/worker/session.ts	349	sort	[...cols.entries()].sort((a, b) => a[0] - b[0])
src/worker/session.ts	388	time	performance.now()
src/worker/session.ts	394	time	performance.now()
src/worker/session.ts	440	time	performance.now()
src/worker/session.ts	522	reduce	all.reduce((m, o) => Math.max(m, o.seq + 1), 0)
src/worker/session.ts	655	time	performance.now()
src/worker/session.ts	659	time	performance.now()
src/worker/session.ts	661	time	performance.now()
src/worker/session.ts	663	time	performance.now()
src/worker/session.ts	665	time	performance.now()
src/worker/session.ts	719	time	performance.now()
src/worker/session.ts	721	time	performance.now()
src/worker/session.ts	784	time	performance.now()
src/worker/session.ts	785	time	performance.now()
src/worker/session.ts	788	iteration	for (const e of clean) e.contamination = badtideContamination(t / TICKS_PER_DAY, days);
src/worker/session.ts	802	time	performance.now()
src/worker/session.ts	804	time	performance.now()
src/worker/session.ts	856	time	performance.now()
src/worker/session.ts	865	iteration	for (const c of v.report.checks) { if (c.ok || c.applicable === false || c.advisory) continue; const item = itemOf(c, s); if (region) item.here = inRegion(c.where, region, at); items.push(item); }
src/worker/session.ts	871	time	performance.now()
src/worker/session.ts	882	new Map	new Map<string, [number, number]>()
src/worker/session.ts	883	iteration	for (const e of s.built.entities) out.set(e.id, [e.x, e.y]);
src/worker/session.ts	889	iteration	for (const id of where?.entities ?? []) { const p = at.get(id); if (p) pts.push(p); }
src/worker/session.ts	959	time	performance.now()
src/worker/session.ts	983	iteration	for (const e of b.entities) { if (e.template === "Slope" && rebuiltSlope(e.owner)) continue; for (const [x, y] of entityTiles(e)) if (x >= 0 && y >= 0 && x < W && y < H) blocked[y * W + x] = 1; }
src/worker/session.ts	985	iteration	for (const [x, y] of entityTiles(e)) if (x >= 0 && y >= 0 && x < W && y < H) blocked[y * W + x] = 1;
src/worker/session.ts	999	time	performance.now()
src/worker/session.ts	1002	time	performance.now()
src/worker/session.ts	1006	time	performance.now()
src/worker/session.ts	1011	time	performance.now()
src/worker/session.ts	1025	new Set	new Set<string>()
src/worker/session.ts	1026	iteration	for (const op of ops) { if (op.op === "deleteEntities") for (const id of op.params.entities) removed.add(id); if (op.op === "placeEntity" && bad(op)) out.push(...levelFootprint(s, { ...op.params, template: "BadwaterSource" }, removed)); if (op.op === "moveEntity" && bad(op)) { const e = s.built.entities.find((g) => g.id === op.params.id)!; out.push(...levelFootprint(s, { template: "BadwaterSource", x: op.params.x, y: op.params.y, orientation: op.params.orientation ?? e.orientation }, new Set([...removed, e.id]))); } out.push(op); }
src/worker/session.ts	1027	iteration	for (const id of op.params.entities) removed.add(id);
src/worker/session.ts	1031	new Set	new Set([...removed, e.id])
src/worker/session.ts	1039	time	performance.now()
src/worker/session.ts	1045	time	performance.now()
src/worker/session.ts	1052	time	performance.now()
src/worker/session.ts	1071	time	performance.now()
src/worker/session.ts	1085	time	performance.now()
src/worker/session.ts	1095	new Set	new Set(["start.flat", "start.entrance", "start.dry", "start.clear"])
src/worker/session.ts	1125	new Set	new Set(where.entities.slice(0, 50))
src/worker/session.ts	1127	iteration	for (const e of s.built.entities) if (want.has(e.id)) tiles.push([e.x, e.y]);
src/worker/session.ts	1148	new Set	new Set(keys(o.where))
src/worker/session.ts	1155	time	performance.now()
src/worker/session.ts	1179	iteration	for (const c of v.report.checks) { if (c.applicable === false) continue; out.checks++; if (c.ok) continue; if (before && existedBefore(c, before)) out.existing.push(itemOf(c, s)); else if (c.advisory) out.advisory.push(itemOf(c, s)); else if (blocks("export", c)) out.blocking.push(itemOf(c, s)); else out.warnings.push(itemOf(c, s)); }
src/worker/session.ts	1188	time	performance.now()
src/worker/session.ts	1274	time	performance.now()
src/worker/session.ts	1419	time	performance.now()
src/worker/session.ts	1434	time	performance.now()
src/worker/session.ts	1439	iteration	for (const e of b.entities) for (const [tx, ty] of entityTiles(e)) if (tx >= 0 && ty >= 0 && tx < W && ty < s.size.y) taken[ty * W + tx] = 1;
src/worker/session.ts	1439	iteration	for (const [tx, ty] of entityTiles(e)) if (tx >= 0 && ty >= 0 && tx < W && ty < s.size.y) taken[ty * W + tx] = 1;
src/worker/session.ts	1442	iteration	for (const i of new Set(tiles)) { if (i < 0 || i >= taken.length || taken[i] || b.water[i] > 0.05) continue; const x = i % W; const y = (i - x) / W; const p = { template, x, y, orientation: "Cw0" as Orientation }; if (entityProblem(s, p)) continue; taken[i] = 1; planted.push(i); ops.push({ op: "placeEntity", params: { id: crypto.randomUUID(), ...p } }); }
src/worker/session.ts	1442	new Set	new Set(tiles)
src/worker/session.ts	1450	unseeded randomness	crypto.randomUUID()
src/worker/session.ts	1463	time	performance.now()
src/worker/session.ts	1466	new Set	new Set(tiles)
src/worker/session.ts	1469	new Set	new Set<string>()
src/worker/session.ts	1471	new Map	new Map<RemoveKind, number>()
src/worker/session.ts	1474	new Map	new Map<string, number[]>()
src/worker/session.ts	1475	iteration	for (const e of s.built.entities) { if (e.raw && !placementOf(e.raw)) continue; if (!entityTiles(e).some(([tx, ty]) => tx >= 0 && ty >= 0 && tx < W && ty < H && want.has(ty * W + tx))) continue; const kind = removeKindOf(e.template); if (!kind || !removeTakes(kinds, e.template)) continue; if (kind === "ruins" && fields.has(e.owner)) { removed.push(e.y * W + e.x); counts.set(kind, (counts.get(kind) ?? 0) + 1); continue; } if (kind === "slopes" && (rebuiltSlope(e.owner) || e.owner.startsWith("pinned:"))) slopes.push({ x: e.x, y: e.y }); else if (kind === "start" && s.features.some((f) => f.kind === "start" && f.id === e.owner)) startFeatures.add(e.owner); else ids.push(e.id); removed.push(e.y * W + e.x); counts.set(kind, (counts.get(kind) ?? 0) + 1); }
src/worker/session.ts	1494	iteration	for (const o of submergedIn(s, want)) { if (!removeTakes(kinds, o.template)) continue; removed.push(o.tile); const kind = removeKindOf(o.template)!; counts.set(kind, (counts.get(kind) ?? 0) + 1); }
src/worker/session.ts	1500	new Map	new Map<string, Set<number>>()
src/worker/session.ts	1501	iteration	for (const f of s.features) { // (not a ruin field: its columns' heights are assigned over its whole area, so giving tiles up would // change the ones that stand) if (f.kind !== "forest" && f.kind !== "berryPatch") continue; if (!removeTakes(kinds, f.kind === "forest" ? "Pine" : "BlueberryBush")) continue; const standing = new Set<number>(); for (const e of s.built.entities) if (e.owner === f.id) for (const [tx, ty] of entityTiles(e)) standing.add(ty * W + tx); const gone = new Set<number>(); for (const i of runsToTiles(f.params.area as Runs, W)) if (want.has(i) && !standing.has(i)) gone.add(i); if (gone.size) trims.set(f.id, gone); }
src/worker/session.ts	1506	new Set	new Set<number>()
src/worker/session.ts	1507	iteration	for (const e of s.built.entities) if (e.owner === f.id) for (const [tx, ty] of entityTiles(e)) standing.add(ty * W + tx);
src/worker/session.ts	1507	iteration	for (const [tx, ty] of entityTiles(e)) standing.add(ty * W + tx);
src/worker/session.ts	1508	new Set	new Set<number>()
src/worker/session.ts	1509	iteration	for (const i of runsToTiles(f.params.area as Runs, W)) if (want.has(i) && !standing.has(i)) gone.add(i);
src/worker/session.ts	1515	iteration	for (const [id, gone] of trims) { const f = s.features.find((g) => g.id === id); if (!f || !("area" in f.params)) continue; const keep = runsToTiles(f.params.area as Runs, W).filter((i) => !gone.has(i)); // (a feature whose whole area was under water has nothing left: it goes) ops.push(keep.length ? { op: "updateFeature", params: { id, patch: { params: { area: tilesToRuns(keep, W) } } } } : { op: "deleteFeature", params: { id } }); }
src/worker/session.ts	1522	iteration	for (const [id, gone] of fields) { const f = s.features.find((g) => g.id === id); if (!f || f.kind !== "ruinField") continue; const cleared = new Set<number>(f.params.cleared ? runsToTiles(f.params.cleared, W) : []); for (const i of gone) cleared.add(i); const left = runsToTiles(f.params.area, W).some((i) => !cleared.has(i)); ops.push(left ? { op: "updateFeature", params: { id, patch: { params: { cleared: tilesToRuns([...cleared].sort((a, b) => a - b), W) } } } } : { op: "deleteFeature", params: { id } }); }
src/worker/session.ts	1525	new Set	new Set<number>(f.params.cleared ? runsToTiles(f.params.cleared, W) : [])
src/worker/session.ts	1526	iteration	for (const i of gone) cleared.add(i);
src/worker/session.ts	1528	sort	[...cleared].sort((a, b) => a - b)
src/worker/session.ts	1530	iteration	for (const p of slopes) ops.push({ op: "removeSlope", params: p });
src/worker/session.ts	1531	iteration	for (const id of startFeatures) ops.push({ op: "deleteFeature", params: { id } });
src/worker/session.ts	1562	time	performance.now()
src/worker/session.ts	1566	new Set	new Set(tiles)
src/worker/session.ts	1582	time	performance.now()
src/worker/session.ts	1585	new Set	new Set(tiles)
src/worker/session.ts	1587	iteration	for (const e of s.built.entities) { if (e.template !== "WaterSource" && e.template !== "BadwaterSource") continue; if (e.raw && !placementOf(e.raw)) continue; if (entityTiles(e).some(([tx, ty]) => tx >= 0 && ty >= 0 && tx < W && ty < H && want.has(ty * W + tx))) ids.push(e.id); }
src/worker/session.ts	1600	time	performance.now()
src/worker/session.ts	1611	time	performance.now()
src/worker/session.ts	1622	time	performance.now()
src/worker/session.ts	1645	new Set	new Set([e.id])
src/worker/session.ts	1657	unseeded randomness	crypto.randomUUID()
src/worker/session.ts	1665	new Set	new Set()
src/worker/session.ts	1666	unseeded randomness	crypto.randomUUID()
src/worker/session.ts	1673	time	performance.now()
src/worker/session.ts	1702	iteration	for (const k of Object.keys(v)) out[k] = plainJson((v as Record<string, unknown>)[k]);
src/worker/session.ts	1702	object iteration	Object.keys(v)
src/worker/session.ts	1711	new Map	new Map(s.features.map((f) => [f.id, kindName(f)]))
src/worker/session.ts	1713	iteration	for (const e of s.built.entities) { if (e.raw && !placementOf(e.raw)) continue; if (!entityTiles(e).some(([tx, ty]) => tx === x && ty === y)) continue; const comps = (e.raw ? e.raw.Components : { ...(e.before ?? {}), ...e.components }) as Record<string, unknown>; const { BlockObject: _bo, ...rest } = comps; const from = names.get(e.owner) ?? (e.owner === "placed" ? "placed by hand" : e.owner.startsWith("derived:") || e.owner.startsWith("pinned:") ? "slopes" : "the imported map"); out.push({ id: e.id, template: e.template, x: e.x, y: e.y, z: e.z, orientation: e.orientation, flipped: e.flipped, from, components: plainJson(rest) as Record<string, unknown> }); }
src/worker/session.ts	1769	sort	[...s.roofedTiles].sort((a, c) => a - c)
src/worker/session.ts	1929	new Set	new Set<number>()
src/worker/session.ts	1936	new WeakMap	new WeakMap<MapSession, number[]>()
src/worker/session.ts	1945	new WeakMap	new WeakMap<object, Uint32Array | null>()
src/worker/session.ts	1950	iteration	for (const op of s.state.sculpts) if (op.op === "forceResult" && op.params.rock) { lava ??= new Uint32Array(b.W * b.H); const { tiles, bits } = op.params.rock; for (let k = 0; k < tiles.length; k++) lava[tiles[k]] = bits[k]; }
src/worker/session.ts	1963	new WeakMap	new WeakMap<object, Map<string, { dx: number; dy: number }>>()
src/worker/session.ts	1968	new Map	new Map()
src/worker/session.ts	1969	iteration	for (const op of s.state.sculpts) if (op.op === "forceResult") for (const f of op.params.felled ?? []) out.set(f.id, { dx: f.dx, dy: f.dy });
src/worker/session.ts	1969	iteration	for (const f of op.params.felled ?? []) out.set(f.id, { dx: f.dx, dy: f.dy });
src/worker/session.ts	1971	new Set	new Set(b.entities.filter((e) => lifeOf(e.raw ? (e.raw.Components as Record<string, unknown>) : { ...(e.before ?? {}), ...e.components }).dead).map((e) => e.id))
src/worker/session.ts	1972	iteration	for (const id of [...out.keys()]) if (!dead.has(id)) out.delete(id);
src/worker/session.ts	2083	iteration	for (const i of s.columns.keys()) keep[i] = 1;
src/worker/session.ts	2115	unseeded randomness	crypto.randomUUID()
src/worker/session.ts	2125	unseeded randomness	crypto.randomUUID()
src/worker/session.ts	2151	iteration	for (const p of aimed ? (req.via ?? []) : []) { const last = stops.at(-1) ?? req.origin; if (p[0] !== last[0] || p[1] !== last[1]) stops.push(p); }
src/worker/session.ts	2247	iteration	for (const [k, v] of Object.entries(settings)) if (v === undefined) delete settings[k];
src/worker/session.ts	2247	object iteration	Object.entries(settings)
src/worker/session.ts	2302	time	performance.now()
src/worker/session.ts	2373	time	performance.now()
src/worker/session.ts	2434	time	performance.now()
src/worker/session.ts	2444	time	performance.now()
src/worker/session.ts	2484	new Set	new Set(s.built.entities.map((e) => e.id))
src/worker/session.ts	2502	new Set	new Set([seq])
src/worker/session.ts	2517	new Map	new Map(p.tiles.map((i, k) => [i, p.heights[k]]))
src/worker/session.ts	2519	sort	[...at.keys()].sort((a, b) => a - b)
src/worker/session.ts	2525	new Set	new Set(before.entities.map((e) => e.id))
src/worker/session.ts	2545	new Map	new Map<number, number>()
src/worker/session.ts	2570	new Set	new Set(params.tiles)
src/editor/CarveRow.tsx	130	number formatting	width.toFixed(1)
src/editor/Editor.tsx	297	new Set	new Set(d)
src/editor/Editor.tsx	410	time	performance.now()
src/editor/Editor.tsx	414	time	performance.now()
src/editor/Editor.tsx	789	iteration	for (const k of at.get(ny * W + nx) ?? []) { const template = m.templates[m.template[k]]; if (template !== "WaterSource" && template !== "BadwaterSource") continue; const tiles = footprintTiles(template, { template, x: nx, y: ny, z: 0, orientation: ORIENTATION_NAMES[m.orientation[k]] as Orientation, flipped: false }); if (tiles.some(([tx, ty]) => tx === x && ty === y)) return { x: nx, y: ny, bad: template === "BadwaterSource", tiles }; }
src/editor/Editor.tsx	829	iteration	for (const sp of spots()) { const [x0, y0, x1, y1] = sp.rect; const cx = (x0 + x1 + 1) / 2; const cy = (y0 + y1 + 1) / 2; const z = h[sp.corner] ?? 0; const ground = r.project(cx, z, -cy); const marker = r.project(cx, z + 0.6, -cy); if (!ground.visible && !marker.visible) continue; // (the distance to the line from the source's foot to its marker) const vx = marker.x - ground.x; const vy = marker.y - ground.y; const len = vx * vx + vy * vy; const t = len ? Math.max(0, Math.min(1, ((px - ground.x) * vx + (py - ground.y) * vy) / len)) : 0; const d = Math.hypot(px - (ground.x + vx * t), py - (ground.y + vy * t)); if (d < bestD) { bestD = d; best = sp; } }
src/editor/Editor.tsx	842	approximate Math.hypot	Math.hypot(px - (ground.x + vx * t), py - (ground.y + vy * t))
src/editor/Editor.tsx	904	iteration	for (const c of instant) for (const [x, y] of c.where?.tiles ?? []) layers.push({ tiles: [y * info.W + x], color: PROBLEM });
src/editor/Editor.tsx	904	iteration	for (const [x, y] of c.where?.tiles ?? []) layers.push({ tiles: [y * info.W + x], color: PROBLEM });
src/editor/Editor.tsx	1112	reduce	steps.reduce((best, f, j) => (Math.abs(f - now) < Math.abs(steps[best] - now) ? j : best), 0)
src/editor/Editor.tsx	1188	new Set	new Set([...nearSources, ...feeding, ...(targetGroup >= 0 ? [targetGroup] : [])])
src/editor/Editor.tsx	1250	time	performance.now()
src/editor/Editor.tsx	1255	iteration	for (const sp of spots) { const [cx, cy] = cornerFor(sp.x, sp.y, s.orientation); const door = startEntranceTile(cx, cy, s.orientation); if (startProblemAt(c, sp.x, sp.y, door, null, s.owner)) continue; hintMs.current = Math.round(performance.now() - t0); const z = m.heights[sp.y * W + sp.x]; setStartHint({ x: sp.x, y: sp.y, z, strong: false }); clearTimeout(hintTimer.current); hintTimer.current = window.setTimeout(() => setStartHint(null), 9000); // the start's requirements there (a walk over the whole map), in the background const f = s.feature ? info.features.find((g) => g.id === s.feature) : undefined; const bench = f && f.kind === "start" ? { level: z, radius: f.params.benchRadius } : null; void startWorkerApi() .check({ W, H: info.H, heights: m.heights, water: m.water, entities: m.entities, river: indexed?.river ?? null, x: sp.x, y: sp.y, door, bench, self: s.owner, needs }) .then((
src/editor/Editor.tsx	1259	time	performance.now()
src/editor/Editor.tsx	1271	time	performance.now()
src/editor/Editor.tsx	1278	time	performance.now()
src/editor/Editor.tsx	1318	iteration	for (const e of list) feel("remove", e.x, e.y);
src/editor/Editor.tsx	1411	iteration	for (const [tx, ty] of footprintTiles(template, { template, x: cx, y: cy, z: 0, orientation: o, flipped: false })) if (tx >= 0 && ty >= 0 && tx < W && ty < info.H) under.push(h[ty * W + tx]);
src/editor/Editor.tsx	1511	unseeded randomness	Math.random()
src/editor/Editor.tsx	1542	unseeded randomness	Math.random()
src/editor/Editor.tsx	1566	approximate Math.hypot	Math.hypot(e.clientX - d.x, e.clientY - d.y)
src/editor/Editor.tsx	1581	new Set	new Set(SHELF.map((it) => it.template))
src/editor/Editor.tsx	1629	new Map	new Map<number, number[]>()
src/editor/Editor.tsx	1632	iteration	for (const [x, y] of footprintTiles(template, { template, x: e.x[k], y: e.y[k], z: 0, orientation: ORIENTATION_NAMES[e.orientation[k]] as Orientation, flipped: (e.flags[k] & FLIPPED) !== 0 })) { if (x < 0 || y < 0 || x >= W || y >= info.H) continue; const i = y * W + x; const list = out.get(i); if (list) list.push(k); else out.set(i, [k]); }
src/editor/Editor.tsx	1647	new Set	new Set<number>()
src/editor/Editor.tsx	1648	iteration	for (const i of tiles) for (const k of at.get(i) ?? []) if (removeTakes(kinds, e.templates[e.template[k]])) out.add(e.y[k] * info.W + e.x[k]);
src/editor/Editor.tsx	1649	iteration	for (const k of at.get(i) ?? []) if (removeTakes(kinds, e.templates[e.template[k]])) out.add(e.y[k] * info.W + e.x[k]);
src/editor/Editor.tsx	1682	iteration	for (const i of low) { sx += i % W; sy += Math.floor(i / W); }
src/editor/Editor.tsx	1689	number formatting	low.length.toLocaleString("en-GB")
src/editor/Editor.tsx	1690	approximate Math.sqrt	Math.sqrt(low.length)
src/editor/Editor.tsx	1809	iteration	for (const v of list) applyView(v);
src/editor/Editor.tsx	1980	approximate Math.hypot	Math.hypot(hit.x - from.x, hit.y - from.y)
src/editor/Editor.tsx	2196	approximate Math.hypot	Math.hypot(p.point[0] - f.x, -p.point[2] - f.y)
src/editor/Editor.tsx	2326	new Set	new Set<number>()
src/editor/Editor.tsx	2330	approximate Math.hypot	Math.hypot(b.x - a.x, b.y - a.y)
src/editor/Editor.tsx	2383	approximate Math.hypot	Math.hypot(intent.path.at(-1)!.x - intent.path[0].x, intent.path.at(-1)!.y - intent.path[0].y)
src/editor/Editor.tsx	2409	time	performance.now()
src/editor/Editor.tsx	2418	time	performance.now()
src/editor/Editor.tsx	2428	approximate Math.hypot	Math.hypot(p.x - down.x, p.y - down.y)
src/editor/Editor.tsx	2430	time	performance.now()
src/editor/Editor.tsx	2463	approximate Math.hypot	Math.hypot(intent.path[k].x - intent.path[k - 1].x, intent.path[k].y - intent.path[k - 1].y)
src/editor/Editor.tsx	2478	approximate Math.hypot	Math.hypot(p.x - d.x, p.y - d.y)
src/editor/Editor.tsx	2691	sort	[...new Set([...steps, strength])] .sort((a, b) => a - b)
src/editor/Editor.tsx	2691	new Set	new Set([...steps, strength])
src/editor/Editor.tsx	2840	new Set	new Set<number>()
src/editor/Editor.tsx	2844	new Set	new Set()
src/editor/Editor.tsx	2845	iteration	for (const sp of sourcesPressed(list, stroke.settings, stroke.dabs.slice(c.dabs), W)) if (inArea(sp.tiles)) c.taken.add(sp.corner);
src/editor/Editor.tsx	2847	iteration	for (const k of c.taken) glow.add(k);
src/editor/Editor.tsx	2852	iteration	for (const sp of sourcesPressed(list, shape, [q(at[0], W), q(at[1], H)], W)) if (inArea(sp.tiles)) glow.add(sp.corner);
src/editor/Editor.tsx	2921	sort	[...new Set(spots().flatMap((c) => c.tiles))].sort((a, b) => a - b)
src/editor/Editor.tsx	2921	new Set	new Set(spots().flatMap((c) => c.tiles))
src/editor/Editor.tsx	3126	number formatting	n.toLocaleString("en-GB")
src/editor/Editor.tsx	3132	iteration	for (const i of tiles) top = Math.max(top, h[i]);
src/editor/Editor.tsx	3146	sort	[...by.entries()].sort((a, b) => a[0] - b[0])
src/editor/Editor.tsx	3162	iteration	for (const i of tiles) { sx += i % W; sy += Math.floor(i / W); }
src/editor/Editor.tsx	3168	approximate Math.sqrt	Math.sqrt(n)
src/editor/Editor.tsx	3186	iteration	for (const i of c.tiles) if (w.depth[i] > c.depth + 0.25) deeper++;
src/editor/Editor.tsx	3187	number formatting	deeper.toLocaleString("en-GB")
src/editor/Editor.tsx	3195	iteration	for (const i of selection.current.tiles()) lo = Math.min(lo, h[i]);
src/editor/Editor.tsx	3208	iteration	for (const i of selection.current.tiles()) if (w.depth[i] > d) d = w.depth[i];
src/editor/Editor.tsx	3219	iteration	for (const i of tiles) top = Math.max(top, h[i]);
src/editor/Editor.tsx	3235	new Map	new Map<DeleteGroup, number>()
src/editor/Editor.tsx	3236	iteration	for (const [template, n] of Object.entries(deleteCounts?.counts ?? {})) { const g = deleteGroupOf(template); if (g) counts.set(g, (counts.get(g) ?? 0) + n); }
src/editor/Editor.tsx	3236	object iteration	Object.entries(deleteCounts?.counts ?? {})
src/editor/Editor.tsx	3241	reduce	[...counts.values()].reduce((a, b) => a + b, 0)
src/editor/Editor.tsx	3243	iteration	for (const [g, name] of DELETE_GROUPS) if (counts.get(g)) out.push({ group: g, name, count: counts.get(g)! });
src/editor/Editor.tsx	3274	new Set	new Set<number>()
src/editor/Editor.tsx	3275	iteration	for (const i of tiles) for (const k of at.get(i) ?? []) { const g = deleteGroupOf(e.templates[e.template[k]]); if (g && (group === "everything" || g === group)) out.add(i); }
src/editor/Editor.tsx	3276	iteration	for (const k of at.get(i) ?? []) { const g = deleteGroupOf(e.templates[e.template[k]]); if (g && (group === "everything" || g === group)) out.add(i); }
src/editor/Editor.tsx	3377	number formatting	c.count.toLocaleString("en-GB")
src/editor/Editor.tsx	3652	sort	[...infoRef.current.views.filter((b) => b.slot !== slot), { slot, ...v }].sort((a, b) => a.slot - b.slot)
src/editor/Editor.tsx	4055	new Set	new Set<FirstStep>(["paint", "place", "water"])
src/editor/Editor.tsx	4164	iteration	for (const b of BRUSHES) { const v = (saved as Record<string, unknown>)[b.tool]; if (typeof v === "string" && (ok as readonly string[]).includes(v)) out[b.tool] = v as T; }
src/editor/Editor.tsx	4230	iteration	for (const v of ["carve", "craterize", "erupt", "quake", "glaciate"] as const) if ((s.more as Record<string, unknown>)[v] === true) more[v] = true;
src/editor/FirstRun.tsx	18	new Set	new Set(LINES.map(([k]) => k))
src/editor/FirstRun.tsx	19	new Set	new Set((JSON.parse(v ?? "[]") as FirstStep[]).filter((k) => LINES.some(([s]) => s === k)))
src/editor/FirstRun.tsx	21	new Set	new Set()
src/editor/Minimap.tsx	64	number formatting	(x * scale).toFixed(1)
src/editor/Minimap.tsx	64	number formatting	((p.H - y) * scale).toFixed(1)
src/editor/Shelf.tsx	46	approximate Math.hypot	Math.hypot(m.clientX - s.x, m.clientY - s.y)
src/editor/TopBar.tsx	140	sort	[...FORCE_LIST].sort((a, b) => { const at = (f: Force) => { const g = FORCE_GROUPS.findIndex((grp) => grp.includes(f.id)); return g < 0 ? [FORCE_GROUPS.length, 0] : [g, FORCE_GROUPS[g].indexOf(f.id)]; }; const [ag, ai] = at(a); const [bg, bi] = at(b); return ag - bg || ai - bi; })
src/editor/brushes.ts	436	approximate Math.hypot	Math.hypot(p.point[0] - r.at[0], -p.point[2] - r.at[1])
src/editor/brushes.ts	582	unseeded randomness	Math.random()
src/editor/brushes.ts	612	time	performance.now()
src/editor/brushes.ts	638	iteration	for (const e of list) { const p = this.host.renderer.pickAtLevel(e.clientX, e.clientY, st.plane); if (!p) continue; const x = Math.max(0, Math.min(this.host.W - 0.01, p.point[0])); const y = Math.max(0, Math.min(this.host.H - 0.01, -p.point[2])); st.last = [x, y]; if (st.anchor) continue; const d = Math.hypot(x - lx, y - ly); if (d < spacing) continue; const n = Math.floor(d / spacing); for (let k = 1; k <= n; k++) points.push([lx + ((x - lx) * k * spacing) / d, ly + ((y - ly) * k * spacing) / d]); lx = points[points.length - 1][0]; ly = points[points.length - 1][1]; }
src/editor/brushes.ts	645	approximate Math.hypot	Math.hypot(x - lx, y - ly)
src/editor/brushes.ts	678	approximate Math.hypot	Math.hypot(bx - ax, by - ay)
src/editor/brushes.ts	692	iteration	for (const [x, y] of points) add.push(q(x, h.W), q(y, h.H));
src/editor/brushes.ts	705	time	performance.now()
src/editor/brushes.ts	730	time	performance.now()
src/editor/brushes.ts	743	time	performance.now()
src/editor/brushes.ts	758	time	performance.now()
src/editor/brushes.ts	777	iteration	for (const g of h.footprints()) { const inBox = g.some((i) => { const x = i % h.W; const y = (i - x) / h.W; return x >= b.x0 && x <= b.x1 && y >= b.y0 && y <= b.y1; }); if (!inBox) continue; const level = g.every((i) => was[i] === was[g[0]]); const onStep = g.some((i) => now[i] !== now[g[0]]); if (level && onStep) tiles.push(...g); }
src/editor/brushes.ts	789	sort	[...new Set(tiles)].sort((a, c) => a - c)
src/editor/brushes.ts	789	new Set	new Set(tiles)
src/editor/brushes.ts	933	iteration	for (const run of runs) { const [y, a, b] = run; if (y < ty0 || y > ty1 || b < tx0 || a > tx1) continue; out.push([y, Math.max(a, tx0), Math.min(b, tx1), ...run.slice(3)] as unknown as T); }
src/editor/features.ts	50	sort	Object.entries(mix) .filter(([, v]) => (v ?? 0) > 0) .sort((a, b) => (b[1] ?? 0) - (a[1] ?? 0))
src/editor/features.ts	50	object iteration	Object.entries(mix)
src/editor/features.ts	108	new Map	new Map<string, { key: string; tiles: Int32Array }>()
src/editor/features.ts	109	new Map	new Map<string, { key: string; field: PathField }>()
src/editor/features.ts	131	new Set	new Set<string>()
src/editor/features.ts	138	iteration	for (const i of tiles) into[i] = k;
src/editor/features.ts	140	iteration	for (const id of [...this.cache.keys()]) if (!seen.has(id)) this.cache.delete(id);
src/editor/features.ts	253	iteration	for (const f of this.features) if (f.kind === "start" && this.tilesOf(f).includes(i)) out.push(f);
src/editor/features.ts	254	iteration	for (const f of this.features) if (f.kind === "mapObject" && this.tilesOf(f).includes(i)) out.push(f);
src/editor/features.ts	255	iteration	for (const f of this.features) if (f.kind === "setPiece" && this.tilesOf(f).includes(i)) out.push(f);
src/editor/features.ts	299	new Map	new Map<number, number[]>()
src/editor/features.ts	352	number formatting	d.toFixed(2)
src/editor/features.ts	352	number formatting	d.toFixed(1)
src/editor/features.ts	374	new Set	new Set(here.map((k) => objectName(c.entities.templates[c.entities.template[k]], c.entities.flags[k])))
src/editor/features.ts	408	iteration	for (const [y, a, b] of f.params.area) pts.push([a, y], [b, y]);
src/editor/features.ts	441	iteration	for (const [x, y] of pts) { x0 = Math.min(x0, x); y0 = Math.min(y0, y); x1 = Math.max(x1, x); y1 = Math.max(y1, y); }
src/editor/features.ts	477	iteration	for (const i of tiles) { sx += i % index.W; sy += Math.floor(i / index.W); }
src/editor/features.ts	486	iteration	for (const i of tiles) { const d = (i % index.W - mx) ** 2 + (Math.floor(i / index.W) - my) ** 2; if (d < bd) { bd = d; best = i; } }
src/editor/features.ts	487	approximate exponentiation	(i % index.W - mx) ** 2
src/editor/features.ts	487	approximate exponentiation	(Math.floor(i / index.W) - my) ** 2
src/editor/features.ts	526	unseeded randomness	crypto.randomUUID()
src/editor/features.ts	590	iteration	for (const [tx, ty] of tiles) if (tx >= 0 && ty >= 0 && tx < W && ty < H) occupied[ty * W + tx] = 1;
src/editor/features.ts	606	iteration	for (const sl of placeSlopes(h, W, H, { x, y }, occupied, { ...SLOPE_RULES, links: own, water })) { const [dx, dy] = slopeHighSide(sl.orientation); links.push([sl.y * W + sl.x, (sl.y + dy) * W + (sl.x + dx)]); }
src/editor/features.ts	621	iteration	for (const i of [...tiles, door[1] * W + door[0]]) { const tx = i % W; const ty = Math.floor(i / W); if (tx < 1 || ty < 1 || tx > W - 2 || ty > H - 2 || i < 0) return "too close to the map edge"; if (c.index && c.index.river[i] >= 0) return "in a river"; if (c.water.depth[i] > 0.05) return "under water"; const here = c.entitiesAt.get(i); if (here?.some((k) => c.entities.owners[c.entities.owner[k]] !== self && !PLACED_AFTER_SLOPES.test(c.entities.templates[c.entities.template[k]]))) return "on an object"; }
src/editor/features.ts	676	iteration	for (const i of own) h[i] = level;
src/editor/features.ts	685	iteration	for (const [tx, ty] of footprintTiles(t, p)) if (tx >= 0 && ty >= 0 && tx < W && ty < H) blocked[ty * W + tx] = 1;
src/editor/features.ts	693	approximate Math.hypot	Math.hypot((i % W) - x, Math.floor(i / W) - y)
src/editor/features.ts	710	approximate Math.hypot	Math.hypot(e.x[k] - x, e.y[k] - y)
src/editor/features.ts	737	number formatting	land.toLocaleString()
src/editor/features.ts	737	number formatting	needs.reachMin.toLocaleString()
src/editor/features.ts	814	iteration	for (const m of members) { sx += mid[m] % W; sy += Math.floor(mid[m] / W); strength += v.strength[list[m]]; if (v.templates[v.template[list[m]]] === "BadwaterSource") bad = true; }
src/editor/features.ts	835	new Map	new Map<number, number>()
src/editor/features.ts	838	new Set	new Set<number>()
src/editor/features.ts	847	iteration	for (const j of [i - 1, i + 1, i - W, i + W]) { if (j < 0 || j >= W * H || seen[j] || (j === i - 1 && cx === 0) || (j === i + 1 && cx === W - 1)) continue; // a source on dry ground beside the water (its own water gone in a moment) still counts const gj = byTile.get(j); if (gj !== undefined && !wet(j)) { found.add(gj); continue; } if (!wet(j) || water.surface[j] < s0 - 0.02) continue; seen[j] = 1; queue.push(j); }
src/editor/features.ts	860	sort	[...found].sort((a, b) => a - b)
src/editor/forceDriver.ts	75	time	performance.now()
src/editor/forceDriver.ts	150	new Set	new Set<number>()
src/editor/freehand.ts	50	time	performance.now()
src/editor/freehand.ts	53	approximate Math.hypot	Math.hypot(clientX - f.x, clientY - f.y)
src/editor/freehand.ts	95	iteration	for (const p of points) if (Math.hypot(p.x - pts[pts.length - 1].x, p.y - pts[pts.length - 1].y) >= gap) pts.push(p);
src/editor/freehand.ts	95	approximate Math.hypot	Math.hypot(p.x - pts[pts.length - 1].x, p.y - pts[pts.length - 1].y)
src/editor/juice.ts	72	approximate Math.log2	Math.log2(1 + Math.max(0, tiles))
src/editor/juice.ts	107	new Map	new Map<string, number>()
src/editor/juice.ts	153	time	performance.now()
src/editor/juice.ts	195	new Set	new Set()
src/editor/juice.ts	215	time	performance.now()
src/editor/juice.ts	275	iteration	for (const k of f.ids) this.engine.stop(k);
src/editor/juice/bank.ts	64	new Map	new Map<string, BankEntry>()
src/editor/juice/engine.ts	22	new Set	new Set(SOUNDS.map((s) => s.id))
src/editor/juice/engine.ts	23	new Set	new Set(SOUNDS.filter((s) => s.group === "Brushes").map((s) => s.id))
src/editor/juice/engine.ts	58	approximate Math.tanh	Math.tanh(x / 0.92)
src/editor/juice/engine.ts	74	iteration	for (const node of [input, dc, compressor, range, ceiling, master]) node.disconnect();
src/editor/juice/engine.ts	155	new Map	new Map<Id, SoundEvent>()
src/editor/juice/engine.ts	157	new Map	new Map<Id, Params>()
src/editor/juice/engine.ts	259	new Set	new Set()
src/editor/juice/engine.ts	281	iteration	for (const layer of layers) { const voice = scheduleLayer(this.context!, this.bank!, event.gain, layer, now, loop); if (!voice) continue; event.voices.add(voice); this.sources++; voice.source.onended = () => { voice.disconnect(); event.voices.delete(voice); this.sources--; if (!event.voices.size) this.remove(event); }; }
src/editor/juice/engine.ts	343	unseeded randomness	Math.random()
src/editor/juice/engine.ts	343	unseeded randomness	Math.random()
src/editor/juice/engine.ts	345	iteration	for (const voice of event.voices) if (voice.end === Infinity && !ambience(name)) { // a long stroke rises gently, to a fifth at most, on the audio clock LADDER.forEach((step, i) => voice.source.playbackRate.linearRampToValueAtTime(voice.rate * 2 ** (step / 12), now + 0.2 + i * 0.8)); }
src/editor/juice/engine.ts	348	approximate exponentiation	2 ** (step / 12)
src/editor/juice/engine.ts	361	iteration	for (const [key, p] of this.pending) { const e = this.events.get(key); if (e && !e.stopped) { e.p = parameters({ ...e.p, ...p }); this.position(e); } }
src/editor/juice/engine.ts	382	iteration	for (const v of event.voices) { try { v.source.stop(now + 0.13); } catch { // (already stopped) } }
src/editor/juice/engine.ts	396	iteration	for (const id of [...this.events.keys()]) this.stop(id);
src/editor/juice/engine.ts	403	iteration	for (const e of this.events.values()) if (!e.stopped) this.position(e);
src/editor/juice/engine.ts	410	iteration	for (const e of this.events.values()) if (ambience(e.name)) this.stop(e.id);
src/editor/juice/engine.ts	431	iteration	for (const e of this.events.values()) { for (const v of e.voices) { v.source.onended = null; v.disconnect(); } this.remove(e); }
src/editor/juice/engine.ts	432	iteration	for (const v of e.voices) { v.source.onended = null; v.disconnect(); }
src/editor/juice/palette.ts	86	new Map	new Map<string, { at: number; index: number }>()
src/editor/juice/palette.ts	119	approximate exponentiation	2 ** ((semitones + (random() - 0.5) * 0.22 - p.size * 0.6) / 12)
src/editor/panels.tsx	51	reduce	p.steps.reduce((best, f, j) => (Math.abs(f - p.value) < Math.abs(p.steps[best] - p.value) ? j : best), 0)
src/editor/panels.tsx	151	iteration	for (const id of c.where?.entities ?? []) { const p = entityAt(id); if (p) return p; }
src/editor/placeTools.ts	35	iteration	for (const i of around) painted.add(i);
src/editor/placeTools.ts	44	new Set	new Set()
src/editor/select.ts	133	iteration	for (const [x, y] of points) if (x >= 0 && y >= 0 && x < W && y < H && !mask[y * W + x]) out.push(y * W + x);
src/editor/select.ts	147	iteration	for (const j of [i - 1, i + 1, i - W, i + W]) { if (j < 0 || j >= W * H || seen[j] || (j === i - 1 && cx === 0) || (j === i + 1 && cx === W - 1)) continue; seen[j] = 1; if (heights[j] === level) out.push(j); }
src/editor/select.ts	161	approximate exponentiation	(x - cx) ** 2
src/editor/select.ts	161	approximate exponentiation	(y - cy) ** 2
src/editor/select.ts	177	iteration	for (const j of [i - 1, i + 1, i - W, i + W]) { if (j < 0 || j >= W * H || seen[j] || (j === i - 1 && cx === 0) || (j === i + 1 && cx === W - 1)) continue; seen[j] = 1; if (wet(j)) out.push(j); }
src/editor/select.ts	190	new Map	new Map<number, number[]>()
src/editor/select.ts	191	iteration	for (const i of tiles) { if (!(water[i] > depth)) continue; const to = Math.round(surface[i] - depth); if (to <= heights[i]) continue; const list = by.get(to); if (list) list.push(i); else by.set(to, [i]); }
src/editor/select.ts	199	iteration	for (const list of by.values()) list.sort((a, b) => a - b);
src/editor/select.ts	199	sort	list.sort((a, b) => a - b)
src/editor/select.ts	244	approximate Math.hypot	Math.hypot(last[0] - start[0], last[1] - start[1])
src/editor/select.ts	250	iteration	for (const i of list) { const x = i % W; const y = (i - x) / W; x0 = Math.min(x0, x); x1 = Math.max(x1, x); y0 = Math.min(y0, y); y1 = Math.max(y1, y); }
src/editor/select.ts	268	approximate Math.hypot	Math.hypot(last[0] - start[0], last[1] - start[1])
src/editor/select.ts	273	iteration	for (const i of circleTiles(x, y, host.brushSize?.() ?? 3, host.W, host.H)) painted!.add(i);
src/editor/select.ts	300	new Set	new Set()
src/editor/select.ts	318	approximate Math.hypot	Math.hypot(hit.x - last[0], hit.y - last[1])
src/editor/shelfItems.ts	71	approximate Math.hypot	Math.hypot(tx + 0.5 - x, ty + 0.5 - y)
src/editor/shelfItems.ts	74	approximate exponentiation	(d / Math.max(0.5, r)) ** 2
src/editor/sourceSpots.ts	50	iteration	for (const [x, y] of tl) { x0 = Math.min(x0, x); y0 = Math.min(y0, y); x1 = Math.max(x1, x); y1 = Math.max(y1, y); }
src/editor/sourceSpots.ts	67	iteration	for (const s of spots) { if (s.tiles.includes(i)) return s; if (covered) continue; const [x0, y0, x1, y1] = s.rect; const dx = x < x0 ? x0 - x : x > x1 ? x - x1 : 0; const dy = y < y0 ? y0 - y : y > y1 ? y - y1 : 0; if (Math.max(dx, dy) > SOURCE_REACH) continue; const d = dx * dx + dy * dy; if (d < bestD) { bestD = d; best = s; } }
src/editor/sourceSpots.ts	85	new Set	new Set(tiles)
src/editor/sourceSpots.ts	101	iteration	for (const i of s.tiles) if (dabPresses(p, cx, cy, i % W, Math.floor(i / W))) return true;
src/editor/startHint.ts	62	approximate exponentiation	(x - sx / n) ** 2
src/editor/startHint.ts	62	approximate exponentiation	(y - sy / n) ** 2
src/editor/startHint.ts	64	sort	found.sort((a, b) => a.d - b.d || a.y - b.y || a.x - b.x)
src/editor/tools.ts	89	iteration	for (const l of layers) { const dx = l.dx ?? 0; const dy = l.dy ?? 0; let inSet: Uint8Array | null = null; if (l.outline) { inSet = new Uint8Array(W * H); for (let k = 0; k < l.tiles.length; k++) inSet[l.tiles[k]] = 1; } for (let k = 0; k < l.tiles.length; k++) { const i = l.tiles[k]; if (inSet) { const ox = i % W; const oy = (i - ox) / W; const inner = ox > 0 && oy > 0 && ox < W - 1 && oy < H - 1 && inSet[i - 1] && inSet[i + 1] && inSet[i - W] && inSet[i + W]; if (inner) continue; } const x = (i % W) + dx; const y = Math.floor(i / W) + dy; if (x < 0 || y < 0 || x >= W || y >= H) continue; const o = (y * W + x) * 4; data[o] = l.color[0]; data[o + 1] = l.color[1]; data[o + 2] = l.color[2]; data[o + 3] = l.color[3]; } }
src/editor/waterJourney.ts	58	iteration	for (const e of held) this.news(e);
src/editor/waterPlayer.ts	46	new Map	new Map<number, number>()
src/editor/waterPlayer.ts	52	new Set	new Set<number>()
src/editor/waterPlayer.ts	219	time	performance.now()
src/editor/waterPlayer.ts	234	time	performance.now()
