case	checkpoint	engines	components	cause	chromium_sha256	other_sha256
force/128/craterize/10/null/1	force/128/craterize/10/null/1/0/plan	chromium/firefox	fallen	native hypot: fallen directions	30d625eb5de61dde5dce807365893fe21842e852bbecd3e18935c0791be19d3c	72966dfb1d31b8917bc0d760c86daeae3a374f2cc45cb2391e8c8abd459f4b71
force/128/craterize/10/null/1	force/128/craterize/10/null/1/0/water	chromium/firefox	fallen	native hypot: fallen directions	7ee94f7d1a72ab0d11e0757cc68936083a9e63bd32e7477645bca724acf42440	4bb3ec0211122921b78b94063631e6d024cd3651062ab7002229d3fee8d2a205
force/128/craterize/10/null/1	force/128/craterize/10/null/1/0/plan	chromium/webkit	fallen	native hypot: fallen directions	30d625eb5de61dde5dce807365893fe21842e852bbecd3e18935c0791be19d3c	72966dfb1d31b8917bc0d760c86daeae3a374f2cc45cb2391e8c8abd459f4b71
force/128/craterize/10/null/1	force/128/craterize/10/null/1/0/water	chromium/webkit	fallen	native hypot: fallen directions	7ee94f7d1a72ab0d11e0757cc68936083a9e63bd32e7477645bca724acf42440	4bb3ec0211122921b78b94063631e6d024cd3651062ab7002229d3fee8d2a205
force/128/craterize/10/48/0	force/128/craterize/10/48/0/0/plan	chromium/firefox	fallen	native hypot: fallen directions	92eea7ed35848b9d71cd011c016391b2db60cbdf8d265534d5a25e097d4f70d1	2898b86cab6dcd11db46c5f15bf5c8c5030e97a3d443d38b91c2171755e4342d
force/128/craterize/10/48/0	force/128/craterize/10/48/0/0/water	chromium/firefox	fallen	native hypot: fallen directions	a452f60b2e395ee299a42b631b43926375dbb9061c4224e3cb43e69b7c37b5b6	4ead3ba63b8ca10915c8ddd31e1eeea073a8433a6bb7276696a49d13a1fe931d
force/128/craterize/10/48/0	force/128/craterize/10/48/0/0/plan	chromium/webkit	fallen	native hypot: fallen directions	92eea7ed35848b9d71cd011c016391b2db60cbdf8d265534d5a25e097d4f70d1	2898b86cab6dcd11db46c5f15bf5c8c5030e97a3d443d38b91c2171755e4342d
force/128/craterize/10/48/0	force/128/craterize/10/48/0/0/water	chromium/webkit	fallen	native hypot: fallen directions	a452f60b2e395ee299a42b631b43926375dbb9061c4224e3cb43e69b7c37b5b6	4ead3ba63b8ca10915c8ddd31e1eeea073a8433a6bb7276696a49d13a1fe931d
force/128/craterize/10/48/1	force/128/craterize/10/48/1/0/plan	chromium/firefox	fallen	native hypot: fallen directions	7c53c191e2c8023ed274fb5b974f1b2115870e074949186561f8f1c4e0775934	ab9e9743f6233eaeead97cdd570cc88426194b79c991c922cb86bcf51e9bd4a9
force/128/craterize/10/48/1	force/128/craterize/10/48/1/0/water	chromium/firefox	fallen	native hypot: fallen directions	b43de7554fd174c91e57e564492833e824de604bd764e24eb3e2e8b07453803c	55032586126ae4955c689bdfdb295a820b0fb9be0c5eca29a967f8427869fb65
force/128/craterize/10/48/1	force/128/craterize/10/48/1/0/plan	chromium/webkit	fallen	native hypot: fallen directions	7c53c191e2c8023ed274fb5b974f1b2115870e074949186561f8f1c4e0775934	ab9e9743f6233eaeead97cdd570cc88426194b79c991c922cb86bcf51e9bd4a9
force/128/craterize/10/48/1	force/128/craterize/10/48/1/0/water	chromium/webkit	fallen	native hypot: fallen directions	b43de7554fd174c91e57e564492833e824de604bd764e24eb3e2e8b07453803c	55032586126ae4955c689bdfdb295a820b0fb9be0c5eca29a967f8427869fb65
force/128/craterize/55/null/0	force/128/craterize/55/null/0/0/plan	chromium/firefox	fallen	native hypot: fallen directions	0b133a1cba347b3396bee00b4ed2e4bc60444836562eb93b09b365c8b6d44491	cff3d63b57f4946cf6d75f6ec096f3dc862b6d9914fbe38d51e155c6fc64ca17
force/128/craterize/55/null/0	force/128/craterize/55/null/0/0/water	chromium/firefox	fallen	native hypot: fallen directions	8a401d4d870f6253ac288fa7bfaea0324fe2f35f9b387a8b6b2aace55c7535d2	8b5b846580f67409b14b64ef003b5ed8acf31e45094e11d38ac1764e8e200360
force/128/craterize/55/null/0	force/128/craterize/55/null/0/0/plan	chromium/webkit	fallen	native hypot: fallen directions	0b133a1cba347b3396bee00b4ed2e4bc60444836562eb93b09b365c8b6d44491	cff3d63b57f4946cf6d75f6ec096f3dc862b6d9914fbe38d51e155c6fc64ca17
force/128/craterize/55/null/0	force/128/craterize/55/null/0/0/water	chromium/webkit	fallen	native hypot: fallen directions	8a401d4d870f6253ac288fa7bfaea0324fe2f35f9b387a8b6b2aace55c7535d2	8b5b846580f67409b14b64ef003b5ed8acf31e45094e11d38ac1764e8e200360
force/128/craterize/55/null/1	force/128/craterize/55/null/1/0/plan	chromium/firefox	fallen	native hypot: fallen directions	2e2bfec89c54820c43618460210a6330848bb726812c79f18b78f0d5f9f17f58	6f0d8db6ff193debce98a75df9f63c747b4208a0c1ccfda531747b0daceaa032
force/128/craterize/55/null/1	force/128/craterize/55/null/1/0/water	chromium/firefox	fallen	native hypot: fallen directions	90900306bfb77eabda222e2baf7b8563788b9dc34f8adf2190a3fa3fc1f6a752	51367d8532424350e03bcc79c938f26033da3783284a358de452f1b1476e9a33
force/128/craterize/55/null/1	force/128/craterize/55/null/1/0/plan	chromium/webkit	fallen	native hypot: fallen directions	2e2bfec89c54820c43618460210a6330848bb726812c79f18b78f0d5f9f17f58	6f0d8db6ff193debce98a75df9f63c747b4208a0c1ccfda531747b0daceaa032
force/128/craterize/55/null/1	force/128/craterize/55/null/1/0/water	chromium/webkit	fallen	native hypot: fallen directions	90900306bfb77eabda222e2baf7b8563788b9dc34f8adf2190a3fa3fc1f6a752	51367d8532424350e03bcc79c938f26033da3783284a358de452f1b1476e9a33
force/128/craterize/55/48/1	force/128/craterize/55/48/1/0/plan	chromium/firefox	fallen	native hypot: fallen directions	2be2dfd80d6e51cf85bfb45229a7318039536f0dcefeff5d1f2b4cac5aa691cd	8a0b043e3618711bd7a0a5c38f62665ee9f37822cdb2618fb846fdf68a5f9f45
force/128/craterize/55/48/1	force/128/craterize/55/48/1/0/water	chromium/firefox	fallen	native hypot: fallen directions	a197e25efa9ad2ea265119c81968d79daaf6cc1380bc41c3137df5d66d67d643	18799274d2ae6738b0cb0aae8c770415b7002f404c1f233ace34059fa5dd0ba1
force/128/craterize/55/48/1	force/128/craterize/55/48/1/0/plan	chromium/webkit	fallen	native hypot: fallen directions	2be2dfd80d6e51cf85bfb45229a7318039536f0dcefeff5d1f2b4cac5aa691cd	8a0b043e3618711bd7a0a5c38f62665ee9f37822cdb2618fb846fdf68a5f9f45
force/128/craterize/55/48/1	force/128/craterize/55/48/1/0/water	chromium/webkit	fallen	native hypot: fallen directions	a197e25efa9ad2ea265119c81968d79daaf6cc1380bc41c3137df5d66d67d643	18799274d2ae6738b0cb0aae8c770415b7002f404c1f233ace34059fa5dd0ba1
force/128/craterize/100/null/0	force/128/craterize/100/null/0/0/plan	chromium/firefox	fallen	native hypot: fallen directions	8071daa0c64b2df61e0965c76c75ce532fbc6a08b84e39f2d303ce8ea30ca2f1	7e249a5153f823312f9f00ddaa1d26b2e493e506e70a375589ca3558d1ce245f
force/128/craterize/100/null/0	force/128/craterize/100/null/0/0/water	chromium/firefox	fallen	native hypot: fallen directions	5f55f3bb3b74c5025bd015543e871fc3487be4e3f923e8860ac2a6f5ee6e69d5	6fc4d0c09f88889e4968f9de267b526cc95b1783c95235cd66fa08fb1acfdcee
force/128/craterize/100/null/0	force/128/craterize/100/null/0/0/plan	chromium/webkit	fallen	native hypot: fallen directions	8071daa0c64b2df61e0965c76c75ce532fbc6a08b84e39f2d303ce8ea30ca2f1	7e249a5153f823312f9f00ddaa1d26b2e493e506e70a375589ca3558d1ce245f
force/128/craterize/100/null/0	force/128/craterize/100/null/0/0/water	chromium/webkit	fallen	native hypot: fallen directions	5f55f3bb3b74c5025bd015543e871fc3487be4e3f923e8860ac2a6f5ee6e69d5	6fc4d0c09f88889e4968f9de267b526cc95b1783c95235cd66fa08fb1acfdcee
force/128/craterize/100/null/1	force/128/craterize/100/null/1/0/plan	chromium/firefox	fallen	native hypot: fallen directions	7c3844ae495a3267c7179c379a96c746564ae2f198eb30bd0693fcec986c8a6b	af9900e20afc9a5d5a03cc40a1df93995b74946c7d3263393b73a50718bcc91e
force/128/craterize/100/null/1	force/128/craterize/100/null/1/0/water	chromium/firefox	fallen	native hypot: fallen directions	af288860f639d21f52b6c91d85d85c822015e50c2864b26da70795da10610af2	902f2e0a889bcf1231c7e45dda05afc9bdd8f52bccf23bce612052c51a91e399
force/128/craterize/100/null/1	force/128/craterize/100/null/1/0/plan	chromium/webkit	fallen	native hypot: fallen directions	7c3844ae495a3267c7179c379a96c746564ae2f198eb30bd0693fcec986c8a6b	af9900e20afc9a5d5a03cc40a1df93995b74946c7d3263393b73a50718bcc91e
force/128/craterize/100/null/1	force/128/craterize/100/null/1/0/water	chromium/webkit	fallen	native hypot: fallen directions	af288860f639d21f52b6c91d85d85c822015e50c2864b26da70795da10610af2	902f2e0a889bcf1231c7e45dda05afc9bdd8f52bccf23bce612052c51a91e399
force/128/glaciate/10/48/0	force/128/glaciate/10/48/0/0/plan	chromium/firefox	terrain,record	native hypot: terrain, then water propagation	289f947c7006fc60687d4cd2af2efa70f878bbb74b1c6d2a231e5d739a63a8ba	730f85131e65b58ea55254d1b53cfc81dfd63761bc7a480d7f379f898e944f58
force/128/glaciate/10/48/0	force/128/glaciate/10/48/0/0/water	chromium/firefox	terrain,water,contamination,record,momentum	native hypot: terrain, then water propagation	efc27a7d43ea7a19a23432beacee2840db6719cb2e4e524f106aadfd895984a6	36fa6c7abb8bb5167f89651eb9708d1037e42eb627d10b5e53042e8d452075ce
force/128/glaciate/10/48/0	force/128/glaciate/10/48/0/0/plan	chromium/webkit	terrain,record	native hypot: terrain, then water propagation	289f947c7006fc60687d4cd2af2efa70f878bbb74b1c6d2a231e5d739a63a8ba	730f85131e65b58ea55254d1b53cfc81dfd63761bc7a480d7f379f898e944f58
force/128/glaciate/10/48/0	force/128/glaciate/10/48/0/0/water	chromium/webkit	terrain,water,contamination,record,momentum	native hypot: terrain, then water propagation	efc27a7d43ea7a19a23432beacee2840db6719cb2e4e524f106aadfd895984a6	36fa6c7abb8bb5167f89651eb9708d1037e42eb627d10b5e53042e8d452075ce
mixed/128	mixed/128/35/plan	chromium/firefox	fallen	native hypot: fallen directions	dd8c9cfd0f41b79e82b3a385b7045d66001241f616b3e639253793dc6a920c15	aed6f6b8ad41490faa84fee3d91ab86c2caf0af72f8b5fe17d358401705f61c6
mixed/128	mixed/128/35/water	chromium/firefox	fallen	native hypot: fallen directions	3e87f140166b1d0e5293b576f78e80e0b417794882ca47c5f1346265c6c01ec7	9ccf13324a3317cb38c6235e75d14c3176b7c323dcd7938a7d718d9fb79b85fa
mixed/128	mixed/128/36/plan	chromium/firefox	fallen	native hypot: fallen directions	4fa50965470449e66bc6a00aa8b7507d6395b79ba7240102849775c430e436a4	a8ab94fc697db3b95d566b17ae8848a924e3db4e994d1db8b03cbbb58dd15b90
mixed/128	mixed/128/36/water	chromium/firefox	fallen	native hypot: fallen directions	22009b7a03e0eac767aa625a8f2399b82c1842032f2e3f3611dd4cb112a2e932	599fc7f9840d0af7983c3a5316abf9f85504d5d2e797de403e23757894cdb697
mixed/128	mixed/128/37/plan	chromium/firefox	fallen	native hypot: fallen directions	6954f38b15f3bac9472aca3fc4c2d18f5b212b92eeddfdc23ddc0093bb4d8f22	322f5c61ea6ec7fe5430d73fe81648838eaf490821fcc2673c0a745bf7f5ba71
mixed/128	mixed/128/37/water	chromium/firefox	fallen	native hypot: fallen directions	58a4ffe59dcc3eb48cde428ace3d39debee1958c87c26aaf2077196ab4ac3e57	1f325804ee3d355c1af371e3bc00380591574ad30b3dfb40b8047c372eb3c801
mixed/128	mixed/128/38/plan	chromium/firefox	fallen	native hypot: fallen directions	a360742c3432fcce189e3e28904778d9597a4d15c3f99f3807883dfce398b95c	d2e672a13422ed6a533473e99c0a6ad6fc1a204272fdcd701f00ff6e8c0b62db
mixed/128	mixed/128/38/water	chromium/firefox	fallen	native hypot: fallen directions	b1934b9ca26a1b670db4c70c11d14a7896e8f0f3284b0a2252e9b492041944ac	6d7a2365aeadc1e73d7bd8d361c56a8dbf8b0804b477efa3064058375b598066
mixed/128	mixed/128/39/plan	chromium/firefox	fallen	native hypot: fallen directions	0a7419284296d9f0adf2585644601be62db7c8c6bc0c3483c4f222278057dba8	10731468e194ddfa559d9b23a117d3b78c5b801ce4942ebdc528c4c974a867cc
mixed/128	mixed/128/39/water	chromium/firefox	fallen	native hypot: fallen directions	9a2adf41c9127def3f7918e382661815fcad3d01828f32af24d042423b68f226	76f6dadb7320b8f0558447ff0fd087eeb28fd4cfaab8866aedbc264924726353
mixed/128	mixed/128/40/plan	chromium/firefox	fallen	native hypot: fallen directions	15433b41d578afff9670f0317bdc22f1d11c98125fe7a9095a9e9e1b8a9ea99b	416472243e5e963722bb84bc7aff90df4f88de22d3c4c68c9d82b4a547a45126
mixed/128	mixed/128/40/water	chromium/firefox	fallen	native hypot: fallen directions	f8c1dd04cd5e782ad2d77ece1130d48b13463a66242f86b1d06a0f1876d65eca	a97bb3137531c5c58726d951dfb3e069fa1dbe6e55c77c29cb63d74f7feeae98
mixed/128	mixed/128/41/plan	chromium/firefox	fallen	native hypot: fallen directions	a9cdc47aaf83944be07a418329f37dcf84974194e77ea56d6b86bff2cfc04977	e5d966ff203a35ab0aa6cb306f5ca13e9bebd9385a332fd2a55d8c37db610260
mixed/128	mixed/128/41/water	chromium/firefox	fallen	native hypot: fallen directions	5e6c32f169cdaaa84727a644f809adaba04942ee85cf1f067e5e6c36292129b3	a9dfb6d15827dd9d086ca23621a13681014d9d2080da6e768489e0cdf01a75a2
mixed/128	mixed/128/42/plan	chromium/firefox	fallen	native hypot: fallen directions	cbc72745c5b3fa26423803ff429371e8fbacfbb1ad52423b36fd17482f240bef	4ffcd5814b2133fd89b8a6d719ae3c8ab371d7124baec4e22f48be0c4bc690c4
mixed/128	mixed/128/42/water	chromium/firefox	fallen	native hypot: fallen directions	51e7ea51ac6cfa0f30d0536e7027e7b0361b3fd50408c0009fff7a00a216533b	76b4ca549664d5de8045e768f47acd93f350e8891baa4b0126516a9d0567fa6a
mixed/128	mixed/128/43/plan	chromium/firefox	fallen	native hypot: fallen directions	2e4c076585c6805088ad611c5a0c01bf9163ef94b7f2b4358d1d664cf69ca5a8	1618c2a7e3cb38db86bce526f70b71923d65df21a0ccc4291a8c8322aa4f36a4
mixed/128	mixed/128/43/water	chromium/firefox	fallen	native hypot: fallen directions	33e88b5809a0629f0eeecb8bd6d6c2dddeab5202604f798915e7e64218aafd44	74502f1aaeb949a9e461cc976d0ae8627783a6be7b8f27bb828cda188009800c
mixed/128	mixed/128/35/plan	chromium/webkit	fallen	native hypot: fallen directions	dd8c9cfd0f41b79e82b3a385b7045d66001241f616b3e639253793dc6a920c15	aed6f6b8ad41490faa84fee3d91ab86c2caf0af72f8b5fe17d358401705f61c6
mixed/128	mixed/128/35/water	chromium/webkit	fallen	native hypot: fallen directions	3e87f140166b1d0e5293b576f78e80e0b417794882ca47c5f1346265c6c01ec7	9ccf13324a3317cb38c6235e75d14c3176b7c323dcd7938a7d718d9fb79b85fa
mixed/128	mixed/128/36/plan	chromium/webkit	fallen	native hypot: fallen directions	4fa50965470449e66bc6a00aa8b7507d6395b79ba7240102849775c430e436a4	a8ab94fc697db3b95d566b17ae8848a924e3db4e994d1db8b03cbbb58dd15b90
mixed/128	mixed/128/36/water	chromium/webkit	fallen	native hypot: fallen directions	22009b7a03e0eac767aa625a8f2399b82c1842032f2e3f3611dd4cb112a2e932	599fc7f9840d0af7983c3a5316abf9f85504d5d2e797de403e23757894cdb697
mixed/128	mixed/128/37/plan	chromium/webkit	fallen	native hypot: fallen directions	6954f38b15f3bac9472aca3fc4c2d18f5b212b92eeddfdc23ddc0093bb4d8f22	322f5c61ea6ec7fe5430d73fe81648838eaf490821fcc2673c0a745bf7f5ba71
mixed/128	mixed/128/37/water	chromium/webkit	fallen	native hypot: fallen directions	58a4ffe59dcc3eb48cde428ace3d39debee1958c87c26aaf2077196ab4ac3e57	1f325804ee3d355c1af371e3bc00380591574ad30b3dfb40b8047c372eb3c801
mixed/128	mixed/128/38/plan	chromium/webkit	fallen	native hypot: fallen directions	a360742c3432fcce189e3e28904778d9597a4d15c3f99f3807883dfce398b95c	d2e672a13422ed6a533473e99c0a6ad6fc1a204272fdcd701f00ff6e8c0b62db
mixed/128	mixed/128/38/water	chromium/webkit	fallen	native hypot: fallen directions	b1934b9ca26a1b670db4c70c11d14a7896e8f0f3284b0a2252e9b492041944ac	6d7a2365aeadc1e73d7bd8d361c56a8dbf8b0804b477efa3064058375b598066
mixed/128	mixed/128/39/plan	chromium/webkit	fallen	native hypot: fallen directions	0a7419284296d9f0adf2585644601be62db7c8c6bc0c3483c4f222278057dba8	10731468e194ddfa559d9b23a117d3b78c5b801ce4942ebdc528c4c974a867cc
mixed/128	mixed/128/39/water	chromium/webkit	fallen	native hypot: fallen directions	9a2adf41c9127def3f7918e382661815fcad3d01828f32af24d042423b68f226	76f6dadb7320b8f0558447ff0fd087eeb28fd4cfaab8866aedbc264924726353
mixed/128	mixed/128/40/plan	chromium/webkit	fallen	native hypot: fallen directions	15433b41d578afff9670f0317bdc22f1d11c98125fe7a9095a9e9e1b8a9ea99b	416472243e5e963722bb84bc7aff90df4f88de22d3c4c68c9d82b4a547a45126
mixed/128	mixed/128/40/water	chromium/webkit	fallen	native hypot: fallen directions	f8c1dd04cd5e782ad2d77ece1130d48b13463a66242f86b1d06a0f1876d65eca	a97bb3137531c5c58726d951dfb3e069fa1dbe6e55c77c29cb63d74f7feeae98
mixed/128	mixed/128/41/plan	chromium/webkit	fallen	native hypot: fallen directions	a9cdc47aaf83944be07a418329f37dcf84974194e77ea56d6b86bff2cfc04977	e5d966ff203a35ab0aa6cb306f5ca13e9bebd9385a332fd2a55d8c37db610260
mixed/128	mixed/128/41/water	chromium/webkit	fallen	native hypot: fallen directions	5e6c32f169cdaaa84727a644f809adaba04942ee85cf1f067e5e6c36292129b3	a9dfb6d15827dd9d086ca23621a13681014d9d2080da6e768489e0cdf01a75a2
mixed/128	mixed/128/42/plan	chromium/webkit	fallen	native hypot: fallen directions	cbc72745c5b3fa26423803ff429371e8fbacfbb1ad52423b36fd17482f240bef	4ffcd5814b2133fd89b8a6d719ae3c8ab371d7124baec4e22f48be0c4bc690c4
mixed/128	mixed/128/42/water	chromium/webkit	fallen	native hypot: fallen directions	51e7ea51ac6cfa0f30d0536e7027e7b0361b3fd50408c0009fff7a00a216533b	76b4ca549664d5de8045e768f47acd93f350e8891baa4b0126516a9d0567fa6a
mixed/128	mixed/128/43/plan	chromium/webkit	fallen	native hypot: fallen directions	2e4c076585c6805088ad611c5a0c01bf9163ef94b7f2b4358d1d664cf69ca5a8	1618c2a7e3cb38db86bce526f70b71923d65df21a0ccc4291a8c8322aa4f36a4
mixed/128	mixed/128/43/water	chromium/webkit	fallen	native hypot: fallen directions	33e88b5809a0629f0eeecb8bd6d6c2dddeab5202604f798915e7e64218aafd44	74502f1aaeb949a9e461cc976d0ae8627783a6be7b8f27bb828cda188009800c
force/256/craterize/10/null/0	force/256/craterize/10/null/0/0/plan	chromium/firefox	fallen	native hypot: fallen directions	630e4bba64a98ef1a5a8b8c1d3f19c650afa042e55d9ce63a12e856f12e78da2	e34f42da6d92b9fe376d74db1b1dd178a6c2692ac76210ff5150ea6bcd76a7ef
force/256/craterize/10/null/0	force/256/craterize/10/null/0/0/water	chromium/firefox	fallen	native hypot: fallen directions	18fdc1d3b33527982b94b8b8b8d5b26cd7d33dea3d9aea42834d03dddc05dc43	6c1b77f9ea22048b41fe79f8fd966d955a6b2d0c23de6749ac9a596619426115
force/256/craterize/10/null/0	force/256/craterize/10/null/0/0/plan	chromium/webkit	fallen	native hypot: fallen directions	630e4bba64a98ef1a5a8b8c1d3f19c650afa042e55d9ce63a12e856f12e78da2	e34f42da6d92b9fe376d74db1b1dd178a6c2692ac76210ff5150ea6bcd76a7ef
force/256/craterize/10/null/0	force/256/craterize/10/null/0/0/water	chromium/webkit	fallen	native hypot: fallen directions	18fdc1d3b33527982b94b8b8b8d5b26cd7d33dea3d9aea42834d03dddc05dc43	6c1b77f9ea22048b41fe79f8fd966d955a6b2d0c23de6749ac9a596619426115
force/256/craterize/10/null/1	force/256/craterize/10/null/1/0/plan	chromium/firefox	fallen	native hypot: fallen directions	216b9c86e4e97897f1a05a95ad9c3d0921aefd03778ff90de8cf30b1a23e9325	3fdf9a8f2f0d3c9e1814140b1a6df4e970ce80344ec2e12c346cea06ffcf79fd
force/256/craterize/10/null/1	force/256/craterize/10/null/1/0/water	chromium/firefox	fallen	native hypot: fallen directions	b9d114721c692dacbeadfb75569c06d068869a04ef1ad92045637a979da16c41	b853f25d7bd6778f63a3c7ac02785a78251479ea30251fdd8f65ddad281fe9e9
force/256/craterize/10/null/1	force/256/craterize/10/null/1/0/plan	chromium/webkit	fallen	native hypot: fallen directions	216b9c86e4e97897f1a05a95ad9c3d0921aefd03778ff90de8cf30b1a23e9325	3fdf9a8f2f0d3c9e1814140b1a6df4e970ce80344ec2e12c346cea06ffcf79fd
force/256/craterize/10/null/1	force/256/craterize/10/null/1/0/water	chromium/webkit	fallen	native hypot: fallen directions	b9d114721c692dacbeadfb75569c06d068869a04ef1ad92045637a979da16c41	b853f25d7bd6778f63a3c7ac02785a78251479ea30251fdd8f65ddad281fe9e9
force/256/craterize/10/12/1	force/256/craterize/10/12/1/0/plan	chromium/firefox	fallen	native hypot: fallen directions	d4a1bbd45c243ada6fff231f0d22c3433a14f6fd42dec4acfbb899c7d1bc544e	c7e951db5cf248996d195be4414eed318917b36bfe862f3ebe927b6b36b14a6f
force/256/craterize/10/12/1	force/256/craterize/10/12/1/0/water	chromium/firefox	fallen	native hypot: fallen directions	806e28ffb89d91dc4c5726e53743a13fb2bcf754e86ed8c9c732119692a830af	8fafb484ae07ade18f3dbd82be40ad5c598b5c689f1b590959858b250a82cde9
force/256/craterize/10/12/1	force/256/craterize/10/12/1/0/plan	chromium/webkit	fallen	native hypot: fallen directions	d4a1bbd45c243ada6fff231f0d22c3433a14f6fd42dec4acfbb899c7d1bc544e	c7e951db5cf248996d195be4414eed318917b36bfe862f3ebe927b6b36b14a6f
force/256/craterize/10/12/1	force/256/craterize/10/12/1/0/water	chromium/webkit	fallen	native hypot: fallen directions	806e28ffb89d91dc4c5726e53743a13fb2bcf754e86ed8c9c732119692a830af	8fafb484ae07ade18f3dbd82be40ad5c598b5c689f1b590959858b250a82cde9
force/256/craterize/10/48/0	force/256/craterize/10/48/0/0/plan	chromium/firefox	fallen	native hypot: fallen directions	0c9038294ca4d2883b6f92bb963baa7a1f192bbb9727130a144c5a418636dd08	604e4f44d2ce3fbca895a076cbb511cbc19a42d2dff04e7ae72a7a58ed15383f
force/256/craterize/10/48/0	force/256/craterize/10/48/0/0/water	chromium/firefox	fallen	native hypot: fallen directions	a1a3d2b012be5c9035427fc0e17fdec3b8c8e21be7591debea3c8e9677d9b247	fb4e6e03e455f81a29d8977f7fa980d18222650aace7f0e2941878fda6ac59b1
force/256/craterize/10/48/0	force/256/craterize/10/48/0/0/plan	chromium/webkit	fallen	native hypot: fallen directions	0c9038294ca4d2883b6f92bb963baa7a1f192bbb9727130a144c5a418636dd08	604e4f44d2ce3fbca895a076cbb511cbc19a42d2dff04e7ae72a7a58ed15383f
force/256/craterize/10/48/0	force/256/craterize/10/48/0/0/water	chromium/webkit	fallen	native hypot: fallen directions	a1a3d2b012be5c9035427fc0e17fdec3b8c8e21be7591debea3c8e9677d9b247	fb4e6e03e455f81a29d8977f7fa980d18222650aace7f0e2941878fda6ac59b1
force/256/craterize/10/48/1	force/256/craterize/10/48/1/0/plan	chromium/firefox	fallen	native hypot: fallen directions	f3703721b98a6d3231a7b867bea3dea91c75d7b19f69cca82be92c06eb6633db	df31de9d59ce56dd42f2bbc759b32c3c4805858e18418d1931d9b16993749315
force/256/craterize/10/48/1	force/256/craterize/10/48/1/0/water	chromium/firefox	fallen	native hypot: fallen directions	a5118a171d5ebaf7109d1cffe77422768834c97d6c100edab49c46fc42b081bf	fb9b87652012a827d33c3fb073f00b13165416b6ba4fcf6a29731743a45ade3d
force/256/craterize/10/48/1	force/256/craterize/10/48/1/0/plan	chromium/webkit	fallen	native hypot: fallen directions	f3703721b98a6d3231a7b867bea3dea91c75d7b19f69cca82be92c06eb6633db	df31de9d59ce56dd42f2bbc759b32c3c4805858e18418d1931d9b16993749315
force/256/craterize/10/48/1	force/256/craterize/10/48/1/0/water	chromium/webkit	fallen	native hypot: fallen directions	a5118a171d5ebaf7109d1cffe77422768834c97d6c100edab49c46fc42b081bf	fb9b87652012a827d33c3fb073f00b13165416b6ba4fcf6a29731743a45ade3d
force/256/craterize/55/null/0	force/256/craterize/55/null/0/0/plan	chromium/firefox	fallen	native hypot: fallen directions	051771a374b17c146baddf89acef717e69ee7f73b99c9586942e25f84392478e	4d1c826527207238a804930b1025dd21f1d5826c4b3848e1a4fe7c4b8ce98f28
force/256/craterize/55/null/0	force/256/craterize/55/null/0/0/water	chromium/firefox	fallen	native hypot: fallen directions	7c77a335ab6359ccd862bfa995c6ad4d98d492ded860df6799a5b35185b3abef	ba03cfe4dd892c05217eecb496c1660f50dce36549e8f0d4e6045bd3292abafd
force/256/craterize/55/null/0	force/256/craterize/55/null/0/0/plan	chromium/webkit	fallen	native hypot: fallen directions	051771a374b17c146baddf89acef717e69ee7f73b99c9586942e25f84392478e	4d1c826527207238a804930b1025dd21f1d5826c4b3848e1a4fe7c4b8ce98f28
force/256/craterize/55/null/0	force/256/craterize/55/null/0/0/water	chromium/webkit	fallen	native hypot: fallen directions	7c77a335ab6359ccd862bfa995c6ad4d98d492ded860df6799a5b35185b3abef	ba03cfe4dd892c05217eecb496c1660f50dce36549e8f0d4e6045bd3292abafd
force/256/craterize/55/null/1	force/256/craterize/55/null/1/0/plan	chromium/firefox	fallen	native hypot: fallen directions	839709bbc60f41055d726d348a81c7c3c634b786c93adce15dbd6eee31d0c300	8c271cd08133f752fed560af737660b694e6406dfdce7876ad017afd89c84c1d
force/256/craterize/55/null/1	force/256/craterize/55/null/1/0/water	chromium/firefox	fallen	native hypot: fallen directions	c57dfb158c28b6bad3d25507ab6b66adeef6b72068b3907c7b8eff6d2cb18302	159466ad181925cdfb66aac91dfe2973861c8c7132fc4f395d2caa013fa48d93
force/256/craterize/55/null/1	force/256/craterize/55/null/1/0/plan	chromium/webkit	fallen	native hypot: fallen directions	839709bbc60f41055d726d348a81c7c3c634b786c93adce15dbd6eee31d0c300	8c271cd08133f752fed560af737660b694e6406dfdce7876ad017afd89c84c1d
force/256/craterize/55/null/1	force/256/craterize/55/null/1/0/water	chromium/webkit	fallen	native hypot: fallen directions	c57dfb158c28b6bad3d25507ab6b66adeef6b72068b3907c7b8eff6d2cb18302	159466ad181925cdfb66aac91dfe2973861c8c7132fc4f395d2caa013fa48d93
force/256/craterize/55/12/1	force/256/craterize/55/12/1/0/plan	chromium/firefox	fallen	native hypot: fallen directions	83622a3631a65d36bc9f8d3a0cbd5151592170ddca46825dbc4de3e87271ffd6	5c7ecef7654526168da01e2daf287ae7dc66854ca651cdca8771235ce82fec5f
force/256/craterize/55/12/1	force/256/craterize/55/12/1/0/water	chromium/firefox	fallen	native hypot: fallen directions	baa97ef9ad46450959db2fc69040af8f427f10588c617feed29fd0a849cb330e	c32c8cc05f36ef13490ec5ebff441f6f3404d0a4cff7f6ed9845805be593c0e0
force/256/craterize/55/12/1	force/256/craterize/55/12/1/0/plan	chromium/webkit	fallen	native hypot: fallen directions	83622a3631a65d36bc9f8d3a0cbd5151592170ddca46825dbc4de3e87271ffd6	5c7ecef7654526168da01e2daf287ae7dc66854ca651cdca8771235ce82fec5f
force/256/craterize/55/12/1	force/256/craterize/55/12/1/0/water	chromium/webkit	fallen	native hypot: fallen directions	baa97ef9ad46450959db2fc69040af8f427f10588c617feed29fd0a849cb330e	c32c8cc05f36ef13490ec5ebff441f6f3404d0a4cff7f6ed9845805be593c0e0
force/256/craterize/55/48/0	force/256/craterize/55/48/0/0/plan	chromium/firefox	fallen	native hypot: fallen directions	d4285e88eeb7a19deb51d4c99d92b16e2b0e8fae348d7583a3c8ecc3cc8d9b1f	c9de765d9b53fc29b2a45a8949859096903c4e0bec74023dc1245df613993a9b
force/256/craterize/55/48/0	force/256/craterize/55/48/0/0/water	chromium/firefox	fallen	native hypot: fallen directions	38ece1cdb7248380e923079f8c62ca29f037d296ef94cbbbe903948acb7442f4	bbae54524e1deb49a668f2ad9738050a26f8342a1cc5e113a5a9c716fe33bf70
force/256/craterize/55/48/0	force/256/craterize/55/48/0/0/plan	chromium/webkit	fallen	native hypot: fallen directions	d4285e88eeb7a19deb51d4c99d92b16e2b0e8fae348d7583a3c8ecc3cc8d9b1f	c9de765d9b53fc29b2a45a8949859096903c4e0bec74023dc1245df613993a9b
force/256/craterize/55/48/0	force/256/craterize/55/48/0/0/water	chromium/webkit	fallen	native hypot: fallen directions	38ece1cdb7248380e923079f8c62ca29f037d296ef94cbbbe903948acb7442f4	bbae54524e1deb49a668f2ad9738050a26f8342a1cc5e113a5a9c716fe33bf70
force/256/craterize/55/48/1	force/256/craterize/55/48/1/0/plan	chromium/firefox	fallen	native hypot: fallen directions	71b2fbde20afae6e68dede4da6882179e2a5b81d1a3591b99431813d79bc4c72	68be9674d7d5399b4847434f568545c438e39baefe4849d9cb59aee3a1a4e08a
force/256/craterize/55/48/1	force/256/craterize/55/48/1/0/water	chromium/firefox	fallen	native hypot: fallen directions	1c86daa6f43e804498827c562552dc072060ee227e2610eb08da7c000d8f0ce7	882fb1e1f39f2d3f58274dedf79d48e2ea30b980217ca6cbbc8ea0d80b70ca0e
force/256/craterize/55/48/1	force/256/craterize/55/48/1/0/plan	chromium/webkit	fallen	native hypot: fallen directions	71b2fbde20afae6e68dede4da6882179e2a5b81d1a3591b99431813d79bc4c72	68be9674d7d5399b4847434f568545c438e39baefe4849d9cb59aee3a1a4e08a
force/256/craterize/55/48/1	force/256/craterize/55/48/1/0/water	chromium/webkit	fallen	native hypot: fallen directions	1c86daa6f43e804498827c562552dc072060ee227e2610eb08da7c000d8f0ce7	882fb1e1f39f2d3f58274dedf79d48e2ea30b980217ca6cbbc8ea0d80b70ca0e
force/256/craterize/100/null/0	force/256/craterize/100/null/0/0/plan	chromium/firefox	fallen	native hypot: fallen directions	b01153004b2b1217738c9028ecd30a4488ca20a656e5fb72951b11d25281fa5a	5deb45e15396e744cd60d2eb3538488fb826e6b232416126a23d01a6e97074b2
force/256/craterize/100/null/0	force/256/craterize/100/null/0/0/water	chromium/firefox	fallen	native hypot: fallen directions	4e4730cb542ca1a9e66ab2f6baf682740dfa03605d75e2616c6be1817c98e104	f426fee9ccb5e6ab967db4a16259180f0afb175b45d522029875abcc9914b30d
force/256/craterize/100/null/0	force/256/craterize/100/null/0/0/plan	chromium/webkit	fallen	native hypot: fallen directions	b01153004b2b1217738c9028ecd30a4488ca20a656e5fb72951b11d25281fa5a	5deb45e15396e744cd60d2eb3538488fb826e6b232416126a23d01a6e97074b2
force/256/craterize/100/null/0	force/256/craterize/100/null/0/0/water	chromium/webkit	fallen	native hypot: fallen directions	4e4730cb542ca1a9e66ab2f6baf682740dfa03605d75e2616c6be1817c98e104	f426fee9ccb5e6ab967db4a16259180f0afb175b45d522029875abcc9914b30d
force/256/craterize/100/null/1	force/256/craterize/100/null/1/0/plan	chromium/firefox	fallen	native hypot: fallen directions	41c8a1f081c4c9d03f3566e51459904eb4cc266bae158420223cdfb3e5c43400	c85c52f669d41830fea66a7a95d85c9f5b18a11cef1bfa914f10bba91d227d08
force/256/craterize/100/null/1	force/256/craterize/100/null/1/0/water	chromium/firefox	fallen	native hypot: fallen directions	f029cd2c4a1a495a3e688b52d51d69d9d6ec9f62069f7a7cf8db59af5aba8695	c18301ac7f70eecb0f59500197cdd1d3eae2e6cc5a058c9f79c81972eee81876
force/256/craterize/100/null/1	force/256/craterize/100/null/1/0/plan	chromium/webkit	fallen	native hypot: fallen directions	41c8a1f081c4c9d03f3566e51459904eb4cc266bae158420223cdfb3e5c43400	c85c52f669d41830fea66a7a95d85c9f5b18a11cef1bfa914f10bba91d227d08
force/256/craterize/100/null/1	force/256/craterize/100/null/1/0/water	chromium/webkit	fallen	native hypot: fallen directions	f029cd2c4a1a495a3e688b52d51d69d9d6ec9f62069f7a7cf8db59af5aba8695	c18301ac7f70eecb0f59500197cdd1d3eae2e6cc5a058c9f79c81972eee81876
force/256/craterize/100/12/1	force/256/craterize/100/12/1/0/plan	chromium/firefox	fallen	native hypot: fallen directions	873a12ada324f69bd5ebb52cff8c2ca9664b7a13fd1303b6630f8adab171ded4	88e16a98c3d50eaa9e19b226c2bf4f26c480d67a9f3587a6200b0cd33d4dc5bd
force/256/craterize/100/12/1	force/256/craterize/100/12/1/0/water	chromium/firefox	fallen	native hypot: fallen directions	c28177945f743a26a89fe0dbcc98de8203efdd0932271d322ad44e433dde8f0d	586cb9af7f5ff0edf8346e296c2595d607a66f40e597a8ed5634f26959ec704c
force/256/craterize/100/12/1	force/256/craterize/100/12/1/0/plan	chromium/webkit	fallen	native hypot: fallen directions	873a12ada324f69bd5ebb52cff8c2ca9664b7a13fd1303b6630f8adab171ded4	88e16a98c3d50eaa9e19b226c2bf4f26c480d67a9f3587a6200b0cd33d4dc5bd
force/256/craterize/100/12/1	force/256/craterize/100/12/1/0/water	chromium/webkit	fallen	native hypot: fallen directions	c28177945f743a26a89fe0dbcc98de8203efdd0932271d322ad44e433dde8f0d	586cb9af7f5ff0edf8346e296c2595d607a66f40e597a8ed5634f26959ec704c
force/256/craterize/100/48/1	force/256/craterize/100/48/1/0/plan	chromium/firefox	fallen	native hypot: fallen directions	df7c426b26db92da86c33f3225de4797c7873d639ed9111ed8017c8d293bd5c7	9a66f2bc2c4e242b52c07871e6257f2d795efa8eead7d6876c6743a2c52e0f0c
force/256/craterize/100/48/1	force/256/craterize/100/48/1/0/water	chromium/firefox	fallen	native hypot: fallen directions	4ecd8a068a5045ed998a8bddc82bc15e5fd561df9e7592ea90b99a8106e842d0	887161ff0e63afdb07a15acd76ff88fe816b5c56c203fd556b802bf7129ab89c
force/256/craterize/100/48/1	force/256/craterize/100/48/1/0/plan	chromium/webkit	fallen	native hypot: fallen directions	df7c426b26db92da86c33f3225de4797c7873d639ed9111ed8017c8d293bd5c7	9a66f2bc2c4e242b52c07871e6257f2d795efa8eead7d6876c6743a2c52e0f0c
force/256/craterize/100/48/1	force/256/craterize/100/48/1/0/water	chromium/webkit	fallen	native hypot: fallen directions	4ecd8a068a5045ed998a8bddc82bc15e5fd561df9e7592ea90b99a8106e842d0	887161ff0e63afdb07a15acd76ff88fe816b5c56c203fd556b802bf7129ab89c
mixed/256	mixed/256/5/plan	chromium/firefox	fallen	native hypot: fallen directions	46574f8639cd91ba8ddfd107c8c03a94e56678b8677ddeaadb750a56d284a014	0f4f1a8fc512d0b23463c0be611c1f871cb0df160edc0c6ddb93ce35d846ea27
mixed/256	mixed/256/5/water	chromium/firefox	fallen	native hypot: fallen directions	cd4b17b4efa867284b710c7d4fcbddd85ad9fae6db76307f01e7a0b30fd6ab2c	c987d147a0918b27227b8a6cf0e190aaf6c18c3b7a4202a832c6f459e2289951
mixed/256	mixed/256/6/plan	chromium/firefox	fallen	native hypot: fallen directions	2e581bf7394349c75326ead4587426d00a96af0d73ad45f3e6efde5affe409b3	69d515780aa01694fc628567e85d0979477aaab7a7293b793bdd2d77ce6ec213
mixed/256	mixed/256/6/water	chromium/firefox	fallen	native hypot: fallen directions	bb16be16f8b8445a2a0530f4f8d30b59b265332b98912e2851e2d6bbf0f0aa74	d0e6f7d1c52ceaa3faff535de0da5c14971bc272861be8fcb8523c94f5ae53b1
mixed/256	mixed/256/7/plan	chromium/firefox	fallen	native hypot: fallen directions	b24adcce83f9340afc772e85d39211e4fdb19a53309b4460a783d337c81c8106	cac8dfb6088d180b649bcfde0881f3ab0d3ac47a1926f1b3922a94b6ef8f18f1
mixed/256	mixed/256/7/water	chromium/firefox	fallen	native hypot: fallen directions	484767e0a821dfda4f46a4dba8869b380d1cffcece2072838f44d152c5212e73	19c6a54ac2cf81ccb047c63e34d0398a64767f6bcdfdfb10d010ca52ac0e8834
mixed/256	mixed/256/8/plan	chromium/firefox	fallen	native hypot: fallen directions	e720f1d81548483de833a3c07b32c07ffc76366b5eeab413c259466709649340	1c225ae9da840be95e316a36c5fe2405bd650dc3a43b9450c7b2197a2e5470bf
mixed/256	mixed/256/8/water	chromium/firefox	fallen	native hypot: fallen directions	0b84b400105288aa539c41591243cd1d5d420e283702e84bc0c6e9556d361081	df4120d271ead04298b636615f1f5fd072f726a228c75d3c6447f70bb30ff48d
mixed/256	mixed/256/9/plan	chromium/firefox	fallen	native hypot: fallen directions	ce020240939909a72b503e5df021349f468140f91ccb219319b2f007dc43358a	ec0dbe1e8afc4d210b05ec9b4723de60e915829e53afe7a1ecca9d5790588369
mixed/256	mixed/256/9/water	chromium/firefox	fallen	native hypot: fallen directions	ee8aa32cef284518c30d2bd53e98acccea57fcdeb588f156f1b9e9cf37199f4d	8b0a8fec850cd8ea38bbf4cf3f38964a37bf2ddaaf2a4ce5e21d66d3e678811b
mixed/256	mixed/256/10/plan	chromium/firefox	fallen	native hypot: fallen directions	f4cb245ce009b8139e68c38e69de8b14b5b74cedebe22f47616dba2983bd363e	19231b94448846f155796e506fc90d82bd82332ae8d11da133e9d9a0b2747b3c
mixed/256	mixed/256/10/water	chromium/firefox	fallen	native hypot: fallen directions	89537f79df455fc43f868f2f6ba98837087ad01581c105d9a2fc5c4c5dd4a646	6fa1d4e1cb3d52436f28e6b8049853c48ce93b9e6963cee8e3399d9a245c3925
mixed/256	mixed/256/11/plan	chromium/firefox	fallen	native hypot: fallen directions	234e16b9fb14f632fb77977c2b57ce1535d808eeb5e67e5511c9e3d89731b359	0b75a67b4d7f458c49d8d5ab2ea609848b3920779ec6f7b591dbf018729d0fe0
mixed/256	mixed/256/11/water	chromium/firefox	fallen	native hypot: fallen directions	295f5060257b09e0ab3c94409c6868453100c2cd192bfff9cc3f96d058537cc5	57d2241a2c137444c95c852e7a743ef203c7bf5fd0b2c2331b0c431bbd2e3e05
mixed/256	mixed/256/12/plan	chromium/firefox	fallen	native hypot: fallen directions	81898ee851e8b1dc70687b7a5437672196eb9ff5c0655c3cb201ae2ac89d87e2	84d4ae6bf779a4560e8b3691fcf6e75cd9c60578ed9e67bf509c7ed3bbb91260
mixed/256	mixed/256/12/water	chromium/firefox	fallen	native hypot: fallen directions	f0bad4b4661c6d488a91fd986e9e35b4b773816135b8ac3e16bde4d79e111a6c	09d9e562abadc8aa40766de24be9cd0462bd4c43842475c33f4c906413243bed
mixed/256	mixed/256/13/plan	chromium/firefox	fallen	native hypot: fallen directions	30c7ca7baa25140dc37a4b33af954204e130aa6cde0ff5bb93810eff4a302b42	e7bca2bb340019bb8a2f3305f3288ca703903110de5dc7ec2fab7ed3c9d35601
mixed/256	mixed/256/13/water	chromium/firefox	fallen	native hypot: fallen directions	15c2622404917f4afb61d647950ff1ad6e32d7d1dae064cb49a9c2de4700ae6e	39fdc136d100abcad736b11a5a8aac2a6b2f8b31250e477f4e156bb2c971ed52
mixed/256	mixed/256/35/plan	chromium/firefox	fallen	native hypot: fallen directions	e63cde7c066abbc474415f526447f648482bfe6fced16666300de3bcb947facd	1e2caa0f4ade1f63e6033d60c0e2a1694ceadfee46c74df4fc2a3c14fb552ea5
mixed/256	mixed/256/35/water	chromium/firefox	fallen	native hypot: fallen directions	485dd87bede47675b9ad975865bdb2171f9a24c89316dd8c84a3bf307d2ffe7a	9178fb05f274e0717733d614be139cc675a8b3ca9e0ecb713bfdfacad8752a22
mixed/256	mixed/256/36/plan	chromium/firefox	fallen	native hypot: fallen directions	6e59f88290f23ab8dc6ce38affe806d836247c4bca807b1c0a5aa068576d8579	1ccd465af407ec7035c540bd2019803f178df140b2a4b1c721d869ce4d33222c
mixed/256	mixed/256/36/water	chromium/firefox	fallen	native hypot: fallen directions	032f218787e8e127d97c5c85261a3192d6d98b953ce52a9c63e79ad53a99736d	0a11dfc6bc15ae10ac2d8accf722c23b08465d86036ec7f5551827fc3499568f
mixed/256	mixed/256/37/plan	chromium/firefox	fallen	native hypot: fallen directions	a5c4fbf06cafad7d41220978e50b11384e9d2e2f7ab3bf4094142f16c3b4782c	8c0439783ff211de9d3183c09c29e16685369ef8c478d62173d3336dd3f2d384
mixed/256	mixed/256/37/water	chromium/firefox	fallen	native hypot: fallen directions	6393c28a04e9ec0441a933fe4b9143b93d1586b60a0f3618495c8729be777b21	2a85306e46b4a03514f530414ea53faf9494364483c9b951854703afe0a269f3
mixed/256	mixed/256/38/plan	chromium/firefox	fallen	native hypot: fallen directions	dd723102852f1f6321b83841f202788a254f1683e8ff619a238ea2c3f8b8b709	15984c0b9436658654904dd6723fcffcabf823499d6eea779a517a1c40946f4b
mixed/256	mixed/256/38/water	chromium/firefox	fallen	native hypot: fallen directions	e0d94633b3be7a71eade483fe2766949e6057a85ab244960fac3edd80a4438b0	a440ff71a0ff3d087091dce633f8e0d2725e9ee22cdb76ab5564d629a696f6ee
mixed/256	mixed/256/39/plan	chromium/firefox	fallen	native hypot: fallen directions	7cf09d19567406dd058466d364e5a2027ab92662a5dfc49cc2b27d5b103d5b87	e73f045897d75af988b93162673ccfdce6b71552056d35cd6741dba04d1aec0d
mixed/256	mixed/256/39/water	chromium/firefox	fallen	native hypot: fallen directions	beeaf9944a7eb5b5ea9c16ba12300e511cad9c97352c9b7d08504c761d2698bf	79ae3694720bbdd6143ac1c6298aea9b618d38616861d36065e1a52f327f48b2
mixed/256	mixed/256/40/plan	chromium/firefox	fallen	native hypot: fallen directions	f010391819eeb426bcc87d0ed1e4e26de1caa8013726e8b478ebad5710da1a45	7cfd06b6c64c28df91c1032e917289fcde531e08e6b2ad7538330bb5e13f677c
mixed/256	mixed/256/40/water	chromium/firefox	fallen	native hypot: fallen directions	77a2be635f5b079a89b1e0a884611d1d764178ab832837b6bfe226e9efc1937b	fae18c74d60c59ee2c5f85452272bb2e8e20b96535b4a07db2a2f763d1032440
mixed/256	mixed/256/41/plan	chromium/firefox	fallen	native hypot: fallen directions	6357f032114b5ee05e3beef4b99f64fe3554b91a696446d6ddd4ee39963922d8	e49a5f0d98f4b3a86b4b2bdb726f0ac20f9f34b5c9c81fcfb868a4d72ba961cf
mixed/256	mixed/256/41/water	chromium/firefox	fallen	native hypot: fallen directions	3c67c050732cb19e842c7147baa58cf123a971167a0151e00506968c96b86ffd	7918c6455ca521229b92e71fe76997f30ef68f309368016357b9beadbd35f722
mixed/256	mixed/256/42/plan	chromium/firefox	fallen	native hypot: fallen directions	3f15ac37da474ed7e0183f069c76c816cbd77561308f4121ce72626c940de135	1312f3df81442bcc273e359554918c3e4a7dfcff092b83b652b60c220a559799
mixed/256	mixed/256/42/water	chromium/firefox	fallen	native hypot: fallen directions	c2a699c672d7e34acf5f2e17a790523af49d5062a6df4443be0ee84b8a3d7bb7	b6160e7820e0eaa73e58229e76b88d913ce6e6996b2f8b31623b693687430508
mixed/256	mixed/256/43/plan	chromium/firefox	fallen	native hypot: fallen directions	b21152ece268322ef1f723a3f01cf2025d298a8fffb5ccebc830ea8b1291dde4	6f207836176cf17cf7350db9bc0bef9ae7e6066df10c383989a1b659bd9bddc5
mixed/256	mixed/256/43/water	chromium/firefox	fallen	native hypot: fallen directions	924c5f06a977063f9c37faa929426b0a0817c33ad83c7f3e7f4d2676e2b380ba	716a4339b030b97fa5193aec829949be67278132aacb6240bb6eb14780fcf41e
mixed/256	mixed/256/44/plan	chromium/firefox	fallen	native hypot: fallen directions	d30a0e0abbb05975e7e28648da6316474e5d13987a3d5fbac856b7922a30a559	8a90d6511ebc6d7833c0dbd4652db44b945a974856ddea3d5b64616c7f52c1c7
mixed/256	mixed/256/44/water	chromium/firefox	fallen	native hypot: fallen directions	14f3df92c557cd868622bbab932b83b1ffeed9a5b0309b00812ef554f57bfa15	f63db262641e0132ca8baacd0348cdcc90090964afe501844c6c8056490ffd10
mixed/256	mixed/256/45/plan	chromium/firefox	fallen	native hypot: fallen directions	44b2d920962763dcdce9fe9aa75c74accc7d3d5cfbcc0bff87665de5204e13b4	cd297abac3b5e9d48fc17b641c9d247367ebb1e5d3686333af0bd5e3179ed3a4
mixed/256	mixed/256/45/water	chromium/firefox	fallen	native hypot: fallen directions	c58d356b63b4027309318dbf43a232a85661a63bb67493cc3223047b8442695d	aae708fc02f57fdcfd32b0921c9dd71a0be40d64abf99e6ae33dfb2f25b4578a
mixed/256	mixed/256/46/plan	chromium/firefox	fallen	native hypot: fallen directions	1749f826d7b3b5a7f4917f9ae48d57df88749d811591cb8ee7fb57b407085319	b39fd84ba9608d0027d3fc0d77e87245fcc2685d5a6aa2017fe7e3a64f55c4c9
mixed/256	mixed/256/46/water	chromium/firefox	fallen	native hypot: fallen directions	24a1fcbb6eff2b71226fd0e2ff76da9ac948d5f838947f480e9404c211b1576b	afdd2d00784acaeae600226790d56fe7b20dc72dd67fb67741c0fd70aa413844
mixed/256	mixed/256/47/plan	chromium/firefox	fallen	native hypot: fallen directions	8dcde9cfe960fb742e4cee73eb476c30a0803b1951c1a3914894685e50f46f07	533d6649967e5dd1499cc45adb16d70bbb024c1cf93b285527521353ca016de0
mixed/256	mixed/256/47/water	chromium/firefox	fallen	native hypot: fallen directions	b7657beb7fd482f38185ab5e7debc0d63d962f7d3a8a60ad308b15d8506cb3bd	153cb7aa28085ca3daaeb33061a84239f64e343976295f0b8e10d74ee392e7b1
mixed/256	mixed/256/48/plan	chromium/firefox	fallen	native hypot: fallen directions	823151375822e9c098be8252793f1d08279e15b45ef7f50c3341cfaf3782725f	27c77200008901fad6b20bebc6e12aa9f6ca5c5eab3e0c59b09e54d8ea25e9c9
mixed/256	mixed/256/48/water	chromium/firefox	fallen	native hypot: fallen directions	f3197cff27632f6b244ab13ce508790507acd2e5cbab4a291dc6b4d163740f5a	26f000e0bac983355e0479e0fcf71e2161e506c31e37e36becce524b153cb7f8
mixed/256	mixed/256/49/plan	chromium/firefox	fallen	native hypot: fallen directions	429f068aeb3bd4882eaf850b216e1eccf76b9c1d98443bd8e9c459fffdb85108	6afdb1c647f5900f5ad1026c4781a00d933db357d32e285a6ad3015a011738ce
mixed/256	mixed/256/49/water	chromium/firefox	fallen	native hypot: fallen directions	9575df8ae6ec2d60b6ed034fbbca65faee08fa6c3a44ee2a666cb74e97877839	187385610f6fbf736c245ac06841b539ff2327e163bcd28c3895661a0412dc1e
mixed/256	mixed/256/50/plan	chromium/firefox	fallen	native hypot: fallen directions	65cb957ac084db98bad936ae2219a5ea3ab2ed6bae2d72fbf55b97289a5f18f7	aef68b19d2745566642ae9f1d215259dcc0f2adb3ae2830b86cfac57a0354926
mixed/256	mixed/256/50/water	chromium/firefox	fallen	native hypot: fallen directions	874e371835535bd3d3e76091175c98f44b5bcb2f717a0990502983d4e57fe111	177cdc18d11eb3696e2685ed4e5856e4b258a9407348b3e6f2646b010aa17c2e
mixed/256	mixed/256/51/plan	chromium/firefox	fallen	native hypot: fallen directions	7736565225e95e5d9df8f3160b669860c23fb7beb0933b791189a4b9f8c26e7f	47ed660aacfbc15b59f65a90014ae2f82d66249fca3f9a610ffcb2c7c3e633f5
mixed/256	mixed/256/51/water	chromium/firefox	fallen	native hypot: fallen directions	e6fea2679f654ccae77cf50c7397bbaf49cec63f7a98cf6455467288f48492a7	8ab36f514ab5043ae0e2c197637c9657375ff5351ea76d1240a6db8ca52f8c56
mixed/256	mixed/256/52/plan	chromium/firefox	fallen	native hypot: fallen directions	2348c37e4c210457d85b399919ffd285ff22d407888a27d8e50ef83b7162b687	c5db9551dde7419d35f151811f3985cc1e4781f31a5c7bbfed2560441eedd36e
mixed/256	mixed/256/52/water	chromium/firefox	fallen	native hypot: fallen directions	dd50973afa5fcb65c2ef2875d65e6e9d27225bf9faa5ee5bad48265c534d5216	5307c214ed42cfda06336d328765017f4654bc95260797d80ff93cf4b0f672be
mixed/256	mixed/256/53/plan	chromium/firefox	fallen	native hypot: fallen directions	5391fd335814a85d06c4d8d780ac84b760e2c4607770f95ded29b4384d38c282	5d8fe3231bfd32f3b775380e6a7dc0e6cb560590aed0363492e109cd30511629
mixed/256	mixed/256/53/water	chromium/firefox	fallen	native hypot: fallen directions	fee4827c97b15abf466fcecef66aa0ae71f108d901d5bb3a50965796baa5308f	f745c0310261b7e3cbdfda0757b414807f81f8cbb7dc592967a3b7269f042ee3
mixed/256	mixed/256/54/plan	chromium/firefox	fallen	native hypot: fallen directions	9fd20a61c226443ebb2f5cb7c6e942b631e295232fb023349b23e440f6d3857e	8b49d7e9a638ac2e39d384f061dcbd7c2ca62f22c4db8a0e7847e48a5e9a7efa
mixed/256	mixed/256/54/water	chromium/firefox	fallen	native hypot: fallen directions	e9a9ea9af8cae95d96eb4204060aa49efdc1ee1ada2dd37ac1b5509f032c8efa	0ab697c18fa6a1e0b098c7b9de0925704af04a88e21073dbd80b6de6a351cdd7
mixed/256	mixed/256/55/plan	chromium/firefox	fallen	native hypot: fallen directions	00a245d8a375a0b7360fe5aff8ee9f2bd6833782da45dea715b8a0ead87beb3f	83cdff982830ea38c2b29862a8690cb41b94190737c4c26b7b1c67fce1fc9a89
mixed/256	mixed/256/55/water	chromium/firefox	fallen	native hypot: fallen directions	eae21cce35788850d9275d7c454decf86eb42b00aa1c68a552eb6562762ca12e	ea4488fac7eaf4ec875d939063958f9f5956c5274d0fbb078d7002d765db4894
mixed/256	mixed/256/56/plan	chromium/firefox	fallen	native hypot: fallen directions	e6c9f7a4d21740227cfb466e12d1619a40f6ee892952b73833b1c117cb9e6515	37e21bfb0a4d3d3d5962e1a72eaa3899e9d4367acc22c4de517ecbebd7e15571
mixed/256	mixed/256/56/water	chromium/firefox	fallen	native hypot: fallen directions	30a439349b4859ce1b194152c8bc60f2f33460e0d9726443a3f2897b014b55c4	e128b2d6a54abb17118f140efa389a0cdc8320eb0177ab9a2dd05c2c5ff735f4
mixed/256	mixed/256/57/plan	chromium/firefox	fallen	native hypot: fallen directions	c4c0ef6abe5c91d0667123d11398ecaee0227cd8c207e8605e0c09c8b5b48276	909e2979bfeeecfaf84067a175c5983a91e6a3885cf6194519263e023efa229d
mixed/256	mixed/256/57/water	chromium/firefox	fallen	native hypot: fallen directions	a1a25fff726faf1dd01be72ef0deb5446cf2a0e5b66de76e677e4af4ba8cd985	6ca2d048a56cfa23f5becf9434efe23577bde9faeadd8eba0acffdc326b1d572
mixed/256	mixed/256/58/plan	chromium/firefox	fallen	native hypot: fallen directions	d168524368d503dcdce6d4716b62f8309c27e3937bca99eab47b4736669ad089	2218872b8f38338820c0717a73bd6d8c27fb73b57d9f0644a9cccdfcdd6a9233
mixed/256	mixed/256/58/water	chromium/firefox	fallen	native hypot: fallen directions	30166dc1ee9dcb6ec40af0b82b21b5ebd8851088864e0787c952e2f60268379b	78c9bc26b90b2b7929e6814766770e7981d9d55741b05e8866f6201296e3b6ad
mixed/256	mixed/256/59/plan	chromium/firefox	fallen	native hypot: fallen directions	f58ee3eaf278a658b2dd5571a620b65da5ccd11dd49735336e2a31006190fffd	8250f66ad124e6d2777b840660ab206da18804565cae0c9ee1e64731e1033480
mixed/256	mixed/256/59/water	chromium/firefox	fallen	native hypot: fallen directions	93e96bd16317d39297d6fb1171e6c70d9ce0d1b9ae3a9cb3fb78676b6e6c9e21	a3d8980325f07c86910287f2c7dfc759b77536c11f3be5f06bc9e8aed654ea37
mixed/256	mixed/256/60/plan	chromium/firefox	fallen	native hypot: fallen directions	0767fbca23fd7ccc898a12eada00568b7e0e1640bad8302cbe74f0aff57e0e8d	82eb0e1d4e58d697d3fdf527a13aafadba7655780ec9f77d41d012e2a3f8e55b
mixed/256	mixed/256/60/water	chromium/firefox	fallen	native hypot: fallen directions	c71c2ae8f90f352dac16ecbea48ef0f12e68ad55afba419170c960168a069437	25f4a305ed59718f8367406b737932e0b7272de881fe915153720c72293f3021
mixed/256	mixed/256/61/plan	chromium/firefox	fallen	native hypot: fallen directions	a9ad337de5490adbd419bc511ec62077fb2bc65cc3827a934286ac61fe2af3f6	a2123721a42cf89ddd06cb58aaae2c409f6e64d75ad96f2768727476748e81b5
mixed/256	mixed/256/61/water	chromium/firefox	fallen	native hypot: fallen directions	5528033fa46b4cb3ef6d60f2958c7bbcbc12c24cb6eb093a52ee645ae5a88fbd	efe2acb3d77f713bf719fed21e44a733e029fa97698ce541f9310c0955caf7ac
mixed/256	mixed/256/62/plan	chromium/firefox	fallen	native hypot: fallen directions	b3d7bc766e8e6253838f3167ee0b98381fae6844119235c4da26747789cea936	ee72c19472b40c09715a9d11cce54a47633063c1c340ec5112969b767a7bfaf4
mixed/256	mixed/256/62/water	chromium/firefox	fallen	native hypot: fallen directions	16d99fe100a5c000233ebf376aa63d9868b3710da9daedf3a563fba01b47ca7d	121d971915f702dc2b1f3bd7e899fb0433cd6b772e224c1679de7d4ab8adb0fa
mixed/256	mixed/256/63/plan	chromium/firefox	fallen	native hypot: fallen directions	a75ad26b29515fac4c89a5ca8d0a4439b01668e9047b55d0a4256da2b23f763f	acca99c3a083b470dda9863304fed9af18e74630e79fa39cabf0cf7f2edc44dd
mixed/256	mixed/256/63/water	chromium/firefox	fallen	native hypot: fallen directions	be2a27a5f1e0ec496da61d88cde2544490bcbd43514d93d76a758afe9649b34c	a5c5d45633da07076a46e20a0db65aadba1fc7039ce64cad26693ef8d25ad891
mixed/256	mixed/256/64/plan	chromium/firefox	fallen	native hypot: fallen directions	2028b6c1dda944ad5613f9fc923124c64f0ef43603b2fc28b5747aa531c27a97	d126b89c4bd83e7ad69195ccaac130b2046cb30aae28619f9f1f7c4e04418f90
mixed/256	mixed/256/64/water	chromium/firefox	fallen	native hypot: fallen directions	63549a34793775e024588641d7d16024706b5e09642e782ac2d86149eca7fb79	32b89495ada26a12304200f1c80bdf476c7585f212e5b1cb7656f964a0a8a13d
mixed/256	mixed/256/65/plan	chromium/firefox	fallen	native hypot: fallen directions	3d1e48f33b11f5bd15f174a39129c3f63af041bd3cbef55cae5e86dbf9cdfa8d	6f5ffd64e1fae1e369e830f1cd30214281f7d6f9279db3fa3eb00943907bd580
mixed/256	mixed/256/65/water	chromium/firefox	fallen	native hypot: fallen directions	271098a85b463ba23b0712461b19c51f77e6aa60fcc6551f9061a1033efdae3a	6088b88b6100be393adaf9dcc6b9ee11f496cc335e8b455ac2a48c7d3c1ced4e
mixed/256	mixed/256/66/plan	chromium/firefox	fallen	native hypot: fallen directions	191312acd9921a4855deb7cee5923e06326755cac0b8dac4968932186c87c5b1	33e51bd9599380ff250d9a9a6f7d8b3760b7bc5d9a77b06f880739ca43455a4c
mixed/256	mixed/256/66/water	chromium/firefox	fallen	native hypot: fallen directions	44886ec50a78c1fb46daf07dca19b291d31d5f572902554ff25eea759af1d79b	e5fac4498a53606446c2e173d820d132a69e1f7209fa3b6b730684717174c0d6
mixed/256	mixed/256/67/plan	chromium/firefox	fallen	native hypot: fallen directions	40514b00a69c9c6c9eb14ad892c3844f8796213a55fc32495f4b6245460c3ed3	198646d03c04c12e9ec74ef4d5c7ba82b68e369123484c508f8db882b72feccb
mixed/256	mixed/256/67/water	chromium/firefox	fallen	native hypot: fallen directions	2e81d13b717dcaab7e0a74f3ea3f8fe00ea46972da96145ccb67f2bc1a7e259f	8a0e393d3756a76b7e72d04cf3cc02bc832f0faff9785fe3b0ffebd94606253b
mixed/256	mixed/256/68/plan	chromium/firefox	fallen	native hypot: fallen directions	0dda6e73d29645e71f58f8d9add1c250be8b0baf75b56d4018facdbbc8f0c90c	3cc1b8d312f5168fe39225f55773e8418e04674fade52dbfc8d4e6f50438ad3f
mixed/256	mixed/256/68/water	chromium/firefox	fallen	native hypot: fallen directions	1ff7762cb19b689f8133a79e582813f977bed4db3af2d0436d8917c2adbb4460	8b0bafa28d43731ed304919b32823214c290715c32263c1fecb377c3c003e62b
mixed/256	mixed/256/69/plan	chromium/firefox	fallen	native hypot: fallen directions	baf2d8553846e3205aef37eb2c026dfd4fa0f8a15564e9d64aae8c5dca09fc91	e88b4b4ae5d4a5bafe7c9c05bcbc52288619c3dad977c522d1b694de9689a47b
mixed/256	mixed/256/69/water	chromium/firefox	fallen	native hypot: fallen directions	fe89b44a1cca2430ae6f345e844d7366cf02ef4690d83795a979763ff94993fd	e4f2530237dbcebbe8df860f9f806bb3e5d918669a2c7d408d09f43e9dcc7fa7
mixed/256	mixed/256/70/plan	chromium/firefox	fallen	native hypot: fallen directions	b48fcf18f5ccb793ea731388311e283c6cd707dde220e1b62eb61068d4f3e4fc	1f99f9b8ebae72ef76163dbdf804e59b80f7551522bd19a185a75477121bfef0
mixed/256	mixed/256/70/water	chromium/firefox	fallen	native hypot: fallen directions	ca6cd1123b7a90c9806d9157deec33d804118cb4e18e07c3019ff89411c1d7f1	de1f673fcfa4c5ef7d983e351a5e87b22593ffb81514e5a698045ca2c34d62d3
mixed/256	mixed/256/71/plan	chromium/firefox	fallen	native hypot: fallen directions	012edb274d472470d54623853340b1749012deb7720be1f14be0c28331ea67da	72a34ab742e811ed61cac2b7a995b3d3b98bfe3fa449a6dd58ea56ce761ad0ed
mixed/256	mixed/256/71/water	chromium/firefox	fallen	native hypot: fallen directions	da24ea44cd7266d81ff01e1efdff7c7bc282847a85500ef168101a560ea19889	d753aa958df557d4481d6c5354091747a57588413a84ebe1af98fbb8701e7ccc
mixed/256	mixed/256/72/plan	chromium/firefox	fallen	native hypot: fallen directions	a31ffc113ec67d9fb8b8536da7abff5511464c561caea7548f41a64c935c3d74	d589139a6266d239b8d44ba7f7d925d78a42ff4df4a461655313cd627192289a
mixed/256	mixed/256/72/water	chromium/firefox	fallen	native hypot: fallen directions	058966ec5e493afacfce835314899fd6304f24638087b0493d98b230a4f20e95	f46fd2c452b459c88665a0bf7acc2481863a8f52a0bb7d3b71c45fd6e83406f6
mixed/256	mixed/256/73/plan	chromium/firefox	fallen	native hypot: fallen directions	df35b2dd7c7456e5e689b48ff0cde9efdeab5495fd11d3ab49d22daff14d0669	7cd33407e394bded83dac424d14e8e9496ee49ca8ce655aa751f01ecf677b4f3
mixed/256	mixed/256/73/water	chromium/firefox	fallen	native hypot: fallen directions	003d4f138019c2b7f7ae99a62d8311ea3200fd4a8a5cfa4723ebc4fb85184cb0	b77615683a9e9503819550d8c9e510303886ad1571e4b59c381fe42f04566a2a
mixed/256	mixed/256/74/plan	chromium/firefox	fallen	native hypot: fallen directions	50476c39e704ef3cb296355a4cfdbfd560932001bd88510464108e2dad30a965	a40bf899777f111c139889050dd0a0fdc7ef6bc984e14dbbe83f73a1b3f813bc
mixed/256	mixed/256/74/water	chromium/firefox	fallen	native hypot: fallen directions	fa036dd616af0b671e1f8dfe017d1c3d813cb808f371a5b4e37f91043562958b	0bf5cbf9e15788cb5e6ed86b4c2baf52ce5aaa6df6aebafa90d4f67aff163104
mixed/256	mixed/256/75/plan	chromium/firefox	fallen	native hypot: fallen directions	992e7d6114d344c86409c29d2c3ac3a930b439bd4eb9b5e41fdd2412ce31db6f	798ee51ef63d46de7c2c2ff78db3fedd6599f513d8a07bb43cd80bd4c843d472
mixed/256	mixed/256/75/water	chromium/firefox	fallen	native hypot: fallen directions	044ebf470a77773657972a71109b0d6c1f9995cfc12e05084a98488c691a94dd	d882f0f02ac2898e2bf7cb9978fda2564e6ab1c1ef50249e4d8ed01404e48a5b
mixed/256	mixed/256/76/plan	chromium/firefox	fallen	native hypot: fallen directions	3c4a1d53057e4ad899a340facba404a9363c474c7b56744642faad35813d631c	69a0b01ce2b8d7de8639a3ec671def5356fb9ee157ffdb4231441d562e5caaab
mixed/256	mixed/256/76/water	chromium/firefox	fallen	native hypot: fallen directions	ac82bbbdd4f3ff189a46484cff633bd8708b5cac08f78a1c8b6e946b0f1612a5	aeb8120cc03f72ab2c263abdf99bdb8a0d9f18703722d85e4321264dfb06afce
mixed/256	mixed/256/77/plan	chromium/firefox	fallen	native hypot: fallen directions	72cfead55978fb49835f46f5946ecb70831b957ed0159f8c7e138fd3b642d20b	3195f09edc15ea4ad25d71efc4c858a549e120343e7301037f2b4edd422a2b4f
mixed/256	mixed/256/77/water	chromium/firefox	fallen	native hypot: fallen directions	1cc3a6077932e134426c1720242f4c9919b41214ca036532559ff24b3f7e1ccc	5defe1f9a0edf0371054245a82640e12ae2aec0deeab9e24a202a6ad09ac5dbe
mixed/256	mixed/256/78/plan	chromium/firefox	fallen	native hypot: fallen directions	d50618297e2fefd0086198e98ccb0e0ebcb52c78870b739bbb102bd4f7362e82	afd90b47774983f103ee42c85542851bf53c09b9d6dfc6935f15aad5697567de
mixed/256	mixed/256/78/water	chromium/firefox	fallen	native hypot: fallen directions	d50ee304977b028cb95eefeaa6b422e930e95d6df447cd4f406b0a7e3a7ab3f6	5df2e6887276852e1e95065ce4946160db76d92c4e3fd1017b70e05e94fce6e1
mixed/256	mixed/256/79/plan	chromium/firefox	fallen	native hypot: fallen directions	9b59b8758719bdc31effbd8805ab1a8156b9f817acd67251c9baff2b82576eb2	1335c0ddd6a3ba0ef553811b44ca6bdf2abcebac4cd55115bcac4273526880b2
mixed/256	mixed/256/79/water	chromium/firefox	fallen	native hypot: fallen directions	d7c8642a8885cca041724f01a45d419d5ce62d99dd9bb1199e863d9798c6e59a	e4e3cfda74f5c946ac4743aad4532e3f171381cff7544565209761727674a8f5
mixed/256	mixed/256/80/plan	chromium/firefox	fallen	native hypot: fallen directions	a2a6532d2e6f3b313ce1f7786d31f0ce4f0071abc5db5ae5e4ac3cf67f4aa35f	cc51516ec749ce0f4b5904f83c93d86d9dd63c57bf55802912a6ec4d090c9e8f
mixed/256	mixed/256/80/water	chromium/firefox	fallen	native hypot: fallen directions	75d3ba158b98cb3f7f71e35c66ab8df1d3be9d84ced60819a902014367bf6ebc	8da64b86980302fc0e08f1b5270ae064525d0091c692dbe41017bbc3de6d1603
mixed/256	mixed/256/81/plan	chromium/firefox	fallen	native hypot: fallen directions	e9a73366241d744d537d187f77052daa726469405c83ffdf4ffa1e5cb5b4d29c	13837f90dbe880f4c557f9d63fd2513b9a8b26523416000fbf98ec545866712a
mixed/256	mixed/256/81/water	chromium/firefox	fallen	native hypot: fallen directions	5473824b7b77c3a6ba7a5d439e27fe4509ac36ccac06d51741da27f597dd6861	40d6964729ed04ce5c7526c8690ae8a6ae616b333bb5cd9f5da3d9d231f5cefa
mixed/256	mixed/256/82/plan	chromium/firefox	fallen	native hypot: fallen directions	50b1d98da7661c63e937d412fea8390411bd33617d1d5240779c50f696a61077	f2c6a37aa5deeaeb040f964edd7dda9bd7e4aaa99db7cfab7c16e489509e36a9
mixed/256	mixed/256/82/water	chromium/firefox	fallen	native hypot: fallen directions	7a55a0a4f8d183053089ffae8dc3cce6dea8ed181bd7087d9930515777d0081e	2c7a0db0616e9da2822cc3022504005a2fa4320e5678734aa3cde6b217f0e143
mixed/256	mixed/256/83/plan	chromium/firefox	fallen	native hypot: fallen directions	578b436bc6445035bdb2a985fe6a0913675b88e15f9fb1a97234bb685f5dfa77	6c0bd3afcec206bf81af99dc033e059b9208f92176b7b394ab5dd23e665fe391
mixed/256	mixed/256/83/water	chromium/firefox	fallen	native hypot: fallen directions	8ceeb3a3618905babd7f13acfa436bf69b0cbe7b5183a6d021de2d02702d2719	42246e7c3d0a4575657962b535245dfed09afda23b3e0b8ec4637e7ef7dbdca6
mixed/256	mixed/256/84/plan	chromium/firefox	fallen	native hypot: fallen directions	f0624ca36c70474c3ac49db0de20b4c256005264e7502304f7b660c28a520813	1ffc0a9211437ae010985a6540fae4f68ff5ad93bd5ce2d6487e8d4bbc2d4d26
mixed/256	mixed/256/84/water	chromium/firefox	fallen	native hypot: fallen directions	8e9a1395fe952375161864997e97a676c45b5b3cff2e7f2d88496533fa11c56d	8d8214993697631d0767ba2ff51304e5fd1650fb4d169040127eeea499c54fcb
mixed/256	mixed/256/85/plan	chromium/firefox	fallen	native hypot: fallen directions	62cb6d87c0c7a67992853adae87dfbe790a6ed902f42a2a3662a3e7e3df0f70a	59d92202511a18a742d5a3f525a545c1c6d170fd1d812954ed87fd5a1cf45f9e
mixed/256	mixed/256/85/water	chromium/firefox	fallen	native hypot: fallen directions	f3199a9d97eca0390d8a8885c60d02fe5e195694f07ca906fb71958ae156ca8c	356bf6627179757ba1ff7e3612191d7d49e3c3b5132b784566387224b2f2e2a1
mixed/256	mixed/256/86/plan	chromium/firefox	fallen	native hypot: fallen directions	d65a9d9d424337e5efeacb8a96fc21656f06868f98d7d6f8d41a65d47c66f97c	c5fc610fe49204feba361cebe6d6c0550393dfa24e382d61a12633d24f6435e8
mixed/256	mixed/256/86/water	chromium/firefox	fallen	native hypot: fallen directions	18d409e11629717a03d545be18cce1ae99dd06c2c483b5b38d11bd41d4d2ee31	84e1b7b3f4e90d205f2b2008e8a01d3c3b053b3f4d5b727cfb1f540eb225ba80
mixed/256	mixed/256/87/plan	chromium/firefox	fallen	native hypot: fallen directions	f68dd08f99e698eb951c55c3f5de95aeb1a2e63bd56b02675746722fb1f3e413	471e7e69cb7624006e9ec055e06008ddf5c431241e92bc2e4ab79b475a759019
mixed/256	mixed/256/87/water	chromium/firefox	fallen	native hypot: fallen directions	1247fdb1b1631121d2558649f7f2ccbce71466eed815ed3598b0a73325611eac	91d4039f2cb1944ccb122399a2c99020be697879c02cddc76f4040ec59738919
mixed/256	mixed/256/88/plan	chromium/firefox	fallen	native hypot: fallen directions	9661189ee406a2a9aee68cd1ab3402bf67c828cafdec1a4a80bed57b70107735	956325c9002dab3cc7f85b304fd5395a21dd679c875c6479014c7fc8d548b813
mixed/256	mixed/256/88/water	chromium/firefox	fallen	native hypot: fallen directions	0f55430f6dc216cb040a2ad3b68ad4ff76c37319e45f863ab73f03d70da87ff3	3c149f4b3f49491c051c87556a5764a9eaf396749dd97eec2e6734ea8793e320
mixed/256	mixed/256/89/plan	chromium/firefox	fallen	native hypot: fallen directions	7a9cd55af9ee54e758fe4165ca467fb5c49f2a51e4b22585833dc1dcbf7687d1	32b4971dceb32ed69d584e669965d931c5fb2aa691af7ada8ad9715d31c13483
mixed/256	mixed/256/89/water	chromium/firefox	fallen	native hypot: fallen directions	867d6b2dc73f5240ce29d3cbd047cc1cbc0987969a5c2ac32958c28cf4df2a31	3fbc6f7f3ed065b758084bcd67ed54e163f4c76004f0d91f1d3d703fc1598521
mixed/256	mixed/256/90/plan	chromium/firefox	fallen	native hypot: fallen directions	c19d5e72f61cf60423bb98411bbd10724293dea6b5810ddb3078567f09027adc	03b2483be2e65d26f51e5c9ad80c900a7754eb0033fba9309de3a1dc913342ba
mixed/256	mixed/256/90/water	chromium/firefox	fallen	native hypot: fallen directions	61ae5dba8ee099fbc1bcc3ebaa0e8ef09340a083f74953fb7489084bd1ad40bc	f24147487187b5e8c953dcc338047eefd061cc762018451b2bbe5d2a7976f3a6
mixed/256	mixed/256/91/plan	chromium/firefox	fallen	native hypot: fallen directions	38dff14e993b215462b3c4a6d7d7087d377c299860fa0b25ec93bc266e833a37	672c3ae37e9a7fa0860dc5cab507d686354cd0d65a94b5b0c7f97ff4b26c54f2
mixed/256	mixed/256/91/water	chromium/firefox	fallen	native hypot: fallen directions	873d5bf24544f3f66d307c5ce90153c4f0042ae94b335613191c69cfe936d9d6	73ce5552fd957b3f56674b56d5fc586aec7ab2ba7a48c0b739c1fff5b324d5f7
mixed/256	mixed/256/92/plan	chromium/firefox	fallen	native hypot: fallen directions	f00a5e2a3af38b8826806ddb84baa5f097289143470c5d75081c123bfc3e17e8	facabea63aceed570f57aa513ec8057aa6b32e517fc302a78407590ad512efe6
mixed/256	mixed/256/92/water	chromium/firefox	fallen	native hypot: fallen directions	7ce9db49be9fc4c1d580603ac3c5174c37bcbcb849f77429301023dcd2e85ee9	4d1c11930e7324fdda649c1bf72c3d93aa438a9960231a329e10849165f572b7
mixed/256	mixed/256/93/plan	chromium/firefox	fallen	native hypot: fallen directions	d48b7450f7afa1cf8ce2846b638a603eb5818e983a3c2b086b21721927eab8da	721f7939ada54bee80530a8d59e9da03cf375ae98a313be80942213b0757ca15
mixed/256	mixed/256/93/water	chromium/firefox	fallen	native hypot: fallen directions	b00593e5365dda95c779fd2a3ad876f8cb249e4e7dd798862673ed4bc880f0f7	bc965c8c9d349bbce27ddf13b6ea1b5faaa2ed44b9951a4aaa879bf545ed6a78
mixed/256	mixed/256/94/plan	chromium/firefox	fallen	native hypot: fallen directions	b352251ddea1d52ad2e287d3cd11db835eaf0f9a8fc641220f68dbdd056f4b62	dbe962d822e68b0bf354d127e2faa8a6d703af7aa2a88e737e0e0812e8d78630
mixed/256	mixed/256/94/water	chromium/firefox	fallen	native hypot: fallen directions	27dabc3ad7ef2e2ac8531fdbf3fcd01c07a5c39fa9ef27eafc8af4a7fc901e2f	f856e246c6a1a9ebf541b42414218947d0df0d59cb3cf2c6941b7840e53063bc
mixed/256	mixed/256/95/plan	chromium/firefox	fallen	native hypot: fallen directions	2216e1b5f6d3c7b94da6efa502e8593e6bb469c459d0064d4df4c9f881158c32	b50a05095ec8d537aaea21a10520e2b54c5882b421ae61898d22eee49ce8376f
mixed/256	mixed/256/95/water	chromium/firefox	fallen	native hypot: fallen directions	5afe9377985df38d703689375fe1bd28200d6ca3bb9d555ed570b94349f5c3b1	396e29864ef9e79167e3478189355e3dbdc49d006ab0e3e0f157f0137f64dc89
mixed/256	mixed/256/96/plan	chromium/firefox	fallen	native hypot: fallen directions	78d426998e98607c31b492585a3fa3f86e171a6aa7d416fba582d8b89d9eb617	49ff5cdf4c8e42fb745b850515f73e3a0c25a38407d065968d96d71c2e16d051
mixed/256	mixed/256/96/water	chromium/firefox	fallen	native hypot: fallen directions	51bb5ad302f1bb08600b4f04491a30ee8be3bd2ddf12a314a25b99ad7c37f206	2d9adafae4abd512a78ee696dfd3f0d84a92f0826a175476ef40f05c5fac06c0
mixed/256	mixed/256/97/plan	chromium/firefox	fallen	native hypot: fallen directions	6bcf4abbbac3c2ae7e8382e1ae271c3f99ae3935a7889785b98c6403a44ec46e	8cf9c467402f4a1ca1cf7cf3bcdb697651383b3feeeceaad04b9989b52f8ad20
mixed/256	mixed/256/97/water	chromium/firefox	fallen	native hypot: fallen directions	8263df358f11d402f96e5da80f10f79363106b762c258ef50f05231a03cd7d0e	b797ae3dd1fe417449e522e5bdd192c2ba06249eee4ce89c62b58d6c4ef2069e
mixed/256	mixed/256/98/plan	chromium/firefox	fallen	native hypot: fallen directions	5a4fba332f7104150679c9e0e72dd9fc8d9194fa48db1947d24fdabe4ef87371	a3470e3ee67d376f9cc8a995334c052f44f6a3024f0c6b0a3d4fd792f14bd68e
mixed/256	mixed/256/98/water	chromium/firefox	fallen	native hypot: fallen directions	af39053453fb819f554e426456d06c4f13b733091e5150cd981eae91aadb7383	4d31dadb058fab3536ff76bbfc52717e59df2a24d55bbe0a7c2af3210e9c2f89
mixed/256	mixed/256/99/plan	chromium/firefox	fallen	native hypot: fallen directions	ae465c9345e98a55d08ff5c0a06ef16e23b540fe5b989e73e22e423236683736	1a164daeb0c67253bf5253af797806c66409780331731c6dbbc5a88652bcb701
mixed/256	mixed/256/99/water	chromium/firefox	fallen	native hypot: fallen directions	a47fe83a89d97cff0c83af8fe58c0180d3e6d5f6e53724f41f9779e950537e1f	de18fffffaf9d9d49b6bdc9cec3a62faef57941f62679b7a626acdaf51cda9cf
mixed/256	mixed/256/100/plan	chromium/firefox	fallen	native hypot: fallen directions	2fc1e2f2afbb55e6217a562c049b5d1cbfc7527ecf8c1a95062c247c7d1e0305	353bc6ad36836e8904283a7008de4e798dfd58dd1b8ef2f843252d59a9871472
mixed/256	mixed/256/100/water	chromium/firefox	fallen	native hypot: fallen directions	95b2812640dfb7b1fb03bcf5a75ba6e0b8639974b7094079e5b83aca04b16f0f	e8100b5a19ebcc691a5747b835894beede14de4ddd2afaa62622164f8a04b5d2
mixed/256	mixed/256/101/plan	chromium/firefox	fallen	native hypot: fallen directions	651c2a1bdae4b30e73828a63badaa5e10da9f8c1e6f9438d2ccdd1233f942218	57b5f779a6a60f23670bd6261b44d551e0109fb90e8b3175ecec9f3ce7588a48
mixed/256	mixed/256/101/water	chromium/firefox	fallen	native hypot: fallen directions	9878f131d86402b2cb4292b511e5aeb822390238250991319469a4c9bbef1a1f	683586091f9da7988153f9c02597f468488b9a87f8b95d28e9951cc08815109d
mixed/256	mixed/256/102/plan	chromium/firefox	fallen	native hypot: fallen directions	83f3c02bfd0e1bd7d1fd9b9d596ecfdcd1c0787129919c2278af8c1f95984790	0c2a8b29952fb737f3b4c0768f4ae74b8fdd9584fd5d44576a3998d3f3c60521
mixed/256	mixed/256/102/water	chromium/firefox	fallen	native hypot: fallen directions	e3e48040e3e352b7d66e15738959659c7c62913c54b61f9f0a208495f1f2496e	53a147041da45813abad87496cb657776a94392cff547c43437783d96061cf61
mixed/256	mixed/256/103/plan	chromium/firefox	fallen	native hypot: fallen directions	1d2911ec8ac5776a7cb9cf3a859a8c890a55aa7fea8f4828966b3ca6f3e2fd55	2edf0d1174ee2b43cee79f4417b840be749dafb5ee5b93ee29c9a267daccfa05
mixed/256	mixed/256/103/water	chromium/firefox	fallen	native hypot: fallen directions	825305db4e3e7fef48abe697bb46df8b7a77d26fcc769252b44159844cc4a35c	8d9af7c4d0fcac2621dc834be663280bc1f87d563f383ee72b9c63dcad563432
mixed/256	mixed/256/104/plan	chromium/firefox	fallen	native hypot: fallen directions	1d847a96d503c968a64efad4076d525fcf63b2147028c4273719c72f2dcb8925	0255cd018b51fa7f119c23dee547067828cc9ac203c0013f0638bbb23085ee90
mixed/256	mixed/256/104/water	chromium/firefox	fallen	native hypot: fallen directions	f1fdfcbf8f6933d35bade920d79283d0241eb1863824fe6a110bfefd4948a22e	00a223182cfc869a550dd4bb677de19f9f29045c465ed5e95b6283b80331834a
mixed/256	mixed/256/105/plan	chromium/firefox	fallen	native hypot: fallen directions	d5db0eb9ad1bf672538b4111897adbc6254dc4d26d9927b43148d5377d6a5a71	a9324214a427c44ad4d44f4ba21e7935759beac4502a35ab3579904bb9359df2
mixed/256	mixed/256/105/water	chromium/firefox	fallen	native hypot: fallen directions	a079d25596c1efa7b3b46e3f46bba8863d55b5310238e3365c0e38d4470c643e	1c2715ded0c217df9b8ac3a634b68410f28b10048615cd284a004728efbe0504
mixed/256	mixed/256/106/plan	chromium/firefox	fallen	native hypot: fallen directions	1d05c28b0027f2f943679653d3328c46fd21dd0183157c880007ff49bac750f4	89ea24089134831ce97c6f3756d23660ca8a1b71de1a26d12c9bdc97a7e4f27a
mixed/256	mixed/256/106/water	chromium/firefox	fallen	native hypot: fallen directions	0267f01dc4832335b13bac3abbd3cbf5354ed116c93616050c67c563b21c533b	5917127cab82f906856f863f5fff555caeadbace93399476b07ee101b4a8e059
mixed/256	mixed/256/107/plan	chromium/firefox	fallen	native hypot: fallen directions	96a02edc46ca0cd0ded2d4b0b3ad35cb20734e6aab38c365c4aaadc2a5b0f1fa	33acd4fde7e125417954e78286b69899f609ebf266bca167c6b98e4a38b37706
mixed/256	mixed/256/107/water	chromium/firefox	fallen	native hypot: fallen directions	ad38ca32c24fc2690eb2a88f8fbb7022eb06e42830af76be6bc2b070bebf3f0e	f339d7a43a1f0b211ea889bdf156da22872577a8a594e5464d78833b7468a2b2
mixed/256	mixed/256/108/plan	chromium/firefox	fallen	native hypot: fallen directions	806c3ab8f1b8bd9bcc5de6ac5be8c1e03ccb6cead6102d5c8f48d259aaf42115	f7a18b889dc8355ac3132c4d1821dde16e36f3ffe0b338c959ddc8e9002a1df7
mixed/256	mixed/256/108/water	chromium/firefox	fallen	native hypot: fallen directions	21765e74d797417845c4c0fccb92179cd78fa4958b44ac4299f857475b872ec1	13a8ef4513d93ba98819bfe19e2ad26ce5725ca95145508cbf9fc14ebf02f18a
mixed/256	mixed/256/109/plan	chromium/firefox	fallen	native hypot: fallen directions	12242685e069d63bad384e65d624edc8562a0e5287f09b9d2c52972a8571a229	a0b369b206ac01322fee302aa73332e284c7a60b064ce278fd9b05acddb3dd0f
mixed/256	mixed/256/109/water	chromium/firefox	fallen	native hypot: fallen directions	45ddb06a7c95e0c272dee8c76f8ee546a018162de63228488cde8f590058df3d	2c4f21477972e8359edbc73ea516e4c59d4b97f3bba47758c1eeb114c8285629
mixed/256	mixed/256/110/plan	chromium/firefox	fallen	native hypot: fallen directions	60aafb7665fc0570764ae1046a1a71bdc96a2b387fe6fa306d3d4f8988161867	5bc2bed76d3ceb991e65fd33c39620d49973e1a74af14dd1bbd385867867cafc
mixed/256	mixed/256/110/water	chromium/firefox	fallen	native hypot: fallen directions	0b8810c4d332a541b77be2857b3aaec2411092edd7ec3eeb36b108b8d4bcd1fd	936a37a340d45d512d7a0dd54f0663e36a64488626e7636ee48d47b02bab79a7
mixed/256	mixed/256/111/plan	chromium/firefox	fallen	native hypot: fallen directions	5086880895859061cf93d2b6b2a7eef356860e8313bc4614a39aa1e3207bc82c	da013b3b5dbc3d7d17410da9206c8417928dac77715ddb19aebf2e5e008d7af9
mixed/256	mixed/256/111/water	chromium/firefox	fallen	native hypot: fallen directions	92d7fcc745bfea6deb30a50d57cd43c9722a7a6c609c12d710756545d72132a4	09676e10d7bbce9352d5f43afa2b18776450d47fb53d6b67f15f6575c83b1c2d
mixed/256	mixed/256/112/plan	chromium/firefox	fallen	native hypot: fallen directions	1f8fcb68e4778aaf26d639e8dc1d0eb17f040469c125ddd2a6412f4edf4edef8	d81620ee4aa2c260e644475f6f6b6d6031ce635da9296ca07b74724f15fe5f8a
mixed/256	mixed/256/112/water	chromium/firefox	fallen	native hypot: fallen directions	bb8467d6d26eea6b71cf20a72b83a611c0f8c5612fdeacb891dc1b3ccd967a6c	bfef65d887f2acbb0d897d282050b5838931f51b09bd49e8fc2135164e204d56
mixed/256	mixed/256/113/plan	chromium/firefox	fallen	native hypot: fallen directions	b5dfca14b0302037c67a0176dc6dee5f76af0e709902c8b0243eedeb5239be17	b493a46bfc3d3ba7742b05233abb738919a2aad8c798876df58329287088e029
mixed/256	mixed/256/113/water	chromium/firefox	fallen	native hypot: fallen directions	294f2370aa9374355c02b6acd71e4f9044b820714c63e97581e560b7cf027725	4fca3279719da0691728c7d72e2b2990b24499f8ad8dde019eb483e7cf14118b
mixed/256	mixed/256/114/plan	chromium/firefox	fallen	native hypot: fallen directions	85bcc03237577e16a35d37a68d97e58cc7f8081ddbcc4cf60641e70f426b84ce	e9169da900bdd7ea859eeb676c5d229cd13d236aff4434a4024a745e11b4b48f
mixed/256	mixed/256/114/water	chromium/firefox	fallen	native hypot: fallen directions	3adffdd5edabb5931354da2bbcbfbbf976ba350461a0da64aafd3a961c76b45d	1b8ccc481f6d56cc6089e921f23cc3b0bedb157af9c02c9605a2e9ca88ad553f
mixed/256	mixed/256/115/plan	chromium/firefox	fallen	native hypot: fallen directions	8ad80f27529b98eb8c29dd2e3d5382a9803403e25c4907520c17ffef70c8cf4d	163f2c5dfbca7962dcc67cdf052d2d9b432252e7f8ef94d76d3e79cd185113be
mixed/256	mixed/256/115/water	chromium/firefox	fallen	native hypot: fallen directions	044d06e2a99363503376958c6e1919314b91e2465e819c4e474c0857eed13ee1	0e390fcc41ea013eb67ca756ab630ee0398458131985dfc56e2877a99fb1d5e6
mixed/256	mixed/256/116/plan	chromium/firefox	fallen	native hypot: fallen directions	a699923d21c1aaaffa629e454d3924e7f6cb8be6fefeb0294cb4cea94ac73a76	546bd857496108cb83260f4bc9341948db5ffbaed65fd12509e7ec35801f35dc
mixed/256	mixed/256/116/water	chromium/firefox	fallen	native hypot: fallen directions	5c9242008a44460f77de8de9afba358da3851714cc6209caa4b24cd637eb6d14	fabaaba8d43c89624694e9e8e0c0acb10bae7bc9ebd4b0a9fea3339d9e2b184d
mixed/256	mixed/256/117/plan	chromium/firefox	fallen	native hypot: fallen directions	03b4ea5d4a8c3210d208d41f4d65320ef95304286605c78e5b937605170d166d	b7deeacf6f869e12ba788084393b94753537dc48c0a1b94ce2d9588f9534dac3
mixed/256	mixed/256/117/water	chromium/firefox	fallen	native hypot: fallen directions	2b1bc4600df17d0d21a6adb0d1989f52405afa747b5a3a6546d2aa39e67fa783	c99fed3253aab7ac7415c40abb97d1882f07196375e54711780561fff741dac9
mixed/256	mixed/256/118/plan	chromium/firefox	fallen	native hypot: fallen directions	2ddf4526150b29663add61682af7d4b6adee695ad6033d662a706cd5c7bb8b54	1b93ef66fabe1e120095f4812a8ae8338aa306e0ae8c78a20acef3430b4a35d0
mixed/256	mixed/256/118/water	chromium/firefox	fallen	native hypot: fallen directions	f260b3faade102c4c477157a51766eb580e9ab87d01a623da7e7d99d2c0f52a6	36e1228471d2b1eb79ca9b196052bfdb5acb6e84e8a224cf4a9247da9bd591b2
mixed/256	mixed/256/119/plan	chromium/firefox	fallen	native hypot: fallen directions	8304f3f0bc1bb0bd91e22c0f348db92db26978ddc98c0e1eccbca618ecae3d87	cc454261c8ec0bc434aef589dc6673de102d35ad1fa3fa33b582e71951a3c6d1
mixed/256	mixed/256/119/water	chromium/firefox	fallen	native hypot: fallen directions	40e17e7fdb40c2cb76c5c51d09f82a8b98461479cd833f32a501fcf69ddcd990	a60f96b1f242dacb47e22eeef70b494520aba4f2b088d32f76b5a95fa5b82f8d
mixed/256	mixed/256/5/plan	chromium/webkit	fallen	native hypot: fallen directions	46574f8639cd91ba8ddfd107c8c03a94e56678b8677ddeaadb750a56d284a014	0f4f1a8fc512d0b23463c0be611c1f871cb0df160edc0c6ddb93ce35d846ea27
mixed/256	mixed/256/5/water	chromium/webkit	fallen	native hypot: fallen directions	cd4b17b4efa867284b710c7d4fcbddd85ad9fae6db76307f01e7a0b30fd6ab2c	c987d147a0918b27227b8a6cf0e190aaf6c18c3b7a4202a832c6f459e2289951
mixed/256	mixed/256/6/plan	chromium/webkit	fallen	native hypot: fallen directions	2e581bf7394349c75326ead4587426d00a96af0d73ad45f3e6efde5affe409b3	69d515780aa01694fc628567e85d0979477aaab7a7293b793bdd2d77ce6ec213
mixed/256	mixed/256/6/water	chromium/webkit	fallen	native hypot: fallen directions	bb16be16f8b8445a2a0530f4f8d30b59b265332b98912e2851e2d6bbf0f0aa74	d0e6f7d1c52ceaa3faff535de0da5c14971bc272861be8fcb8523c94f5ae53b1
mixed/256	mixed/256/7/plan	chromium/webkit	fallen	native hypot: fallen directions	b24adcce83f9340afc772e85d39211e4fdb19a53309b4460a783d337c81c8106	cac8dfb6088d180b649bcfde0881f3ab0d3ac47a1926f1b3922a94b6ef8f18f1
mixed/256	mixed/256/7/water	chromium/webkit	fallen	native hypot: fallen directions	484767e0a821dfda4f46a4dba8869b380d1cffcece2072838f44d152c5212e73	19c6a54ac2cf81ccb047c63e34d0398a64767f6bcdfdfb10d010ca52ac0e8834
mixed/256	mixed/256/8/plan	chromium/webkit	fallen	native hypot: fallen directions	e720f1d81548483de833a3c07b32c07ffc76366b5eeab413c259466709649340	1c225ae9da840be95e316a36c5fe2405bd650dc3a43b9450c7b2197a2e5470bf
mixed/256	mixed/256/8/water	chromium/webkit	fallen	native hypot: fallen directions	0b84b400105288aa539c41591243cd1d5d420e283702e84bc0c6e9556d361081	df4120d271ead04298b636615f1f5fd072f726a228c75d3c6447f70bb30ff48d
mixed/256	mixed/256/9/plan	chromium/webkit	fallen	native hypot: fallen directions	ce020240939909a72b503e5df021349f468140f91ccb219319b2f007dc43358a	ec0dbe1e8afc4d210b05ec9b4723de60e915829e53afe7a1ecca9d5790588369
mixed/256	mixed/256/9/water	chromium/webkit	fallen	native hypot: fallen directions	ee8aa32cef284518c30d2bd53e98acccea57fcdeb588f156f1b9e9cf37199f4d	8b0a8fec850cd8ea38bbf4cf3f38964a37bf2ddaaf2a4ce5e21d66d3e678811b
mixed/256	mixed/256/10/plan	chromium/webkit	fallen	native hypot: fallen directions	f4cb245ce009b8139e68c38e69de8b14b5b74cedebe22f47616dba2983bd363e	19231b94448846f155796e506fc90d82bd82332ae8d11da133e9d9a0b2747b3c
mixed/256	mixed/256/10/water	chromium/webkit	fallen	native hypot: fallen directions	89537f79df455fc43f868f2f6ba98837087ad01581c105d9a2fc5c4c5dd4a646	6fa1d4e1cb3d52436f28e6b8049853c48ce93b9e6963cee8e3399d9a245c3925
mixed/256	mixed/256/11/plan	chromium/webkit	fallen	native hypot: fallen directions	234e16b9fb14f632fb77977c2b57ce1535d808eeb5e67e5511c9e3d89731b359	0b75a67b4d7f458c49d8d5ab2ea609848b3920779ec6f7b591dbf018729d0fe0
mixed/256	mixed/256/11/water	chromium/webkit	fallen	native hypot: fallen directions	295f5060257b09e0ab3c94409c6868453100c2cd192bfff9cc3f96d058537cc5	57d2241a2c137444c95c852e7a743ef203c7bf5fd0b2c2331b0c431bbd2e3e05
mixed/256	mixed/256/12/plan	chromium/webkit	fallen	native hypot: fallen directions	81898ee851e8b1dc70687b7a5437672196eb9ff5c0655c3cb201ae2ac89d87e2	84d4ae6bf779a4560e8b3691fcf6e75cd9c60578ed9e67bf509c7ed3bbb91260
mixed/256	mixed/256/12/water	chromium/webkit	fallen	native hypot: fallen directions	f0bad4b4661c6d488a91fd986e9e35b4b773816135b8ac3e16bde4d79e111a6c	09d9e562abadc8aa40766de24be9cd0462bd4c43842475c33f4c906413243bed
mixed/256	mixed/256/13/plan	chromium/webkit	fallen	native hypot: fallen directions	30c7ca7baa25140dc37a4b33af954204e130aa6cde0ff5bb93810eff4a302b42	e7bca2bb340019bb8a2f3305f3288ca703903110de5dc7ec2fab7ed3c9d35601
mixed/256	mixed/256/13/water	chromium/webkit	fallen	native hypot: fallen directions	15c2622404917f4afb61d647950ff1ad6e32d7d1dae064cb49a9c2de4700ae6e	39fdc136d100abcad736b11a5a8aac2a6b2f8b31250e477f4e156bb2c971ed52
mixed/256	mixed/256/35/plan	chromium/webkit	fallen	native hypot: fallen directions	e63cde7c066abbc474415f526447f648482bfe6fced16666300de3bcb947facd	1e2caa0f4ade1f63e6033d60c0e2a1694ceadfee46c74df4fc2a3c14fb552ea5
mixed/256	mixed/256/35/water	chromium/webkit	fallen	native hypot: fallen directions	485dd87bede47675b9ad975865bdb2171f9a24c89316dd8c84a3bf307d2ffe7a	9178fb05f274e0717733d614be139cc675a8b3ca9e0ecb713bfdfacad8752a22
mixed/256	mixed/256/36/plan	chromium/webkit	fallen	native hypot: fallen directions	6e59f88290f23ab8dc6ce38affe806d836247c4bca807b1c0a5aa068576d8579	1ccd465af407ec7035c540bd2019803f178df140b2a4b1c721d869ce4d33222c
mixed/256	mixed/256/36/water	chromium/webkit	fallen	native hypot: fallen directions	032f218787e8e127d97c5c85261a3192d6d98b953ce52a9c63e79ad53a99736d	0a11dfc6bc15ae10ac2d8accf722c23b08465d86036ec7f5551827fc3499568f
mixed/256	mixed/256/37/plan	chromium/webkit	fallen	native hypot: fallen directions	a5c4fbf06cafad7d41220978e50b11384e9d2e2f7ab3bf4094142f16c3b4782c	8c0439783ff211de9d3183c09c29e16685369ef8c478d62173d3336dd3f2d384
mixed/256	mixed/256/37/water	chromium/webkit	fallen	native hypot: fallen directions	6393c28a04e9ec0441a933fe4b9143b93d1586b60a0f3618495c8729be777b21	2a85306e46b4a03514f530414ea53faf9494364483c9b951854703afe0a269f3
mixed/256	mixed/256/38/plan	chromium/webkit	fallen	native hypot: fallen directions	dd723102852f1f6321b83841f202788a254f1683e8ff619a238ea2c3f8b8b709	15984c0b9436658654904dd6723fcffcabf823499d6eea779a517a1c40946f4b
mixed/256	mixed/256/38/water	chromium/webkit	fallen	native hypot: fallen directions	e0d94633b3be7a71eade483fe2766949e6057a85ab244960fac3edd80a4438b0	a440ff71a0ff3d087091dce633f8e0d2725e9ee22cdb76ab5564d629a696f6ee
mixed/256	mixed/256/39/plan	chromium/webkit	fallen	native hypot: fallen directions	7cf09d19567406dd058466d364e5a2027ab92662a5dfc49cc2b27d5b103d5b87	e73f045897d75af988b93162673ccfdce6b71552056d35cd6741dba04d1aec0d
mixed/256	mixed/256/39/water	chromium/webkit	fallen	native hypot: fallen directions	beeaf9944a7eb5b5ea9c16ba12300e511cad9c97352c9b7d08504c761d2698bf	79ae3694720bbdd6143ac1c6298aea9b618d38616861d36065e1a52f327f48b2
mixed/256	mixed/256/40/plan	chromium/webkit	fallen	native hypot: fallen directions	f010391819eeb426bcc87d0ed1e4e26de1caa8013726e8b478ebad5710da1a45	7cfd06b6c64c28df91c1032e917289fcde531e08e6b2ad7538330bb5e13f677c
mixed/256	mixed/256/40/water	chromium/webkit	fallen	native hypot: fallen directions	77a2be635f5b079a89b1e0a884611d1d764178ab832837b6bfe226e9efc1937b	fae18c74d60c59ee2c5f85452272bb2e8e20b96535b4a07db2a2f763d1032440
mixed/256	mixed/256/41/plan	chromium/webkit	fallen	native hypot: fallen directions	6357f032114b5ee05e3beef4b99f64fe3554b91a696446d6ddd4ee39963922d8	e49a5f0d98f4b3a86b4b2bdb726f0ac20f9f34b5c9c81fcfb868a4d72ba961cf
mixed/256	mixed/256/41/water	chromium/webkit	fallen	native hypot: fallen directions	3c67c050732cb19e842c7147baa58cf123a971167a0151e00506968c96b86ffd	7918c6455ca521229b92e71fe76997f30ef68f309368016357b9beadbd35f722
mixed/256	mixed/256/42/plan	chromium/webkit	fallen	native hypot: fallen directions	3f15ac37da474ed7e0183f069c76c816cbd77561308f4121ce72626c940de135	1312f3df81442bcc273e359554918c3e4a7dfcff092b83b652b60c220a559799
mixed/256	mixed/256/42/water	chromium/webkit	fallen	native hypot: fallen directions	c2a699c672d7e34acf5f2e17a790523af49d5062a6df4443be0ee84b8a3d7bb7	b6160e7820e0eaa73e58229e76b88d913ce6e6996b2f8b31623b693687430508
mixed/256	mixed/256/43/plan	chromium/webkit	fallen	native hypot: fallen directions	b21152ece268322ef1f723a3f01cf2025d298a8fffb5ccebc830ea8b1291dde4	6f207836176cf17cf7350db9bc0bef9ae7e6066df10c383989a1b659bd9bddc5
mixed/256	mixed/256/43/water	chromium/webkit	fallen	native hypot: fallen directions	924c5f06a977063f9c37faa929426b0a0817c33ad83c7f3e7f4d2676e2b380ba	716a4339b030b97fa5193aec829949be67278132aacb6240bb6eb14780fcf41e
mixed/256	mixed/256/44/plan	chromium/webkit	fallen	native hypot: fallen directions	d30a0e0abbb05975e7e28648da6316474e5d13987a3d5fbac856b7922a30a559	8a90d6511ebc6d7833c0dbd4652db44b945a974856ddea3d5b64616c7f52c1c7
mixed/256	mixed/256/44/water	chromium/webkit	fallen	native hypot: fallen directions	14f3df92c557cd868622bbab932b83b1ffeed9a5b0309b00812ef554f57bfa15	f63db262641e0132ca8baacd0348cdcc90090964afe501844c6c8056490ffd10
mixed/256	mixed/256/45/plan	chromium/webkit	fallen	native hypot: fallen directions	44b2d920962763dcdce9fe9aa75c74accc7d3d5cfbcc0bff87665de5204e13b4	cd297abac3b5e9d48fc17b641c9d247367ebb1e5d3686333af0bd5e3179ed3a4
mixed/256	mixed/256/45/water	chromium/webkit	fallen	native hypot: fallen directions	c58d356b63b4027309318dbf43a232a85661a63bb67493cc3223047b8442695d	aae708fc02f57fdcfd32b0921c9dd71a0be40d64abf99e6ae33dfb2f25b4578a
mixed/256	mixed/256/46/plan	chromium/webkit	fallen	native hypot: fallen directions	1749f826d7b3b5a7f4917f9ae48d57df88749d811591cb8ee7fb57b407085319	b39fd84ba9608d0027d3fc0d77e87245fcc2685d5a6aa2017fe7e3a64f55c4c9
mixed/256	mixed/256/46/water	chromium/webkit	fallen	native hypot: fallen directions	24a1fcbb6eff2b71226fd0e2ff76da9ac948d5f838947f480e9404c211b1576b	afdd2d00784acaeae600226790d56fe7b20dc72dd67fb67741c0fd70aa413844
mixed/256	mixed/256/47/plan	chromium/webkit	fallen	native hypot: fallen directions	8dcde9cfe960fb742e4cee73eb476c30a0803b1951c1a3914894685e50f46f07	533d6649967e5dd1499cc45adb16d70bbb024c1cf93b285527521353ca016de0
mixed/256	mixed/256/47/water	chromium/webkit	fallen	native hypot: fallen directions	b7657beb7fd482f38185ab5e7debc0d63d962f7d3a8a60ad308b15d8506cb3bd	153cb7aa28085ca3daaeb33061a84239f64e343976295f0b8e10d74ee392e7b1
mixed/256	mixed/256/48/plan	chromium/webkit	fallen	native hypot: fallen directions	823151375822e9c098be8252793f1d08279e15b45ef7f50c3341cfaf3782725f	27c77200008901fad6b20bebc6e12aa9f6ca5c5eab3e0c59b09e54d8ea25e9c9
mixed/256	mixed/256/48/water	chromium/webkit	fallen	native hypot: fallen directions	f3197cff27632f6b244ab13ce508790507acd2e5cbab4a291dc6b4d163740f5a	26f000e0bac983355e0479e0fcf71e2161e506c31e37e36becce524b153cb7f8
mixed/256	mixed/256/49/plan	chromium/webkit	fallen	native hypot: fallen directions	429f068aeb3bd4882eaf850b216e1eccf76b9c1d98443bd8e9c459fffdb85108	6afdb1c647f5900f5ad1026c4781a00d933db357d32e285a6ad3015a011738ce
mixed/256	mixed/256/49/water	chromium/webkit	fallen	native hypot: fallen directions	9575df8ae6ec2d60b6ed034fbbca65faee08fa6c3a44ee2a666cb74e97877839	187385610f6fbf736c245ac06841b539ff2327e163bcd28c3895661a0412dc1e
mixed/256	mixed/256/50/plan	chromium/webkit	fallen	native hypot: fallen directions	65cb957ac084db98bad936ae2219a5ea3ab2ed6bae2d72fbf55b97289a5f18f7	aef68b19d2745566642ae9f1d215259dcc0f2adb3ae2830b86cfac57a0354926
mixed/256	mixed/256/50/water	chromium/webkit	fallen	native hypot: fallen directions	874e371835535bd3d3e76091175c98f44b5bcb2f717a0990502983d4e57fe111	177cdc18d11eb3696e2685ed4e5856e4b258a9407348b3e6f2646b010aa17c2e
mixed/256	mixed/256/51/plan	chromium/webkit	fallen	native hypot: fallen directions	7736565225e95e5d9df8f3160b669860c23fb7beb0933b791189a4b9f8c26e7f	47ed660aacfbc15b59f65a90014ae2f82d66249fca3f9a610ffcb2c7c3e633f5
mixed/256	mixed/256/51/water	chromium/webkit	fallen	native hypot: fallen directions	e6fea2679f654ccae77cf50c7397bbaf49cec63f7a98cf6455467288f48492a7	8ab36f514ab5043ae0e2c197637c9657375ff5351ea76d1240a6db8ca52f8c56
mixed/256	mixed/256/52/plan	chromium/webkit	fallen	native hypot: fallen directions	2348c37e4c210457d85b399919ffd285ff22d407888a27d8e50ef83b7162b687	c5db9551dde7419d35f151811f3985cc1e4781f31a5c7bbfed2560441eedd36e
mixed/256	mixed/256/52/water	chromium/webkit	fallen	native hypot: fallen directions	dd50973afa5fcb65c2ef2875d65e6e9d27225bf9faa5ee5bad48265c534d5216	5307c214ed42cfda06336d328765017f4654bc95260797d80ff93cf4b0f672be
mixed/256	mixed/256/53/plan	chromium/webkit	fallen	native hypot: fallen directions	5391fd335814a85d06c4d8d780ac84b760e2c4607770f95ded29b4384d38c282	5d8fe3231bfd32f3b775380e6a7dc0e6cb560590aed0363492e109cd30511629
mixed/256	mixed/256/53/water	chromium/webkit	fallen	native hypot: fallen directions	fee4827c97b15abf466fcecef66aa0ae71f108d901d5bb3a50965796baa5308f	f745c0310261b7e3cbdfda0757b414807f81f8cbb7dc592967a3b7269f042ee3
mixed/256	mixed/256/54/plan	chromium/webkit	fallen	native hypot: fallen directions	9fd20a61c226443ebb2f5cb7c6e942b631e295232fb023349b23e440f6d3857e	8b49d7e9a638ac2e39d384f061dcbd7c2ca62f22c4db8a0e7847e48a5e9a7efa
mixed/256	mixed/256/54/water	chromium/webkit	fallen	native hypot: fallen directions	e9a9ea9af8cae95d96eb4204060aa49efdc1ee1ada2dd37ac1b5509f032c8efa	0ab697c18fa6a1e0b098c7b9de0925704af04a88e21073dbd80b6de6a351cdd7
mixed/256	mixed/256/55/plan	chromium/webkit	fallen	native hypot: fallen directions	00a245d8a375a0b7360fe5aff8ee9f2bd6833782da45dea715b8a0ead87beb3f	83cdff982830ea38c2b29862a8690cb41b94190737c4c26b7b1c67fce1fc9a89
mixed/256	mixed/256/55/water	chromium/webkit	fallen	native hypot: fallen directions	eae21cce35788850d9275d7c454decf86eb42b00aa1c68a552eb6562762ca12e	ea4488fac7eaf4ec875d939063958f9f5956c5274d0fbb078d7002d765db4894
mixed/256	mixed/256/56/plan	chromium/webkit	fallen	native hypot: fallen directions	e6c9f7a4d21740227cfb466e12d1619a40f6ee892952b73833b1c117cb9e6515	37e21bfb0a4d3d3d5962e1a72eaa3899e9d4367acc22c4de517ecbebd7e15571
mixed/256	mixed/256/56/water	chromium/webkit	fallen	native hypot: fallen directions	30a439349b4859ce1b194152c8bc60f2f33460e0d9726443a3f2897b014b55c4	e128b2d6a54abb17118f140efa389a0cdc8320eb0177ab9a2dd05c2c5ff735f4
mixed/256	mixed/256/57/plan	chromium/webkit	fallen	native hypot: fallen directions	c4c0ef6abe5c91d0667123d11398ecaee0227cd8c207e8605e0c09c8b5b48276	909e2979bfeeecfaf84067a175c5983a91e6a3885cf6194519263e023efa229d
mixed/256	mixed/256/57/water	chromium/webkit	fallen	native hypot: fallen directions	a1a25fff726faf1dd01be72ef0deb5446cf2a0e5b66de76e677e4af4ba8cd985	6ca2d048a56cfa23f5becf9434efe23577bde9faeadd8eba0acffdc326b1d572
mixed/256	mixed/256/58/plan	chromium/webkit	fallen	native hypot: fallen directions	d168524368d503dcdce6d4716b62f8309c27e3937bca99eab47b4736669ad089	2218872b8f38338820c0717a73bd6d8c27fb73b57d9f0644a9cccdfcdd6a9233
mixed/256	mixed/256/58/water	chromium/webkit	fallen	native hypot: fallen directions	30166dc1ee9dcb6ec40af0b82b21b5ebd8851088864e0787c952e2f60268379b	78c9bc26b90b2b7929e6814766770e7981d9d55741b05e8866f6201296e3b6ad
mixed/256	mixed/256/59/plan	chromium/webkit	fallen	native hypot: fallen directions	f58ee3eaf278a658b2dd5571a620b65da5ccd11dd49735336e2a31006190fffd	8250f66ad124e6d2777b840660ab206da18804565cae0c9ee1e64731e1033480
mixed/256	mixed/256/59/water	chromium/webkit	fallen	native hypot: fallen directions	93e96bd16317d39297d6fb1171e6c70d9ce0d1b9ae3a9cb3fb78676b6e6c9e21	a3d8980325f07c86910287f2c7dfc759b77536c11f3be5f06bc9e8aed654ea37
mixed/256	mixed/256/60/plan	chromium/webkit	fallen	native hypot: fallen directions	0767fbca23fd7ccc898a12eada00568b7e0e1640bad8302cbe74f0aff57e0e8d	82eb0e1d4e58d697d3fdf527a13aafadba7655780ec9f77d41d012e2a3f8e55b
mixed/256	mixed/256/60/water	chromium/webkit	fallen	native hypot: fallen directions	c71c2ae8f90f352dac16ecbea48ef0f12e68ad55afba419170c960168a069437	25f4a305ed59718f8367406b737932e0b7272de881fe915153720c72293f3021
mixed/256	mixed/256/61/plan	chromium/webkit	fallen	native hypot: fallen directions	a9ad337de5490adbd419bc511ec62077fb2bc65cc3827a934286ac61fe2af3f6	a2123721a42cf89ddd06cb58aaae2c409f6e64d75ad96f2768727476748e81b5
mixed/256	mixed/256/61/water	chromium/webkit	fallen	native hypot: fallen directions	5528033fa46b4cb3ef6d60f2958c7bbcbc12c24cb6eb093a52ee645ae5a88fbd	efe2acb3d77f713bf719fed21e44a733e029fa97698ce541f9310c0955caf7ac
mixed/256	mixed/256/62/plan	chromium/webkit	fallen	native hypot: fallen directions	b3d7bc766e8e6253838f3167ee0b98381fae6844119235c4da26747789cea936	ee72c19472b40c09715a9d11cce54a47633063c1c340ec5112969b767a7bfaf4
mixed/256	mixed/256/62/water	chromium/webkit	fallen	native hypot: fallen directions	16d99fe100a5c000233ebf376aa63d9868b3710da9daedf3a563fba01b47ca7d	121d971915f702dc2b1f3bd7e899fb0433cd6b772e224c1679de7d4ab8adb0fa
mixed/256	mixed/256/63/plan	chromium/webkit	fallen	native hypot: fallen directions	a75ad26b29515fac4c89a5ca8d0a4439b01668e9047b55d0a4256da2b23f763f	acca99c3a083b470dda9863304fed9af18e74630e79fa39cabf0cf7f2edc44dd
mixed/256	mixed/256/63/water	chromium/webkit	fallen	native hypot: fallen directions	be2a27a5f1e0ec496da61d88cde2544490bcbd43514d93d76a758afe9649b34c	a5c5d45633da07076a46e20a0db65aadba1fc7039ce64cad26693ef8d25ad891
mixed/256	mixed/256/64/plan	chromium/webkit	fallen	native hypot: fallen directions	2028b6c1dda944ad5613f9fc923124c64f0ef43603b2fc28b5747aa531c27a97	d126b89c4bd83e7ad69195ccaac130b2046cb30aae28619f9f1f7c4e04418f90
mixed/256	mixed/256/64/water	chromium/webkit	fallen	native hypot: fallen directions	63549a34793775e024588641d7d16024706b5e09642e782ac2d86149eca7fb79	32b89495ada26a12304200f1c80bdf476c7585f212e5b1cb7656f964a0a8a13d
mixed/256	mixed/256/65/plan	chromium/webkit	fallen	native hypot: fallen directions	3d1e48f33b11f5bd15f174a39129c3f63af041bd3cbef55cae5e86dbf9cdfa8d	6f5ffd64e1fae1e369e830f1cd30214281f7d6f9279db3fa3eb00943907bd580
mixed/256	mixed/256/65/water	chromium/webkit	fallen	native hypot: fallen directions	271098a85b463ba23b0712461b19c51f77e6aa60fcc6551f9061a1033efdae3a	6088b88b6100be393adaf9dcc6b9ee11f496cc335e8b455ac2a48c7d3c1ced4e
mixed/256	mixed/256/66/plan	chromium/webkit	fallen	native hypot: fallen directions	191312acd9921a4855deb7cee5923e06326755cac0b8dac4968932186c87c5b1	33e51bd9599380ff250d9a9a6f7d8b3760b7bc5d9a77b06f880739ca43455a4c
mixed/256	mixed/256/66/water	chromium/webkit	fallen	native hypot: fallen directions	44886ec50a78c1fb46daf07dca19b291d31d5f572902554ff25eea759af1d79b	e5fac4498a53606446c2e173d820d132a69e1f7209fa3b6b730684717174c0d6
mixed/256	mixed/256/67/plan	chromium/webkit	fallen	native hypot: fallen directions	40514b00a69c9c6c9eb14ad892c3844f8796213a55fc32495f4b6245460c3ed3	198646d03c04c12e9ec74ef4d5c7ba82b68e369123484c508f8db882b72feccb
mixed/256	mixed/256/67/water	chromium/webkit	fallen	native hypot: fallen directions	2e81d13b717dcaab7e0a74f3ea3f8fe00ea46972da96145ccb67f2bc1a7e259f	8a0e393d3756a76b7e72d04cf3cc02bc832f0faff9785fe3b0ffebd94606253b
mixed/256	mixed/256/68/plan	chromium/webkit	fallen	native hypot: fallen directions	0dda6e73d29645e71f58f8d9add1c250be8b0baf75b56d4018facdbbc8f0c90c	3cc1b8d312f5168fe39225f55773e8418e04674fade52dbfc8d4e6f50438ad3f
mixed/256	mixed/256/68/water	chromium/webkit	fallen	native hypot: fallen directions	1ff7762cb19b689f8133a79e582813f977bed4db3af2d0436d8917c2adbb4460	8b0bafa28d43731ed304919b32823214c290715c32263c1fecb377c3c003e62b
mixed/256	mixed/256/69/plan	chromium/webkit	fallen	native hypot: fallen directions	baf2d8553846e3205aef37eb2c026dfd4fa0f8a15564e9d64aae8c5dca09fc91	e88b4b4ae5d4a5bafe7c9c05bcbc52288619c3dad977c522d1b694de9689a47b
mixed/256	mixed/256/69/water	chromium/webkit	fallen	native hypot: fallen directions	fe89b44a1cca2430ae6f345e844d7366cf02ef4690d83795a979763ff94993fd	e4f2530237dbcebbe8df860f9f806bb3e5d918669a2c7d408d09f43e9dcc7fa7
mixed/256	mixed/256/70/plan	chromium/webkit	fallen	native hypot: fallen directions	b48fcf18f5ccb793ea731388311e283c6cd707dde220e1b62eb61068d4f3e4fc	1f99f9b8ebae72ef76163dbdf804e59b80f7551522bd19a185a75477121bfef0
mixed/256	mixed/256/70/water	chromium/webkit	fallen	native hypot: fallen directions	ca6cd1123b7a90c9806d9157deec33d804118cb4e18e07c3019ff89411c1d7f1	de1f673fcfa4c5ef7d983e351a5e87b22593ffb81514e5a698045ca2c34d62d3
mixed/256	mixed/256/71/plan	chromium/webkit	fallen	native hypot: fallen directions	012edb274d472470d54623853340b1749012deb7720be1f14be0c28331ea67da	72a34ab742e811ed61cac2b7a995b3d3b98bfe3fa449a6dd58ea56ce761ad0ed
mixed/256	mixed/256/71/water	chromium/webkit	fallen	native hypot: fallen directions	da24ea44cd7266d81ff01e1efdff7c7bc282847a85500ef168101a560ea19889	d753aa958df557d4481d6c5354091747a57588413a84ebe1af98fbb8701e7ccc
mixed/256	mixed/256/72/plan	chromium/webkit	fallen	native hypot: fallen directions	a31ffc113ec67d9fb8b8536da7abff5511464c561caea7548f41a64c935c3d74	d589139a6266d239b8d44ba7f7d925d78a42ff4df4a461655313cd627192289a
mixed/256	mixed/256/72/water	chromium/webkit	fallen	native hypot: fallen directions	058966ec5e493afacfce835314899fd6304f24638087b0493d98b230a4f20e95	f46fd2c452b459c88665a0bf7acc2481863a8f52a0bb7d3b71c45fd6e83406f6
mixed/256	mixed/256/73/plan	chromium/webkit	fallen	native hypot: fallen directions	df35b2dd7c7456e5e689b48ff0cde9efdeab5495fd11d3ab49d22daff14d0669	7cd33407e394bded83dac424d14e8e9496ee49ca8ce655aa751f01ecf677b4f3
mixed/256	mixed/256/73/water	chromium/webkit	fallen	native hypot: fallen directions	003d4f138019c2b7f7ae99a62d8311ea3200fd4a8a5cfa4723ebc4fb85184cb0	b77615683a9e9503819550d8c9e510303886ad1571e4b59c381fe42f04566a2a
mixed/256	mixed/256/74/plan	chromium/webkit	fallen	native hypot: fallen directions	50476c39e704ef3cb296355a4cfdbfd560932001bd88510464108e2dad30a965	a40bf899777f111c139889050dd0a0fdc7ef6bc984e14dbbe83f73a1b3f813bc
mixed/256	mixed/256/74/water	chromium/webkit	fallen	native hypot: fallen directions	fa036dd616af0b671e1f8dfe017d1c3d813cb808f371a5b4e37f91043562958b	0bf5cbf9e15788cb5e6ed86b4c2baf52ce5aaa6df6aebafa90d4f67aff163104
mixed/256	mixed/256/75/plan	chromium/webkit	fallen	native hypot: fallen directions	992e7d6114d344c86409c29d2c3ac3a930b439bd4eb9b5e41fdd2412ce31db6f	798ee51ef63d46de7c2c2ff78db3fedd6599f513d8a07bb43cd80bd4c843d472
mixed/256	mixed/256/75/water	chromium/webkit	fallen	native hypot: fallen directions	044ebf470a77773657972a71109b0d6c1f9995cfc12e05084a98488c691a94dd	d882f0f02ac2898e2bf7cb9978fda2564e6ab1c1ef50249e4d8ed01404e48a5b
mixed/256	mixed/256/76/plan	chromium/webkit	fallen	native hypot: fallen directions	3c4a1d53057e4ad899a340facba404a9363c474c7b56744642faad35813d631c	69a0b01ce2b8d7de8639a3ec671def5356fb9ee157ffdb4231441d562e5caaab
mixed/256	mixed/256/76/water	chromium/webkit	fallen	native hypot: fallen directions	ac82bbbdd4f3ff189a46484cff633bd8708b5cac08f78a1c8b6e946b0f1612a5	aeb8120cc03f72ab2c263abdf99bdb8a0d9f18703722d85e4321264dfb06afce
mixed/256	mixed/256/77/plan	chromium/webkit	fallen	native hypot: fallen directions	72cfead55978fb49835f46f5946ecb70831b957ed0159f8c7e138fd3b642d20b	3195f09edc15ea4ad25d71efc4c858a549e120343e7301037f2b4edd422a2b4f
mixed/256	mixed/256/77/water	chromium/webkit	fallen	native hypot: fallen directions	1cc3a6077932e134426c1720242f4c9919b41214ca036532559ff24b3f7e1ccc	5defe1f9a0edf0371054245a82640e12ae2aec0deeab9e24a202a6ad09ac5dbe
mixed/256	mixed/256/78/plan	chromium/webkit	fallen	native hypot: fallen directions	d50618297e2fefd0086198e98ccb0e0ebcb52c78870b739bbb102bd4f7362e82	afd90b47774983f103ee42c85542851bf53c09b9d6dfc6935f15aad5697567de
mixed/256	mixed/256/78/water	chromium/webkit	fallen	native hypot: fallen directions	d50ee304977b028cb95eefeaa6b422e930e95d6df447cd4f406b0a7e3a7ab3f6	5df2e6887276852e1e95065ce4946160db76d92c4e3fd1017b70e05e94fce6e1
mixed/256	mixed/256/79/plan	chromium/webkit	fallen	native hypot: fallen directions	9b59b8758719bdc31effbd8805ab1a8156b9f817acd67251c9baff2b82576eb2	1335c0ddd6a3ba0ef553811b44ca6bdf2abcebac4cd55115bcac4273526880b2
mixed/256	mixed/256/79/water	chromium/webkit	fallen	native hypot: fallen directions	d7c8642a8885cca041724f01a45d419d5ce62d99dd9bb1199e863d9798c6e59a	e4e3cfda74f5c946ac4743aad4532e3f171381cff7544565209761727674a8f5
mixed/256	mixed/256/80/plan	chromium/webkit	fallen	native hypot: fallen directions	a2a6532d2e6f3b313ce1f7786d31f0ce4f0071abc5db5ae5e4ac3cf67f4aa35f	cc51516ec749ce0f4b5904f83c93d86d9dd63c57bf55802912a6ec4d090c9e8f
mixed/256	mixed/256/80/water	chromium/webkit	fallen	native hypot: fallen directions	75d3ba158b98cb3f7f71e35c66ab8df1d3be9d84ced60819a902014367bf6ebc	8da64b86980302fc0e08f1b5270ae064525d0091c692dbe41017bbc3de6d1603
mixed/256	mixed/256/81/plan	chromium/webkit	fallen	native hypot: fallen directions	e9a73366241d744d537d187f77052daa726469405c83ffdf4ffa1e5cb5b4d29c	13837f90dbe880f4c557f9d63fd2513b9a8b26523416000fbf98ec545866712a
mixed/256	mixed/256/81/water	chromium/webkit	fallen	native hypot: fallen directions	5473824b7b77c3a6ba7a5d439e27fe4509ac36ccac06d51741da27f597dd6861	40d6964729ed04ce5c7526c8690ae8a6ae616b333bb5cd9f5da3d9d231f5cefa
mixed/256	mixed/256/82/plan	chromium/webkit	fallen	native hypot: fallen directions	50b1d98da7661c63e937d412fea8390411bd33617d1d5240779c50f696a61077	f2c6a37aa5deeaeb040f964edd7dda9bd7e4aaa99db7cfab7c16e489509e36a9
mixed/256	mixed/256/82/water	chromium/webkit	fallen	native hypot: fallen directions	7a55a0a4f8d183053089ffae8dc3cce6dea8ed181bd7087d9930515777d0081e	2c7a0db0616e9da2822cc3022504005a2fa4320e5678734aa3cde6b217f0e143
mixed/256	mixed/256/83/plan	chromium/webkit	fallen	native hypot: fallen directions	578b436bc6445035bdb2a985fe6a0913675b88e15f9fb1a97234bb685f5dfa77	6c0bd3afcec206bf81af99dc033e059b9208f92176b7b394ab5dd23e665fe391
mixed/256	mixed/256/83/water	chromium/webkit	fallen	native hypot: fallen directions	8ceeb3a3618905babd7f13acfa436bf69b0cbe7b5183a6d021de2d02702d2719	42246e7c3d0a4575657962b535245dfed09afda23b3e0b8ec4637e7ef7dbdca6
mixed/256	mixed/256/84/plan	chromium/webkit	fallen	native hypot: fallen directions	f0624ca36c70474c3ac49db0de20b4c256005264e7502304f7b660c28a520813	1ffc0a9211437ae010985a6540fae4f68ff5ad93bd5ce2d6487e8d4bbc2d4d26
mixed/256	mixed/256/84/water	chromium/webkit	fallen	native hypot: fallen directions	8e9a1395fe952375161864997e97a676c45b5b3cff2e7f2d88496533fa11c56d	8d8214993697631d0767ba2ff51304e5fd1650fb4d169040127eeea499c54fcb
mixed/256	mixed/256/85/plan	chromium/webkit	fallen	native hypot: fallen directions	62cb6d87c0c7a67992853adae87dfbe790a6ed902f42a2a3662a3e7e3df0f70a	59d92202511a18a742d5a3f525a545c1c6d170fd1d812954ed87fd5a1cf45f9e
mixed/256	mixed/256/85/water	chromium/webkit	fallen	native hypot: fallen directions	f3199a9d97eca0390d8a8885c60d02fe5e195694f07ca906fb71958ae156ca8c	356bf6627179757ba1ff7e3612191d7d49e3c3b5132b784566387224b2f2e2a1
mixed/256	mixed/256/86/plan	chromium/webkit	fallen	native hypot: fallen directions	d65a9d9d424337e5efeacb8a96fc21656f06868f98d7d6f8d41a65d47c66f97c	c5fc610fe49204feba361cebe6d6c0550393dfa24e382d61a12633d24f6435e8
mixed/256	mixed/256/86/water	chromium/webkit	fallen	native hypot: fallen directions	18d409e11629717a03d545be18cce1ae99dd06c2c483b5b38d11bd41d4d2ee31	84e1b7b3f4e90d205f2b2008e8a01d3c3b053b3f4d5b727cfb1f540eb225ba80
mixed/256	mixed/256/87/plan	chromium/webkit	fallen	native hypot: fallen directions	f68dd08f99e698eb951c55c3f5de95aeb1a2e63bd56b02675746722fb1f3e413	471e7e69cb7624006e9ec055e06008ddf5c431241e92bc2e4ab79b475a759019
mixed/256	mixed/256/87/water	chromium/webkit	fallen	native hypot: fallen directions	1247fdb1b1631121d2558649f7f2ccbce71466eed815ed3598b0a73325611eac	91d4039f2cb1944ccb122399a2c99020be697879c02cddc76f4040ec59738919
mixed/256	mixed/256/88/plan	chromium/webkit	fallen	native hypot: fallen directions	9661189ee406a2a9aee68cd1ab3402bf67c828cafdec1a4a80bed57b70107735	956325c9002dab3cc7f85b304fd5395a21dd679c875c6479014c7fc8d548b813
mixed/256	mixed/256/88/water	chromium/webkit	fallen	native hypot: fallen directions	0f55430f6dc216cb040a2ad3b68ad4ff76c37319e45f863ab73f03d70da87ff3	3c149f4b3f49491c051c87556a5764a9eaf396749dd97eec2e6734ea8793e320
mixed/256	mixed/256/89/plan	chromium/webkit	fallen	native hypot: fallen directions	7a9cd55af9ee54e758fe4165ca467fb5c49f2a51e4b22585833dc1dcbf7687d1	32b4971dceb32ed69d584e669965d931c5fb2aa691af7ada8ad9715d31c13483
mixed/256	mixed/256/89/water	chromium/webkit	fallen	native hypot: fallen directions	867d6b2dc73f5240ce29d3cbd047cc1cbc0987969a5c2ac32958c28cf4df2a31	3fbc6f7f3ed065b758084bcd67ed54e163f4c76004f0d91f1d3d703fc1598521
mixed/256	mixed/256/90/plan	chromium/webkit	fallen	native hypot: fallen directions	c19d5e72f61cf60423bb98411bbd10724293dea6b5810ddb3078567f09027adc	03b2483be2e65d26f51e5c9ad80c900a7754eb0033fba9309de3a1dc913342ba
mixed/256	mixed/256/90/water	chromium/webkit	fallen	native hypot: fallen directions	61ae5dba8ee099fbc1bcc3ebaa0e8ef09340a083f74953fb7489084bd1ad40bc	f24147487187b5e8c953dcc338047eefd061cc762018451b2bbe5d2a7976f3a6
mixed/256	mixed/256/91/plan	chromium/webkit	fallen	native hypot: fallen directions	38dff14e993b215462b3c4a6d7d7087d377c299860fa0b25ec93bc266e833a37	672c3ae37e9a7fa0860dc5cab507d686354cd0d65a94b5b0c7f97ff4b26c54f2
mixed/256	mixed/256/91/water	chromium/webkit	fallen	native hypot: fallen directions	873d5bf24544f3f66d307c5ce90153c4f0042ae94b335613191c69cfe936d9d6	73ce5552fd957b3f56674b56d5fc586aec7ab2ba7a48c0b739c1fff5b324d5f7
mixed/256	mixed/256/92/plan	chromium/webkit	fallen	native hypot: fallen directions	f00a5e2a3af38b8826806ddb84baa5f097289143470c5d75081c123bfc3e17e8	facabea63aceed570f57aa513ec8057aa6b32e517fc302a78407590ad512efe6
mixed/256	mixed/256/92/water	chromium/webkit	fallen	native hypot: fallen directions	7ce9db49be9fc4c1d580603ac3c5174c37bcbcb849f77429301023dcd2e85ee9	4d1c11930e7324fdda649c1bf72c3d93aa438a9960231a329e10849165f572b7
mixed/256	mixed/256/93/plan	chromium/webkit	fallen	native hypot: fallen directions	d48b7450f7afa1cf8ce2846b638a603eb5818e983a3c2b086b21721927eab8da	721f7939ada54bee80530a8d59e9da03cf375ae98a313be80942213b0757ca15
mixed/256	mixed/256/93/water	chromium/webkit	fallen	native hypot: fallen directions	b00593e5365dda95c779fd2a3ad876f8cb249e4e7dd798862673ed4bc880f0f7	bc965c8c9d349bbce27ddf13b6ea1b5faaa2ed44b9951a4aaa879bf545ed6a78
mixed/256	mixed/256/94/plan	chromium/webkit	fallen	native hypot: fallen directions	b352251ddea1d52ad2e287d3cd11db835eaf0f9a8fc641220f68dbdd056f4b62	dbe962d822e68b0bf354d127e2faa8a6d703af7aa2a88e737e0e0812e8d78630
mixed/256	mixed/256/94/water	chromium/webkit	fallen	native hypot: fallen directions	27dabc3ad7ef2e2ac8531fdbf3fcd01c07a5c39fa9ef27eafc8af4a7fc901e2f	f856e246c6a1a9ebf541b42414218947d0df0d59cb3cf2c6941b7840e53063bc
mixed/256	mixed/256/95/plan	chromium/webkit	fallen	native hypot: fallen directions	2216e1b5f6d3c7b94da6efa502e8593e6bb469c459d0064d4df4c9f881158c32	b50a05095ec8d537aaea21a10520e2b54c5882b421ae61898d22eee49ce8376f
mixed/256	mixed/256/95/water	chromium/webkit	fallen	native hypot: fallen directions	5afe9377985df38d703689375fe1bd28200d6ca3bb9d555ed570b94349f5c3b1	396e29864ef9e79167e3478189355e3dbdc49d006ab0e3e0f157f0137f64dc89
mixed/256	mixed/256/96/plan	chromium/webkit	fallen	native hypot: fallen directions	78d426998e98607c31b492585a3fa3f86e171a6aa7d416fba582d8b89d9eb617	49ff5cdf4c8e42fb745b850515f73e3a0c25a38407d065968d96d71c2e16d051
mixed/256	mixed/256/96/water	chromium/webkit	fallen	native hypot: fallen directions	51bb5ad302f1bb08600b4f04491a30ee8be3bd2ddf12a314a25b99ad7c37f206	2d9adafae4abd512a78ee696dfd3f0d84a92f0826a175476ef40f05c5fac06c0
mixed/256	mixed/256/97/plan	chromium/webkit	fallen	native hypot: fallen directions	6bcf4abbbac3c2ae7e8382e1ae271c3f99ae3935a7889785b98c6403a44ec46e	8cf9c467402f4a1ca1cf7cf3bcdb697651383b3feeeceaad04b9989b52f8ad20
mixed/256	mixed/256/97/water	chromium/webkit	fallen	native hypot: fallen directions	8263df358f11d402f96e5da80f10f79363106b762c258ef50f05231a03cd7d0e	b797ae3dd1fe417449e522e5bdd192c2ba06249eee4ce89c62b58d6c4ef2069e
mixed/256	mixed/256/98/plan	chromium/webkit	fallen	native hypot: fallen directions	5a4fba332f7104150679c9e0e72dd9fc8d9194fa48db1947d24fdabe4ef87371	a3470e3ee67d376f9cc8a995334c052f44f6a3024f0c6b0a3d4fd792f14bd68e
mixed/256	mixed/256/98/water	chromium/webkit	fallen	native hypot: fallen directions	af39053453fb819f554e426456d06c4f13b733091e5150cd981eae91aadb7383	4d31dadb058fab3536ff76bbfc52717e59df2a24d55bbe0a7c2af3210e9c2f89
mixed/256	mixed/256/99/plan	chromium/webkit	fallen	native hypot: fallen directions	ae465c9345e98a55d08ff5c0a06ef16e23b540fe5b989e73e22e423236683736	1a164daeb0c67253bf5253af797806c66409780331731c6dbbc5a88652bcb701
mixed/256	mixed/256/99/water	chromium/webkit	fallen	native hypot: fallen directions	a47fe83a89d97cff0c83af8fe58c0180d3e6d5f6e53724f41f9779e950537e1f	de18fffffaf9d9d49b6bdc9cec3a62faef57941f62679b7a626acdaf51cda9cf
mixed/256	mixed/256/100/plan	chromium/webkit	fallen	native hypot: fallen directions	2fc1e2f2afbb55e6217a562c049b5d1cbfc7527ecf8c1a95062c247c7d1e0305	353bc6ad36836e8904283a7008de4e798dfd58dd1b8ef2f843252d59a9871472
mixed/256	mixed/256/100/water	chromium/webkit	fallen	native hypot: fallen directions	95b2812640dfb7b1fb03bcf5a75ba6e0b8639974b7094079e5b83aca04b16f0f	e8100b5a19ebcc691a5747b835894beede14de4ddd2afaa62622164f8a04b5d2
mixed/256	mixed/256/101/plan	chromium/webkit	fallen	native hypot: fallen directions	651c2a1bdae4b30e73828a63badaa5e10da9f8c1e6f9438d2ccdd1233f942218	57b5f779a6a60f23670bd6261b44d551e0109fb90e8b3175ecec9f3ce7588a48
mixed/256	mixed/256/101/water	chromium/webkit	fallen	native hypot: fallen directions	9878f131d86402b2cb4292b511e5aeb822390238250991319469a4c9bbef1a1f	683586091f9da7988153f9c02597f468488b9a87f8b95d28e9951cc08815109d
mixed/256	mixed/256/102/plan	chromium/webkit	fallen	native hypot: fallen directions	83f3c02bfd0e1bd7d1fd9b9d596ecfdcd1c0787129919c2278af8c1f95984790	0c2a8b29952fb737f3b4c0768f4ae74b8fdd9584fd5d44576a3998d3f3c60521
mixed/256	mixed/256/102/water	chromium/webkit	fallen	native hypot: fallen directions	e3e48040e3e352b7d66e15738959659c7c62913c54b61f9f0a208495f1f2496e	53a147041da45813abad87496cb657776a94392cff547c43437783d96061cf61
mixed/256	mixed/256/103/plan	chromium/webkit	fallen	native hypot: fallen directions	1d2911ec8ac5776a7cb9cf3a859a8c890a55aa7fea8f4828966b3ca6f3e2fd55	2edf0d1174ee2b43cee79f4417b840be749dafb5ee5b93ee29c9a267daccfa05
mixed/256	mixed/256/103/water	chromium/webkit	fallen	native hypot: fallen directions	825305db4e3e7fef48abe697bb46df8b7a77d26fcc769252b44159844cc4a35c	8d9af7c4d0fcac2621dc834be663280bc1f87d563f383ee72b9c63dcad563432
mixed/256	mixed/256/104/plan	chromium/webkit	fallen	native hypot: fallen directions	1d847a96d503c968a64efad4076d525fcf63b2147028c4273719c72f2dcb8925	0255cd018b51fa7f119c23dee547067828cc9ac203c0013f0638bbb23085ee90
mixed/256	mixed/256/104/water	chromium/webkit	fallen	native hypot: fallen directions	f1fdfcbf8f6933d35bade920d79283d0241eb1863824fe6a110bfefd4948a22e	00a223182cfc869a550dd4bb677de19f9f29045c465ed5e95b6283b80331834a
mixed/256	mixed/256/105/plan	chromium/webkit	fallen	native hypot: fallen directions	d5db0eb9ad1bf672538b4111897adbc6254dc4d26d9927b43148d5377d6a5a71	a9324214a427c44ad4d44f4ba21e7935759beac4502a35ab3579904bb9359df2
mixed/256	mixed/256/105/water	chromium/webkit	fallen	native hypot: fallen directions	a079d25596c1efa7b3b46e3f46bba8863d55b5310238e3365c0e38d4470c643e	1c2715ded0c217df9b8ac3a634b68410f28b10048615cd284a004728efbe0504
mixed/256	mixed/256/106/plan	chromium/webkit	fallen	native hypot: fallen directions	1d05c28b0027f2f943679653d3328c46fd21dd0183157c880007ff49bac750f4	89ea24089134831ce97c6f3756d23660ca8a1b71de1a26d12c9bdc97a7e4f27a
mixed/256	mixed/256/106/water	chromium/webkit	fallen	native hypot: fallen directions	0267f01dc4832335b13bac3abbd3cbf5354ed116c93616050c67c563b21c533b	5917127cab82f906856f863f5fff555caeadbace93399476b07ee101b4a8e059
mixed/256	mixed/256/107/plan	chromium/webkit	fallen	native hypot: fallen directions	96a02edc46ca0cd0ded2d4b0b3ad35cb20734e6aab38c365c4aaadc2a5b0f1fa	33acd4fde7e125417954e78286b69899f609ebf266bca167c6b98e4a38b37706
mixed/256	mixed/256/107/water	chromium/webkit	fallen	native hypot: fallen directions	ad38ca32c24fc2690eb2a88f8fbb7022eb06e42830af76be6bc2b070bebf3f0e	f339d7a43a1f0b211ea889bdf156da22872577a8a594e5464d78833b7468a2b2
mixed/256	mixed/256/108/plan	chromium/webkit	fallen	native hypot: fallen directions	806c3ab8f1b8bd9bcc5de6ac5be8c1e03ccb6cead6102d5c8f48d259aaf42115	f7a18b889dc8355ac3132c4d1821dde16e36f3ffe0b338c959ddc8e9002a1df7
mixed/256	mixed/256/108/water	chromium/webkit	fallen	native hypot: fallen directions	21765e74d797417845c4c0fccb92179cd78fa4958b44ac4299f857475b872ec1	13a8ef4513d93ba98819bfe19e2ad26ce5725ca95145508cbf9fc14ebf02f18a
mixed/256	mixed/256/109/plan	chromium/webkit	fallen	native hypot: fallen directions	12242685e069d63bad384e65d624edc8562a0e5287f09b9d2c52972a8571a229	a0b369b206ac01322fee302aa73332e284c7a60b064ce278fd9b05acddb3dd0f
mixed/256	mixed/256/109/water	chromium/webkit	fallen	native hypot: fallen directions	45ddb06a7c95e0c272dee8c76f8ee546a018162de63228488cde8f590058df3d	2c4f21477972e8359edbc73ea516e4c59d4b97f3bba47758c1eeb114c8285629
mixed/256	mixed/256/110/plan	chromium/webkit	fallen	native hypot: fallen directions	60aafb7665fc0570764ae1046a1a71bdc96a2b387fe6fa306d3d4f8988161867	5bc2bed76d3ceb991e65fd33c39620d49973e1a74af14dd1bbd385867867cafc
mixed/256	mixed/256/110/water	chromium/webkit	fallen	native hypot: fallen directions	0b8810c4d332a541b77be2857b3aaec2411092edd7ec3eeb36b108b8d4bcd1fd	936a37a340d45d512d7a0dd54f0663e36a64488626e7636ee48d47b02bab79a7
mixed/256	mixed/256/111/plan	chromium/webkit	fallen	native hypot: fallen directions	5086880895859061cf93d2b6b2a7eef356860e8313bc4614a39aa1e3207bc82c	da013b3b5dbc3d7d17410da9206c8417928dac77715ddb19aebf2e5e008d7af9
mixed/256	mixed/256/111/water	chromium/webkit	fallen	native hypot: fallen directions	92d7fcc745bfea6deb30a50d57cd43c9722a7a6c609c12d710756545d72132a4	09676e10d7bbce9352d5f43afa2b18776450d47fb53d6b67f15f6575c83b1c2d
mixed/256	mixed/256/112/plan	chromium/webkit	fallen	native hypot: fallen directions	1f8fcb68e4778aaf26d639e8dc1d0eb17f040469c125ddd2a6412f4edf4edef8	d81620ee4aa2c260e644475f6f6b6d6031ce635da9296ca07b74724f15fe5f8a
mixed/256	mixed/256/112/water	chromium/webkit	fallen	native hypot: fallen directions	bb8467d6d26eea6b71cf20a72b83a611c0f8c5612fdeacb891dc1b3ccd967a6c	bfef65d887f2acbb0d897d282050b5838931f51b09bd49e8fc2135164e204d56
mixed/256	mixed/256/113/plan	chromium/webkit	fallen	native hypot: fallen directions	b5dfca14b0302037c67a0176dc6dee5f76af0e709902c8b0243eedeb5239be17	b493a46bfc3d3ba7742b05233abb738919a2aad8c798876df58329287088e029
mixed/256	mixed/256/113/water	chromium/webkit	fallen	native hypot: fallen directions	294f2370aa9374355c02b6acd71e4f9044b820714c63e97581e560b7cf027725	4fca3279719da0691728c7d72e2b2990b24499f8ad8dde019eb483e7cf14118b
mixed/256	mixed/256/114/plan	chromium/webkit	fallen	native hypot: fallen directions	85bcc03237577e16a35d37a68d97e58cc7f8081ddbcc4cf60641e70f426b84ce	e9169da900bdd7ea859eeb676c5d229cd13d236aff4434a4024a745e11b4b48f
mixed/256	mixed/256/114/water	chromium/webkit	fallen	native hypot: fallen directions	3adffdd5edabb5931354da2bbcbfbbf976ba350461a0da64aafd3a961c76b45d	1b8ccc481f6d56cc6089e921f23cc3b0bedb157af9c02c9605a2e9ca88ad553f
mixed/256	mixed/256/115/plan	chromium/webkit	fallen	native hypot: fallen directions	8ad80f27529b98eb8c29dd2e3d5382a9803403e25c4907520c17ffef70c8cf4d	163f2c5dfbca7962dcc67cdf052d2d9b432252e7f8ef94d76d3e79cd185113be
mixed/256	mixed/256/115/water	chromium/webkit	fallen	native hypot: fallen directions	044d06e2a99363503376958c6e1919314b91e2465e819c4e474c0857eed13ee1	0e390fcc41ea013eb67ca756ab630ee0398458131985dfc56e2877a99fb1d5e6
mixed/256	mixed/256/116/plan	chromium/webkit	fallen	native hypot: fallen directions	a699923d21c1aaaffa629e454d3924e7f6cb8be6fefeb0294cb4cea94ac73a76	546bd857496108cb83260f4bc9341948db5ffbaed65fd12509e7ec35801f35dc
mixed/256	mixed/256/116/water	chromium/webkit	fallen	native hypot: fallen directions	5c9242008a44460f77de8de9afba358da3851714cc6209caa4b24cd637eb6d14	fabaaba8d43c89624694e9e8e0c0acb10bae7bc9ebd4b0a9fea3339d9e2b184d
mixed/256	mixed/256/117/plan	chromium/webkit	fallen	native hypot: fallen directions	03b4ea5d4a8c3210d208d41f4d65320ef95304286605c78e5b937605170d166d	b7deeacf6f869e12ba788084393b94753537dc48c0a1b94ce2d9588f9534dac3
mixed/256	mixed/256/117/water	chromium/webkit	fallen	native hypot: fallen directions	2b1bc4600df17d0d21a6adb0d1989f52405afa747b5a3a6546d2aa39e67fa783	c99fed3253aab7ac7415c40abb97d1882f07196375e54711780561fff741dac9
mixed/256	mixed/256/118/plan	chromium/webkit	fallen	native hypot: fallen directions	2ddf4526150b29663add61682af7d4b6adee695ad6033d662a706cd5c7bb8b54	1b93ef66fabe1e120095f4812a8ae8338aa306e0ae8c78a20acef3430b4a35d0
mixed/256	mixed/256/118/water	chromium/webkit	fallen	native hypot: fallen directions	f260b3faade102c4c477157a51766eb580e9ab87d01a623da7e7d99d2c0f52a6	36e1228471d2b1eb79ca9b196052bfdb5acb6e84e8a224cf4a9247da9bd591b2
mixed/256	mixed/256/119/plan	chromium/webkit	fallen	native hypot: fallen directions	8304f3f0bc1bb0bd91e22c0f348db92db26978ddc98c0e1eccbca618ecae3d87	cc454261c8ec0bc434aef589dc6673de102d35ad1fa3fa33b582e71951a3c6d1
mixed/256	mixed/256/119/water	chromium/webkit	fallen	native hypot: fallen directions	40e17e7fdb40c2cb76c5c51d09f82a8b98461479cd833f32a501fcf69ddcd990	a60f96b1f242dacb47e22eeef70b494520aba4f2b088d32f76b5a95fa5b82f8d
weather/128	weather/128/21	chromium/webkit	contamination,record	native exp: forcing/contamination	0b5e2d3254675aed22a1fa1127c14829fbcc524bc08135b4e16305dcbc49192d	e2ec39c90fe0787908d63115788b0da1e1b84ccc9fa2807afb1b6c0b6029547e
weather/128	weather/128/22	chromium/webkit	contamination	native exp: forcing/contamination	6e3d4964d13415176d69453449b8acbb20a1f05618a1516732a8aa64a70d999c	b76737ae279606e6c0d049906febec284b13a258ececcb33afc8184152c20d05
weather/128	weather/128/23	chromium/webkit	contamination	native exp: forcing/contamination	e38d62af1523297e71c1487a989a18eed0b2ded72ea86b2f4ee5308895931c37	ee6aa118d78849d71681dad61aac96b395c3af9377a76f2e1c9cab2d6b51f95f
weather/128	weather/128/24	chromium/webkit	contamination	native exp: forcing/contamination	0c1bf1cfa2b9719c8ac47934b058228c3c0a500950681024ab610bd17fbe1f17	86df3692b6572a6016e7e2b87baf6577ea000715f606dc34bda6a46166562a26
weather/128	weather/128/25	chromium/webkit	contamination	native exp: forcing/contamination	87120213fbe2ee08ecee009c994af0a9ea1eb2c07a859160a3ce65efdbb80935	b40665af8db15d4523bc6376ac1bf6113bbcb4d90e93e8da44adee90a993f4ce
weather/128	weather/128/26	chromium/webkit	contamination	native exp: forcing/contamination	8321fac7014feed69f9da280bcfb1a55823dc5d763f233d6e43646dde49d70ab	7619ea5dc870e82e0f1491b7b854d359f05f0ebff78f120f5a7c7edf75443b70
weather/128	weather/128/27	chromium/webkit	contamination	native exp: forcing/contamination	e41c8998c82e093872da19fdcb36b2269b05ed3bfe6363ea243d64590b1d8907	62e1a8d19e009838049773499019c5ba4bc151c9c942ba687b5b24509e429589
weather/128	weather/128/28	chromium/webkit	contamination	native exp: forcing/contamination	64df67f8ed837882632455eed3d2dafc0020110c382ca74a0006b53fdf3d961c	a8bddab1b006382a1c2c5c94e3e45760743708cc0fa2d03f69892a29779f9eef
weather/256	weather/256/21	chromium/webkit	contamination,record	native exp: forcing/contamination	b291f7bb4cb62753f10bb19961ce05a4d832932da3a88fe26244f2d5f5be8b40	c4d8212d86a99196d42260cbd2ca9f008d96e1bddce8d296eae53a8b682f0a28
weather/256	weather/256/22	chromium/webkit	contamination	native exp: forcing/contamination	4e7b9c85c80b140c0498dabb9d9d6df3aff77adacd239ecc63cc2e31a82afde3	61cd5790a21debd98c1460ebdb0ceb5bcf5801a7793eb5a6e986777a522dd061
weather/256	weather/256/23	chromium/webkit	contamination	native exp: forcing/contamination	51904a324bfe67ff3c7bda572395ed37a786253294d4c5b1bd05770b22adbb12	127601842e77792082fe6f577610a81ced0185828c81ee6a30253cab60e0e8e6
weather/256	weather/256/24	chromium/webkit	contamination	native exp: forcing/contamination	ad96bd19b77627af9e81f9006b722185c4c06e694f6727d39b9bbc3f2608ef08	0418f5c7f8d7496169eaec8b72a1b657768388fe431da4a2bb17c2423d2e62ca
weather/256	weather/256/25	chromium/webkit	contamination	native exp: forcing/contamination	4da36caf56717f12ba41c709f68f2f83b60bf34566179b62777305a9abd154e9	66f41d2550771696b2a3a6f8221e2c15bf13fc2246388b23fe75d2d61c6e83b1
weather/256	weather/256/26	chromium/webkit	contamination	native exp: forcing/contamination	88d539f165522bb92904b2bcc2bcc33d874e36e20a86c94c6784a8d0a327d85d	a6c13f1bc92e5cddc596a2f539861ce042cb35f17e1f2c203127aceef92fa1dd
weather/256	weather/256/27	chromium/webkit	contamination	native exp: forcing/contamination	c20248e4d8c61a95d04a1e9557af4bcaea847d9992124da30bc107995f4ab1c9	ef2f17f90f0b87d72a945beadd2b3381d0ac12e9c97672d5677d4d1d70d7f436
weather/256	weather/256/28	chromium/webkit	contamination	native exp: forcing/contamination	566e09c9520d5ab087837284eb62f6f9fe963e422857d766a52a8da199fb6f8a	44d99bb82b9d55ecedc61e23cba404c44c327dda06da54869a7ef3fad2c55adb
weather/256	weather/256/29	chromium/webkit	contamination	native exp: forcing/contamination	b48b2ee5c9ab8194f0e08f7d8189e06ada2ca5c14db3c1df0d7f6f6a54d4a01c	b620e228fa38175586b2b2863d6a1fe22b33f89c9b6dd410fe3c169a619fff6a
weather/256	weather/256/30	chromium/webkit	contamination	native exp: forcing/contamination	dfaec1bb019b5dae4a3e97c908ae366296c6bccefec9029149a6b7ccca6af62b	15bfa756224390354810d5292c29e9472dcfc0eece1fd1eebf33bf75528d3f78
weather/256	weather/256/31	chromium/webkit	contamination	native exp: forcing/contamination	5fe774fc30fbb6c23e540a78b7bf30fd4c0fbee79f72db7ffa445e18c66abe2d	814109d080a973678ccfe95bc23b523af3956d053ef44cc5af287454a41a8845
weather/256	weather/256/32	chromium/webkit	contamination	native exp: forcing/contamination	4da25ec90e372fe729b846f9ec8c7c346a0f29fb4ddc76b7f6ec506059b53337	9104a0b2bc9d45b275d7c9ca2371700529f0ee88418cc4378acfbefd1a88a1bf
weather/256	weather/256/33	chromium/webkit	contamination	native exp: forcing/contamination	affab2473b25287b5065f8f096efefb6d5f46099925eee5ab5b7ac06859fcb03	3274f78d72e3618b6f4a3e5c0fdf698f77d00e2e5a7243eda26e95367434272c
weather/256	weather/256/34	chromium/webkit	contamination	native exp: forcing/contamination	14cb0291c2f4e2d6e7ef6712876003813630b2b309dba88221530b7882292b5d	5b501e46f3f293f87105575abaeeb7d76dfcc489c3cc75392d943b8db2c950ed
weather/256	weather/256/35	chromium/webkit	contamination	native exp: forcing/contamination	d9601ffbb2efc7314bfb4afb57d6b0c54b663fd09577e96944bf234d5296e7f2	7a8ac2a861cb0cb9f135c3a8689dc8e86bc38ac799c110fc87d3733475a34982
weather/256	weather/256/36	chromium/webkit	contamination	native exp: forcing/contamination	f3e74f41172412adcf993760d5c69d2fd2851c22502b7ce41d31183f1025e601	b227c95e858def064cd5bef7260fca74524132a27b40135b7407c42ae9aee17d
weather/256	weather/256/37	chromium/webkit	contamination	native exp: forcing/contamination	59753f8fc72fb84372a6552064ee6f459508fdecd27a66f67f2604064b3f7270	b7d5624bc212e5742acea9d434c42034c7787fecf2b8ef5e4ce7163c1369c819
scheduling/256	scheduling/256/fast	chromium/firefox	fallen	native hypot: fallen directions	69deff3597209ddb62b474758fb77db3b98549720adb8bad79e714a856b9efc7	ff8fcee3c3f22d70c9211af655fadea98da1970c22aff2c73c583a5b46638891
scheduling/256	scheduling/256/slow	chromium/firefox	fallen	native hypot: fallen directions	ea0f8ac8cf952f6ea775453d26d7cde5ac0552143656c3bdfe0808412947972e	7ddc14b5fa933e164d4b105969c7f027a13a1d7622b5f86e2bb10c4916871d43
scheduling/256	scheduling/256/fast	chromium/webkit	fallen	native hypot: fallen directions	69deff3597209ddb62b474758fb77db3b98549720adb8bad79e714a856b9efc7	ff8fcee3c3f22d70c9211af655fadea98da1970c22aff2c73c583a5b46638891
scheduling/256	scheduling/256/slow	chromium/webkit	fallen	native hypot: fallen directions	ea0f8ac8cf952f6ea775453d26d7cde5ac0552143656c3bdfe0808412947972e	7ddc14b5fa933e164d4b105969c7f027a13a1d7622b5f86e2bb10c4916871d43
