"phase","size","repeat","scope","page_heap_bytes","page_backing_bytes","worker_heaps_and_backing","sampled_peaks","session_array_bytes","string_characters","snapshots","history","geometry_bytes","OS_browser_peak_working_set","OS_browser_last_working_set","samples","max_sample_gap_ms"
"after","512x512","1","open","10510268","43404555","[{""name"":""checks.worker--6toVcK3.js"",""heap"":24840108,""backing"":22119649},{""name"":""generator.worker-DTkTSr0h.js"",""heap"":29333512,""backing"":45944606}]","","19530614","10723890","1","0","3328408","","","",""
"after","512x512","1","end","16393580","134821442","[{""name"":""checks.worker--6toVcK3.js"",""heap"":27917268,""backing"":147308533},{""name"":""generator.worker-DTkTSr0h.js"",""heap"":40383208,""backing"":77613022}]","","42861430","10730054","1","1","4572260","","","",""
"after","512x512","1","OS-own-browser","","","","","","","","","","1653460992","1296584704","87",""
"after","512x512","2","open","13472508","43404645","[{""name"":""checks.worker--6toVcK3.js"",""heap"":24839912,""backing"":22119649},{""name"":""generator.worker-DTkTSr0h.js"",""heap"":29717292,""backing"":45944606}]","","19530614","10723890","1","0","3328408","","","",""
"after","512x512","2","end","17352176","134628448","[{""name"":""checks.worker--6toVcK3.js"",""heap"":27968240,""backing"":147308533},{""name"":""generator.worker-DTkTSr0h.js"",""heap"":40778628,""backing"":77613022}]","","42861430","10730054","1","1","4572260","","","",""
"after","512x512","2","OS-own-browser","","","","","","","","","","1813102592","1309564928","90",""
"after","512x512","3","open","10480368","43404617","[{""name"":""checks.worker--6toVcK3.js"",""heap"":24839332,""backing"":22119649},{""name"":""generator.worker-DTkTSr0h.js"",""heap"":29437680,""backing"":45944606}]","","19530614","10723890","1","0","3328408","","","",""
"after","512x512","3","end","16489576","134628455","[{""name"":""checks.worker--6toVcK3.js"",""heap"":27971352,""backing"":147308533},{""name"":""generator.worker-DTkTSr0h.js"",""heap"":40615144,""backing"":77613022}]","","42861430","10730054","1","1","4572260","","","",""
"after","512x512","3","OS-own-browser","","","","","","","","","","1772818432","1333084160","96",""
"after","128x128","1","open","8189916","5019246","[{""name"":""generator.worker-DTkTSr0h.js"",""heap"":7587020,""backing"":7270176},{""name"":""checks.worker--6toVcK3.js"",""heap"":3039268,""backing"":1955241}]","","1276270","792087","1","0","770512","","","",""
"after","128x128","1","end","14115576","31591153","[{""name"":""generator.worker-DTkTSr0h.js"",""heap"":11351568,""backing"":9212426},{""name"":""checks.worker--6toVcK3.js"",""heap"":4855952,""backing"":9819969}]","","2734446","793637","1","1","1923776","","","",""
"after","128x128","1","OS-own-browser","","","","","","","","","","894390272","698593280","29",""
"after","128x128","2","open","8257416","5019308","[{""name"":""checks.worker--6toVcK3.js"",""heap"":3039168,""backing"":1955241},{""name"":""generator.worker-DTkTSr0h.js"",""heap"":7587888,""backing"":7270176}]","","1276270","792087","1","0","770512","","","",""
"after","128x128","2","end","12670832","32186559","[{""name"":""checks.worker--6toVcK3.js"",""heap"":4851436,""backing"":9819969},{""name"":""generator.worker-DTkTSr0h.js"",""heap"":11300072,""backing"":9212426}]","","2734446","793637","1","1","1926244","","","",""
"after","128x128","2","OS-own-browser","","","","","","","","","","884662272","884662272","27",""
"after","128x128","3","open","8254944","5019308","[{""name"":""generator.worker-DTkTSr0h.js"",""heap"":7591364,""backing"":7270176},{""name"":""checks.worker--6toVcK3.js"",""heap"":3039088,""backing"":1955241}]","","1276270","792087","1","0","770512","","","",""
"after","128x128","3","end","12203384","31499815","[{""name"":""generator.worker-DTkTSr0h.js"",""heap"":11286080,""backing"":9212426},{""name"":""checks.worker--6toVcK3.js"",""heap"":4939960,""backing"":9819969}]","","2734446","793637","1","1","1926244","","","",""
"after","128x128","3","OS-own-browser","","","","","","","","","","882270208","864481280","27",""
"after","256x256","1","open","8829760","12842422","[{""name"":""checks.worker--6toVcK3.js"",""heap"":7453516,""backing"":5990099},{""name"":""generator.worker-DTkTSr0h.js"",""heap"":11949020,""backing"":15040025}]","","4942136","2823807","1","0","1413748","","","",""
"after","256x256","1","end","13392524","63800941","[{""name"":""checks.worker--6toVcK3.js"",""heap"":9565616,""backing"":34959951},{""name"":""generator.worker-DTkTSr0h.js"",""heap"":17050248,""backing"":22907573}]","","10774840","2826898","1","1","3913360","","","",""
"after","256x256","1","OS-own-browser","","","","","","","","","","1117892608","1045848064","37",""
"after","256x256","2","open","8835084","12842422","[{""name"":""generator.worker-DTkTSr0h.js"",""heap"":11912808,""backing"":15040025},{""name"":""checks.worker--6toVcK3.js"",""heap"":7453828,""backing"":5990099}]","","4942136","2823807","1","0","1413748","","","",""
"after","256x256","2","end","13411660","63800932","[{""name"":""generator.worker-DTkTSr0h.js"",""heap"":17015288,""backing"":22907573},{""name"":""checks.worker--6toVcK3.js"",""heap"":9541452,""backing"":34959951}]","","10774840","2826898","1","1","3913360","","","",""
"after","256x256","2","OS-own-browser","","","","","","","","","","1095839744","1030680576","37",""
"after","256x256","3","open","8821872","12842422","[{""name"":""generator.worker-DTkTSr0h.js"",""heap"":11895180,""backing"":15040025},{""name"":""checks.worker--6toVcK3.js"",""heap"":7453820,""backing"":5990099}]","","4942136","2823807","1","0","1413748","","","",""
"after","256x256","3","end","13420000","63800932","[{""name"":""generator.worker-DTkTSr0h.js"",""heap"":17010636,""backing"":22907573},{""name"":""checks.worker--6toVcK3.js"",""heap"":9692292,""backing"":34959951}]","","10774840","2826898","1","1","3913360","","","",""
"after","256x256","3","OS-own-browser","","","","","","","","","","1114464256","964526080","37",""
"after","128x512","1","open","8889020","13036827","[{""name"":""generator.worker-DTkTSr0h.js"",""heap"":11985376,""backing"":15066665},{""name"":""checks.worker--6toVcK3.js"",""heap"":7479000,""backing"":5977807}]","","4942212","2858341","1","0","1603448","","","",""
"after","128x512","1","end","13453960","54799549","[{""name"":""generator.worker-DTkTSr0h.js"",""heap"":16779572,""backing"":22907615},{""name"":""checks.worker--6toVcK3.js"",""heap"":9432784,""backing"":34947846}]","","10774916","2864501","1","1","3089516","","","",""
"after","128x512","1","OS-own-browser","","","","","","","","","","1166655488","821276672","51",""
"after","128x512","2","open","8889980","13036827","[{""name"":""checks.worker--6toVcK3.js"",""heap"":7478616,""backing"":5977807},{""name"":""generator.worker-DTkTSr0h.js"",""heap"":11937180,""backing"":15066665}]","","4942212","2858341","1","0","1603448","","","",""
"after","128x512","2","end","13308592","53423183","[{""name"":""checks.worker--6toVcK3.js"",""heap"":9438036,""backing"":34947846},{""name"":""generator.worker-DTkTSr0h.js"",""heap"":16719316,""backing"":22907615}]","","10774916","2864501","1","1","3089516","","","",""
"after","128x512","2","OS-own-browser","","","","","","","","","","1114681344","1025441792","50",""
"after","128x512","3","open","8851292","13036827","[{""name"":""generator.worker-DTkTSr0h.js"",""heap"":11971756,""backing"":15066665},{""name"":""checks.worker--6toVcK3.js"",""heap"":7479464,""backing"":5977807}]","","4942212","2858341","1","0","1603448","","","",""
"after","128x512","3","end","13367332","53423183","[{""name"":""generator.worker-DTkTSr0h.js"",""heap"":16732492,""backing"":22907615},{""name"":""checks.worker--6toVcK3.js"",""heap"":10091452,""backing"":34947846}]","","10774916","2864501","1","1","3089516","","","",""
"after","128x512","3","OS-own-browser","","","","","","","","","","1184862208","794726400","60",""
"after","512x256","1","open","10439640","23362876","[{""name"":""generator.worker-DTkTSr0h.js"",""heap"":17745620,""backing"":25422841},{""name"":""checks.worker--6toVcK3.js"",""heap"":13330212,""backing"":11382643}]","","9842200","5564354","1","0","2371052","","","",""
"after","512x256","1","end","14929292","84779088","[{""name"":""generator.worker-DTkTSr0h.js"",""heap"":26041596,""backing"":41179955},{""name"":""checks.worker--6toVcK3.js"",""heap"":16086768,""backing"":34850666}]","","21507608","5567446","1","1","2895904","","","",""
"after","512x256","1","OS-own-browser","","","","","","","","","","1450078208","1161355264","81",""
"after","512x256","2","open","9601820","23362876","[{""name"":""generator.worker-DTkTSr0h.js"",""heap"":17899028,""backing"":25422841},{""name"":""checks.worker--6toVcK3.js"",""heap"":13328640,""backing"":11382643}]","","9842200","5564354","1","0","2371052","","","",""
"after","512x256","2","end","15700388","85142087","[{""name"":""generator.worker-DTkTSr0h.js"",""heap"":26361148,""backing"":41179955},{""name"":""checks.worker--6toVcK3.js"",""heap"":15973240,""backing"":34850666}]","","21507608","5567446","1","1","2895904","","","",""
"after","512x256","2","OS-own-browser","","","","","","","","","","1331269632","908759040","70",""
"after","512x256","3","open","9550936","23362876","[{""name"":""checks.worker--6toVcK3.js"",""heap"":13329276,""backing"":11382643},{""name"":""generator.worker-DTkTSr0h.js"",""heap"":17756796,""backing"":25422841}]","","9842200","5564354","1","0","2371052","","","",""
"after","512x256","3","end","14894940","84332541","[{""name"":""checks.worker--6toVcK3.js"",""heap"":16085936,""backing"":34850666},{""name"":""generator.worker-DTkTSr0h.js"",""heap"":26045932,""backing"":41179955}]","","21507608","5567446","1","1","2895904","","","",""
"after","512x256","3","OS-own-browser","","","","","","","","","","1368879104","1174867968","76",""
"after","64x512","1","open","8481484","7668488","[{""name"":""generator.worker-DTkTSr0h.js"",""heap"":9047572,""backing"":9854424},{""name"":""checks.worker--6toVcK3.js"",""heap"":4553096,""backing"":3285354}]","","2485807","1462480","1","0","1027184","","","",""
"after","64x512","1","end","13064044","41438952","[{""name"":""generator.worker-DTkTSr0h.js"",""heap"":12676624,""backing"":13764983},{""name"":""checks.worker--6toVcK3.js"",""heap"":6253120,""backing"":18998958}]","","5402159","1468128","1","1","2322004","","","",""
"after","64x512","1","OS-own-browser","","","","","","","","","","993456128","849584128","39",""
"after","64x512","2","open","8489288","7668488","[{""name"":""generator.worker-DTkTSr0h.js"",""heap"":9024252,""backing"":9854424},{""name"":""checks.worker--6toVcK3.js"",""heap"":4553340,""backing"":3285354}]","","2485807","1462480","1","0","1027184","","","",""
"after","64x512","2","end","12924792","40750708","[{""name"":""generator.worker-DTkTSr0h.js"",""heap"":12679584,""backing"":13764983},{""name"":""checks.worker--6toVcK3.js"",""heap"":6322536,""backing"":18998958}]","","5402159","1468128","1","1","2322004","","","",""
"after","64x512","2","OS-own-browser","","","","","","","","","","1034792960","837632000","43",""
"after","64x512","3","open","8454028","7668488","[{""name"":""checks.worker--6toVcK3.js"",""heap"":4553992,""backing"":3285354},{""name"":""generator.worker-DTkTSr0h.js"",""heap"":9040484,""backing"":9854424}]","","2485807","1462480","1","0","1027184","","","",""
"after","64x512","3","end","13174700","42127080","[{""name"":""checks.worker--6toVcK3.js"",""heap"":6294600,""backing"":18998958},{""name"":""generator.worker-DTkTSr0h.js"",""heap"":12667328,""backing"":13764983}]","","5402159","1468128","1","1","2322004","","","",""
"after","64x512","3","OS-own-browser","","","","","","","","","","987561984","732147712","42",""
"before","128x128","1","open","8168860","5018743","[{""name"":""generator.worker-oNQQ06IK.js"",""heap"":7591656,""backing"":7270144},{""name"":""checks.worker-DZTNBzPu.js"",""heap"":3039404,""backing"":1955209}]","","1276270","792087","1","0","770512","","","",""
"before","128x128","1","end","13324972","32046614","[{""name"":""generator.worker-oNQQ06IK.js"",""heap"":11259728,""backing"":9212394},{""name"":""checks.worker-DZTNBzPu.js"",""heap"":4846012,""backing"":9819937}]","","2734446","793637","1","1","1923512","","","",""
"before","128x128","1","OS-own-browser","","","","","","","","","","949260288","891039744","31",""
"before","128x128","2","open","8255704","5018805","[{""name"":""checks.worker-DZTNBzPu.js"",""heap"":3039508,""backing"":1955209},{""name"":""generator.worker-oNQQ06IK.js"",""heap"":7599312,""backing"":7270144}]","","1276270","792087","1","0","770512","","","",""
"before","128x128","2","end","13614904","32210188","[{""name"":""checks.worker-DZTNBzPu.js"",""heap"":4844504,""backing"":9819937},{""name"":""generator.worker-oNQQ06IK.js"",""heap"":11260468,""backing"":9212394}]","","2734446","793637","1","1","1924040","","","",""
"before","128x128","2","OS-own-browser","","","","","","","","","","895438848","867373056","28",""
"before","128x128","3","open","8274516","5018805","[{""name"":""checks.worker-DZTNBzPu.js"",""heap"":3039028,""backing"":1955209},{""name"":""generator.worker-oNQQ06IK.js"",""heap"":7579280,""backing"":7270144}]","","1276270","792087","1","0","770512","","","",""
"before","128x128","3","end","13154028","32452776","[{""name"":""checks.worker-DZTNBzPu.js"",""heap"":4737640,""backing"":9819937},{""name"":""generator.worker-oNQQ06IK.js"",""heap"":11274064,""backing"":9212394}]","","2734446","793637","1","1","1930080","","","",""
"before","128x128","3","OS-own-browser","","","","","","","","","","905900032","725770240","28",""
"before","256x256","1","open","8833444","12841919","[{""name"":""checks.worker-DZTNBzPu.js"",""heap"":7453072,""backing"":5990067},{""name"":""generator.worker-oNQQ06IK.js"",""heap"":11933080,""backing"":15039993}]","","4942136","2823807","1","0","1413748","","","",""
"before","256x256","1","end","13237996","62938943","[{""name"":""checks.worker-DZTNBzPu.js"",""heap"":9664088,""backing"":34959919},{""name"":""generator.worker-oNQQ06IK.js"",""heap"":17031020,""backing"":22907541}]","","10774840","2826898","1","1","3913360","","","",""
"before","256x256","1","OS-own-browser","","","","","","","","","","1117294592","524910592","43",""
"before","256x256","2","open","9099488","12841919","[{""name"":""generator.worker-oNQQ06IK.js"",""heap"":11901964,""backing"":15039993},{""name"":""checks.worker-DZTNBzPu.js"",""heap"":7453340,""backing"":5990067}]","","4942136","2823807","1","0","1413748","","","",""
"before","256x256","2","end","13662728","64315318","[{""name"":""generator.worker-oNQQ06IK.js"",""heap"":17039824,""backing"":22907541},{""name"":""checks.worker-DZTNBzPu.js"",""heap"":10234580,""backing"":34960208}]","","10774840","2826898","1","1","3913360","","","",""
"before","256x256","2","OS-own-browser","","","","","","","","","","1144967168","930332672","44",""
"before","256x256","3","open","10096532","12841947","[{""name"":""checks.worker-DZTNBzPu.js"",""heap"":7453380,""backing"":5990067},{""name"":""generator.worker-oNQQ06IK.js"",""heap"":11910228,""backing"":15039993}]","","4942136","2823807","1","0","1413748","","","",""
"before","256x256","3","end","13457592","64315318","[{""name"":""checks.worker-DZTNBzPu.js"",""heap"":9695900,""backing"":34959919},{""name"":""generator.worker-oNQQ06IK.js"",""heap"":17004700,""backing"":22907541}]","","10774840","2826898","1","1","3913360","","","",""
"before","256x256","3","OS-own-browser","","","","","","","","","","1117007872","628756480","45",""
"before","512x512","1","open","12802900","43404142","[{""name"":""generator.worker-oNQQ06IK.js"",""heap"":29325484,""backing"":45944574},{""name"":""checks.worker-DZTNBzPu.js"",""heap"":24839376,""backing"":22119617}]","","19530614","10723890","1","0","3328408","","","",""
"before","512x512","1","end","16392908","67667974","[{""name"":""generator.worker-oNQQ06IK.js"",""heap"":34072544,""backing"":83561642},{""name"":""checks.worker-DZTNBzPu.js"",""heap"":25493780,""backing"":43615425}]","","19530614","10723890","1","0","4183432","","","",""
"before","512x512","1","OS-own-browser","","","","","","","","","","1449431040","1295998976","27",""
"before","512x512","2","open","10575252","43404114","[{""name"":""checks.worker-DZTNBzPu.js"",""heap"":24840644,""backing"":22119617},{""name"":""generator.worker-oNQQ06IK.js"",""heap"":29718532,""backing"":45944574}]","","19530614","10723890","1","0","3328408","","","",""
"before","512x512","2","end","16652708","61218374","[{""name"":""checks.worker-DZTNBzPu.js"",""heap"":25492816,""backing"":43615425},{""name"":""generator.worker-oNQQ06IK.js"",""heap"":34444988,""backing"":83561642}]","","19530614","10723890","1","0","4183432","","","",""
"before","512x512","2","OS-own-browser","","","","","","","","","","1455427584","930140160","30",""
"before","512x512","3","open","12931688","43404142","[{""name"":""checks.worker-DZTNBzPu.js"",""heap"":24841684,""backing"":22119617},{""name"":""generator.worker-oNQQ06IK.js"",""heap"":29304876,""backing"":45944574}]","","19530614","10723890","1","0","3328408","","","",""
"before","512x512","3","end","16339592","61297318","[{""name"":""checks.worker-DZTNBzPu.js"",""heap"":25477936,""backing"":43615425},{""name"":""generator.worker-oNQQ06IK.js"",""heap"":34023672,""backing"":83561642}]","","19530614","10723890","1","0","4183432","","","",""
"before","512x512","3","OS-own-browser","","","","","","","","","","1567715328","1309405184","28",""
"before","128x512","1","open","8891508","13036324","[{""name"":""generator.worker-oNQQ06IK.js"",""heap"":12000992,""backing"":15066633},{""name"":""checks.worker-DZTNBzPu.js"",""heap"":7478580,""backing"":5977775}]","","4942212","2858341","1","0","1603448","","","",""
"before","128x512","1","end","12994864","34408182","[{""name"":""generator.worker-oNQQ06IK.js"",""heap"":16284544,""backing"":27671516},{""name"":""checks.worker-DZTNBzPu.js"",""heap"":9071572,""backing"":15415655}]","","4942212","2858396","1","0","2471404","","","",""
"before","128x512","1","OS-own-browser","","","","","","","","","","1132654592","1038249984","25",""
"before","128x512","2","open","8892872","13036324","[{""name"":""generator.worker-oNQQ06IK.js"",""heap"":11993496,""backing"":15066633},{""name"":""checks.worker-DZTNBzPu.js"",""heap"":7478696,""backing"":5977775}]","","4942212","2858341","1","0","1603448","","","",""
"before","128x512","2","end","13025924","34408182","[{""name"":""generator.worker-oNQQ06IK.js"",""heap"":16517540,""backing"":27671516},{""name"":""checks.worker-DZTNBzPu.js"",""heap"":9103324,""backing"":15415655}]","","4942212","2858396","1","0","2471404","","","",""
"before","128x512","2","OS-own-browser","","","","","","","","","","1112883200","1063297024","24",""
"before","128x512","3","open","8841616","13036324","[{""name"":""checks.worker-DZTNBzPu.js"",""heap"":7478360,""backing"":5977775},{""name"":""generator.worker-oNQQ06IK.js"",""heap"":11967476,""backing"":15066633}]","","4942212","2858341","1","0","1603448","","","",""
"before","128x512","3","end","12924492","32775798","[{""name"":""checks.worker-DZTNBzPu.js"",""heap"":9011856,""backing"":15415655},{""name"":""generator.worker-oNQQ06IK.js"",""heap"":16503744,""backing"":27671516}]","","4942212","2858396","1","0","2471404","","","",""
"before","128x512","3","OS-own-browser","","","","","","","","","","1102835712","1063370752","24",""
"before","512x256","1","open","9560088","23362373","[{""name"":""checks.worker-DZTNBzPu.js"",""heap"":13328180,""backing"":11382611},{""name"":""generator.worker-oNQQ06IK.js"",""heap"":17746156,""backing"":25422809}]","","9842200","5564354","1","0","2371052","","","",""
"before","512x256","1","end","14448604","44792155","[{""name"":""checks.worker-DZTNBzPu.js"",""heap"":14324180,""backing"":27373395},{""name"":""generator.worker-oNQQ06IK.js"",""heap"":21260656,""backing"":44154224}]","","9842200","5564409","1","0","3229468","","","",""
"before","512x256","1","OS-own-browser","","","","","","","","","","1287852032","996786176","24",""
"before","512x256","2","open","10387228","23362373","[{""name"":""generator.worker-oNQQ06IK.js"",""heap"":17744596,""backing"":25422809},{""name"":""checks.worker-DZTNBzPu.js"",""heap"":13328556,""backing"":11382611}]","","9842200","5564354","1","0","2371052","","","",""
"before","512x256","2","end","14442752","44792152","[{""name"":""generator.worker-oNQQ06IK.js"",""heap"":20868492,""backing"":44154224},{""name"":""checks.worker-DZTNBzPu.js"",""heap"":14320224,""backing"":27373395}]","","9842200","5564409","1","0","3229468","","","",""
"before","512x256","2","OS-own-browser","","","","","","","","","","1213407232","877314048","25",""
"before","512x256","3","open","9588224","23362373","[{""name"":""checks.worker-DZTNBzPu.js"",""heap"":13328000,""backing"":11382611},{""name"":""generator.worker-oNQQ06IK.js"",""heap"":17744872,""backing"":25422809}]","","9842200","5564354","1","0","2371052","","","",""
"before","512x256","3","end","14474324","44871112","[{""name"":""checks.worker-DZTNBzPu.js"",""heap"":14292392,""backing"":27373395},{""name"":""generator.worker-oNQQ06IK.js"",""heap"":21261160,""backing"":44154224}]","","9842200","5564409","1","0","3229468","","","",""
"before","512x256","3","OS-own-browser","","","","","","","","","","1279139840","1144705024","24",""
"before","64x512","1","open","8515784","7667985","[{""name"":""checks.worker-DZTNBzPu.js"",""heap"":4553432,""backing"":3285322},{""name"":""generator.worker-oNQQ06IK.js"",""heap"":9016592,""backing"":9854392}]","","2485807","1462480","1","0","1027184","","","",""
"before","64x512","1","end","12211048","25714834","[{""name"":""checks.worker-DZTNBzPu.js"",""heap"":5834864,""backing"":7283018},{""name"":""generator.worker-oNQQ06IK.js"",""heap"":12600572,""backing"":16146915}]","","2485807","1462535","1","0","1887932","","","",""
"before","64x512","1","OS-own-browser","","","","","","","","","","926380032","926380032","23",""
"before","64x512","2","open","8516924","7667985","[{""name"":""checks.worker-DZTNBzPu.js"",""heap"":4553144,""backing"":3285322},{""name"":""generator.worker-oNQQ06IK.js"",""heap"":9016976,""backing"":9854392}]","","2485807","1462480","1","0","1027184","","","",""
"before","64x512","2","end","12263184","27419426","[{""name"":""checks.worker-DZTNBzPu.js"",""heap"":5851680,""backing"":7283018},{""name"":""generator.worker-oNQQ06IK.js"",""heap"":12626684,""backing"":16146915}]","","2485807","1462535","1","0","1887932","","","",""
"before","64x512","2","OS-own-browser","","","","","","","","","","945463296","526168064","22",""
"before","64x512","3","open","8515528","7667985","[{""name"":""checks.worker-DZTNBzPu.js"",""heap"":4553600,""backing"":3285322},{""name"":""generator.worker-oNQQ06IK.js"",""heap"":9012300,""backing"":9854392}]","","2485807","1462480","1","0","1027184","","","",""
"before","64x512","3","end","12201500","26501266","[{""name"":""checks.worker-DZTNBzPu.js"",""heap"":5760296,""backing"":7283018},{""name"":""generator.worker-oNQQ06IK.js"",""heap"":12601344,""backing"":16146915}]","","2485807","1462535","1","0","1887932","","","",""
"before","64x512","3","OS-own-browser","","","","","","","","","","914284544","712228864","23",""
"before","128x128","1","open","8470376","5018771","[{""name"":""generator.worker-oNQQ06IK.js"",""heap"":7578788,""backing"":7270144},{""name"":""checks.worker-DZTNBzPu.js"",""heap"":3038664,""backing"":1955209}]","","1276270","792087","1","0","770512","","","",""
"before","128x128","1","end","11238976","25352078","[{""name"":""generator.worker-oNQQ06IK.js"",""heap"":8538836,""backing"":8393296},{""name"":""checks.worker-DZTNBzPu.js"",""heap"":4066516,""backing"":3691913}]","","2734446","792741","1","1","1491852","","","",""
"before","128x128","1","OS-own-browser","","","","","","","","","","718905344","707317760","3",""
"before","128x128","2","open","8251628","5018805","[{""name"":""checks.worker-DZTNBzPu.js"",""heap"":3039088,""backing"":1955209},{""name"":""generator.worker-oNQQ06IK.js"",""heap"":7586884,""backing"":7270144}]","","1276270","792087","1","0","770512","","","",""
"before","128x128","2","end","11201196","25389575","[{""name"":""checks.worker-DZTNBzPu.js"",""heap"":4040204,""backing"":3691913},{""name"":""generator.worker-oNQQ06IK.js"",""heap"":8517960,""backing"":8393211}]","","2734446","792500","1","1","1502692","","","",""
"before","128x128","2","OS-own-browser","","","","","","","","","","764960768","764960768","2",""
"before","128x128","3","open","8247556","5018805","[{""name"":""checks.worker-DZTNBzPu.js"",""heap"":3039180,""backing"":1955209},{""name"":""generator.worker-oNQQ06IK.js"",""heap"":7580532,""backing"":7270144}]","","1276270","792087","1","0","770512","","","",""
"before","128x128","3","end","11201832","25318892","[{""name"":""checks.worker-DZTNBzPu.js"",""heap"":4059936,""backing"":3691913},{""name"":""generator.worker-oNQQ06IK.js"",""heap"":8520804,""backing"":8393296}]","","2734446","792708","1","1","1446228","","","",""
"before","128x128","3","OS-own-browser","","","","","","","","","","776884224","776884224","3",""
"before","256x256","1","open","8823036","12841919","[{""name"":""checks.worker-DZTNBzPu.js"",""heap"":7453196,""backing"":5990067},{""name"":""generator.worker-oNQQ06IK.js"",""heap"":11961680,""backing"":15039993}]","","4942136","2823807","1","0","1413748","","","",""
"before","256x256","1","end","11368460","34376236","[{""name"":""checks.worker-DZTNBzPu.js"",""heap"":8944316,""backing"":12936883},{""name"":""generator.worker-oNQQ06IK.js"",""heap"":13946184,""backing"":19630860}]","","10774840","2824747","1","1","2321808","","","",""
"before","256x256","1","OS-own-browser","","","","","","","","","","887230464","505430016","4",""
"before","256x256","2","open","8811952","12841919","[{""name"":""checks.worker-DZTNBzPu.js"",""heap"":7452988,""backing"":5990067},{""name"":""generator.worker-oNQQ06IK.js"",""heap"":11960924,""backing"":15039993}]","","4942136","2823807","1","0","1413748","","","",""
"before","256x256","2","end","11714936","33981502","[{""name"":""checks.worker-DZTNBzPu.js"",""heap"":8817328,""backing"":12936883},{""name"":""generator.worker-oNQQ06IK.js"",""heap"":13839168,""backing"":19632101}]","","10774840","2827356","1","1","2256788","","","",""
"before","256x256","2","OS-own-browser","","","","","","","","","","893607936","893607936","3",""
"before","256x256","3","open","8802084","12841919","[{""name"":""generator.worker-oNQQ06IK.js"",""heap"":11910088,""backing"":15039993},{""name"":""checks.worker-DZTNBzPu.js"",""heap"":7453004,""backing"":5990067}]","","4942136","2823807","1","0","1413748","","","",""
"before","256x256","3","end","10894724","34057200","[{""name"":""generator.worker-oNQQ06IK.js"",""heap"":13820248,""backing"":19630792},{""name"":""checks.worker-DZTNBzPu.js"",""heap"":9323640,""backing"":17724223}]","","10774840","2824579","1","1","2268248","","","",""
"before","256x256","3","OS-own-browser","","","","","","","","","","878956544","803295232","4",""
"before","512x512","1","open","10480436","43404114","[{""name"":""generator.worker-oNQQ06IK.js"",""heap"":29487496,""backing"":45944574},{""name"":""checks.worker-DZTNBzPu.js"",""heap"":24839884,""backing"":22119617}]","","19530614","10723890","1","0","3328408","","","",""
"before","512x512","1","end","14743452","89275187","[{""name"":""generator.worker-oNQQ06IK.js"",""heap"":32985172,""backing"":54020030},{""name"":""checks.worker-DZTNBzPu.js"",""heap"":26370820,""backing"":136698949}]","","42861430","10724542","1","1","4401288","","","",""
"before","512x512","1","OS-own-browser","","","","","","","","","","1316630528","1085165568","6",""
"before","512x512","2","open","10500864","43404114","[{""name"":""generator.worker-oNQQ06IK.js"",""heap"":29456672,""backing"":45944574},{""name"":""checks.worker-DZTNBzPu.js"",""heap"":24824512,""backing"":22119617}]","","19530614","10723890","1","0","3328408","","","",""
"before","512x512","2","end","13814088","76903059","[{""name"":""generator.worker-oNQQ06IK.js"",""heap"":32997644,""backing"":54020030},{""name"":""checks.worker-DZTNBzPu.js"",""heap"":26345840,""backing"":136698949}]","","42861430","10724582","1","1","4418376","","","",""
"before","512x512","2","OS-own-browser","","","","","","","","","","1292267520","935677952","7",""
"before","512x512","3","open","10523172","43404114","[{""name"":""checks.worker-DZTNBzPu.js"",""heap"":24840072,""backing"":22119617},{""name"":""generator.worker-oNQQ06IK.js"",""heap"":29538984,""backing"":45944574}]","","19530614","10723890","1","0","3328408","","","",""
"before","512x512","3","end","13691260","83786427","[{""name"":""checks.worker-DZTNBzPu.js"",""heap"":26286196,""backing"":136698949},{""name"":""generator.worker-oNQQ06IK.js"",""heap"":33015360,""backing"":54020030}]","","42861430","10724582","1","1","4416828","","","",""
"before","512x512","3","OS-own-browser","","","","","","","","","","1355112448","1276801024","6",""
"before","128x512","1","open","8874584","13036324","[{""name"":""generator.worker-oNQQ06IK.js"",""heap"":11969292,""backing"":15066633},{""name"":""checks.worker-DZTNBzPu.js"",""heap"":7479256,""backing"":5977775}]","","4942212","2858341","1","0","1603448","","","",""
"before","128x512","1","end","11445508","37508016","[{""name"":""generator.worker-oNQQ06IK.js"",""heap"":13803396,""backing"":17009479},{""name"":""checks.worker-DZTNBzPu.js"",""heap"":8786856,""backing"":30881455}]","","10774916","2859240","1","1","2300336","","","",""
"before","128x512","1","OS-own-browser","","","","","","","","","","892030976","892030976","4",""
"before","128x512","2","open","8881968","13036324","[{""name"":""checks.worker-DZTNBzPu.js"",""heap"":7479808,""backing"":5977775},{""name"":""generator.worker-oNQQ06IK.js"",""heap"":11930116,""backing"":15066633}]","","4942212","2858341","1","0","1603448","","","",""
"before","128x512","2","end","10755932","41808288","[{""name"":""checks.worker-DZTNBzPu.js"",""heap"":8858308,""backing"":30881455},{""name"":""generator.worker-oNQQ06IK.js"",""heap"":13681484,""backing"":17009479}]","","10774916","2859253","1","1","2290736","","","",""
"before","128x512","2","OS-own-browser","","","","","","","","","","899518464","899518464","4",""
"before","128x512","3","open","8846668","13036324","[{""name"":""checks.worker-DZTNBzPu.js"",""heap"":7477440,""backing"":5977775},{""name"":""generator.worker-oNQQ06IK.js"",""heap"":11967532,""backing"":15066633}]","","4942212","2858341","1","0","1603448","","","",""
"before","128x512","3","end","11547380","38901869","[{""name"":""checks.worker-DZTNBzPu.js"",""heap"":8790016,""backing"":30881455},{""name"":""generator.worker-oNQQ06IK.js"",""heap"":13788164,""backing"":17009496}]","","10774916","2859277","1","1","2267844","","","",""
"before","128x512","3","OS-own-browser","","","","","","","","","","894558208","894558208","4",""
"before","512x256","1","open","9581168","23362373","[{""name"":""checks.worker-DZTNBzPu.js"",""heap"":13328656,""backing"":11382611},{""name"":""generator.worker-oNQQ06IK.js"",""heap"":17750048,""backing"":25422809}]","","9842200","5564354","1","0","2371052","","","",""
"before","512x256","1","end","12455688","49240169","[{""name"":""checks.worker-DZTNBzPu.js"",""heap"":14750768,""backing"":61189971},{""name"":""generator.worker-oNQQ06IK.js"",""heap"":20283996,""backing"":29383511}]","","21507608","5565182","1","1","3208008","","","",""
"before","512x256","1","OS-own-browser","","","","","","","","","","1107763200","1041956864","5",""
"before","512x256","2","open","9573624","23362373","[{""name"":""generator.worker-oNQQ06IK.js"",""heap"":17743032,""backing"":25422809},{""name"":""checks.worker-DZTNBzPu.js"",""heap"":13328816,""backing"":11382611}]","","9842200","5564354","1","0","2371052","","","",""
"before","512x256","2","end","13387084","49072677","[{""name"":""generator.worker-oNQQ06IK.js"",""heap"":20337784,""backing"":29383511},{""name"":""checks.worker-DZTNBzPu.js"",""heap"":14751180,""backing"":61189971}]","","21507608","5565182","1","1","3186720","","","",""
"before","512x256","2","OS-own-browser","","","","","","","","","","1074024448","1074024448","5",""
"before","512x256","3","open","9614052","23362373","[{""name"":""checks.worker-DZTNBzPu.js"",""heap"":13329172,""backing"":11382611},{""name"":""generator.worker-oNQQ06IK.js"",""heap"":17748892,""backing"":25422809}]","","9842200","5564354","1","0","2371052","","","",""
"before","512x256","3","end","12475752","49970053","[{""name"":""checks.worker-DZTNBzPu.js"",""heap"":14774452,""backing"":61189971},{""name"":""generator.worker-oNQQ06IK.js"",""heap"":20334944,""backing"":29383511}]","","21507608","5565222","1","1","3468684","","","",""
"before","512x256","3","OS-own-browser","","","","","","","","","","1110392832","1110392832","5",""
"before","64x512","1","open","8518588","7667985","[{""name"":""checks.worker-DZTNBzPu.js"",""heap"":4553672,""backing"":3285322},{""name"":""generator.worker-oNQQ06IK.js"",""heap"":9011560,""backing"":9854392}]","","2485807","1462480","1","0","1027184","","","",""
"before","64x512","1","end","11896916","28800224","[{""name"":""checks.worker-DZTNBzPu.js"",""heap"":5794056,""backing"":17622460},{""name"":""generator.worker-oNQQ06IK.js"",""heap"":10187936,""backing"":10815933}]","","5402159","1463154","1","1","1637644","","","",""
"before","64x512","1","OS-own-browser","","","","","","","","","","802570240","789475328","3",""
"before","64x512","2","open","9226568","7668013","[{""name"":""checks.worker-DZTNBzPu.js"",""heap"":4553888,""backing"":3285322},{""name"":""generator.worker-oNQQ06IK.js"",""heap"":9024596,""backing"":9854392}]","","2485807","1462480","1","0","1027184","","","",""
"before","64x512","2","end","10666292","28785609","[{""name"":""checks.worker-DZTNBzPu.js"",""heap"":5760100,""backing"":15737162},{""name"":""generator.worker-oNQQ06IK.js"",""heap"":10221556,""backing"":10816035}]","","5402159","1463363","1","1","1637028","","","",""
"before","64x512","2","OS-own-browser","","","","","","","","","","774356992","774356992","2",""
"before","64x512","3","open","8535992","7667985","[{""name"":""checks.worker-DZTNBzPu.js"",""heap"":4554056,""backing"":3285322},{""name"":""generator.worker-oNQQ06IK.js"",""heap"":9029928,""backing"":9854392}]","","2485807","1462480","1","0","1027184","","","",""
"before","64x512","3","end","10483896","31695881","[{""name"":""checks.worker-DZTNBzPu.js"",""heap"":5853640,""backing"":17047882},{""name"":""generator.worker-oNQQ06IK.js"",""heap"":10316148,""backing"":10816035}]","","5402159","1463359","1","1","1641036","","","",""
"before","64x512","3","OS-own-browser","","","","","","","","","","805056512","432472064","3",""
"after","128x128","1","open","8486992","5019274","[{""name"":""checks.worker--6toVcK3.js"",""heap"":3039120,""backing"":1955241},{""name"":""generator.worker-DTkTSr0h.js"",""heap"":7594780,""backing"":7270176}]","","1276270","792087","1","0","770512","","","",""
"after","128x128","1","end","10428476","24636448","[{""name"":""checks.worker--6toVcK3.js"",""heap"":4055328,""backing"":3691945},{""name"":""generator.worker-DTkTSr0h.js"",""heap"":8583968,""backing"":8393243}]","","2734446","792543","1","1","1491240","","","",""
"after","128x128","1","OS-own-browser","","","","","","","","","","721080320","674738176","3",""
"after","128x128","2","open","8261004","5019308","[{""name"":""checks.worker--6toVcK3.js"",""heap"":3039208,""backing"":1955241},{""name"":""generator.worker-DTkTSr0h.js"",""heap"":7591724,""backing"":7270176}]","","1276270","792087","1","0","770512","","","",""
"after","128x128","2","end","10442232","24866200","[{""name"":""checks.worker--6toVcK3.js"",""heap"":4030532,""backing"":3691945},{""name"":""generator.worker-DTkTSr0h.js"",""heap"":8638488,""backing"":8393277}]","","2734446","792632","1","1","1489200","","","",""
"after","128x128","2","OS-own-browser","","","","","","","","","","744857600","744857600","2",""
"after","128x128","3","open","8256512","5019308","[{""name"":""checks.worker--6toVcK3.js"",""heap"":3038636,""backing"":1955241},{""name"":""generator.worker-DTkTSr0h.js"",""heap"":7589568,""backing"":7270176}]","","1276270","792087","1","0","770512","","","",""
"after","128x128","3","end","9607728","24200733","[{""name"":""checks.worker--6toVcK3.js"",""heap"":4038732,""backing"":3691945},{""name"":""generator.worker-DTkTSr0h.js"",""heap"":8639088,""backing"":8393243}]","","2734446","792551","1","1","1480872","","","",""
"after","128x128","3","OS-own-browser","","","","","","","","","","710422528","710422528","2",""
"after","256x256","1","open","8828760","12842422","[{""name"":""generator.worker-DTkTSr0h.js"",""heap"":11899032,""backing"":15040025},{""name"":""checks.worker--6toVcK3.js"",""heap"":7454180,""backing"":5990099}]","","4942136","2823807","1","0","1413748","","","",""
"after","256x256","1","end","11537352","34189152","[{""name"":""generator.worker-DTkTSr0h.js"",""heap"":13765164,""backing"":19630841},{""name"":""checks.worker--6toVcK3.js"",""heap"":8942596,""backing"":30893779}]","","10774840","2824583","1","1","2270356","","","",""
"after","256x256","1","OS-own-browser","","","","","","","","","","875958272","875958272","3",""
"after","256x256","2","open","8808536","12842422","[{""name"":""generator.worker-DTkTSr0h.js"",""heap"":11928044,""backing"":15040025},{""name"":""checks.worker--6toVcK3.js"",""heap"":7451176,""backing"":5990099}]","","4942136","2823807","1","0","1413748","","","",""
"after","256x256","2","end","11516364","34189192","[{""name"":""generator.worker-DTkTSr0h.js"",""heap"":13939916,""backing"":19630841},{""name"":""checks.worker--6toVcK3.js"",""heap"":9200856,""backing"":27226992}]","","10774840","2824591","1","1","2279976","","","",""
"after","256x256","2","OS-own-browser","","","","","","","","","","866832384","866832384","3",""
"after","256x256","3","open","8834652","12842422","[{""name"":""generator.worker-DTkTSr0h.js"",""heap"":11921956,""backing"":15040025},{""name"":""checks.worker--6toVcK3.js"",""heap"":7454480,""backing"":5990099}]","","4942136","2823807","1","0","1413748","","","",""
"after","256x256","3","end","10459748","35691370","[{""name"":""generator.worker-DTkTSr0h.js"",""heap"":13918296,""backing"":19631079},{""name"":""checks.worker--6toVcK3.js"",""heap"":8966136,""backing"":15558355}]","","10774840","2825092","1","1","2254356","","","",""
"after","256x256","3","OS-own-browser","","","","","","","","","","860889088","534757376","4",""
"after","512x512","1","open","10520560","43404617","[{""name"":""checks.worker--6toVcK3.js"",""heap"":24818400,""backing"":22119649},{""name"":""generator.worker-DTkTSr0h.js"",""heap"":29516076,""backing"":45944606}]","","19530614","10723890","1","0","3328408","","","",""
"after","512x512","1","end","13518048","82481350","[{""name"":""checks.worker--6toVcK3.js"",""heap"":26350400,""backing"":136698981},{""name"":""generator.worker-DTkTSr0h.js"",""heap"":32990124,""backing"":54020062}]","","42861430","10724550","1","1","4410396","","","",""
"after","512x512","1","OS-own-browser","","","","","","","","","","1312239616","1312239616","5",""
"after","512x512","2","open","12953108","43404645","[{""name"":""checks.worker--6toVcK3.js"",""heap"":24838364,""backing"":22119649},{""name"":""generator.worker-DTkTSr0h.js"",""heap"":29455880,""backing"":45944606}]","","19530614","10723890","1","0","3328408","","","",""
"after","512x512","2","end","13698344","82489970","[{""name"":""checks.worker--6toVcK3.js"",""heap"":26362424,""backing"":136698981},{""name"":""generator.worker-DTkTSr0h.js"",""heap"":32963208,""backing"":54020062}]","","42861430","10724558","1","1","4417492","","","",""
"after","512x512","2","OS-own-browser","","","","","","","","","","1286635520","1286635520","5",""
"after","512x512","3","open","10534104","43404617","[{""name"":""checks.worker--6toVcK3.js"",""heap"":24837212,""backing"":22119649},{""name"":""generator.worker-DTkTSr0h.js"",""heap"":29520192,""backing"":45944606}]","","19530614","10723890","1","0","3328408","","","",""
"after","512x512","3","end","13695568","87996254","[{""name"":""checks.worker--6toVcK3.js"",""heap"":26288704,""backing"":136698981},{""name"":""generator.worker-DTkTSr0h.js"",""heap"":33009800,""backing"":54020062}]","","42861430","10724518","1","1","4383896","","","",""
"after","512x512","3","OS-own-browser","","","","","","","","","","1247891456","1225359360","5",""
"after","128x512","1","open","8876572","13036827","[{""name"":""checks.worker--6toVcK3.js"",""heap"":7477300,""backing"":5977807},{""name"":""generator.worker-DTkTSr0h.js"",""heap"":11951016,""backing"":15066665}]","","4942212","2858341","1","0","1603448","","","",""
"after","128x512","1","end","11297948","36709588","[{""name"":""checks.worker--6toVcK3.js"",""heap"":8785788,""backing"":30881487},{""name"":""generator.worker-DTkTSr0h.js"",""heap"":13746260,""backing"":17009596}]","","10774916","2859413","1","1","2206480","","","",""
"after","128x512","1","OS-own-browser","","","","","","","","","","863117312","863117312","3",""
"after","128x512","2","open","8854360","13036827","[{""name"":""checks.worker--6toVcK3.js"",""heap"":7477020,""backing"":5977807},{""name"":""generator.worker-DTkTSr0h.js"",""heap"":11933572,""backing"":15066665}]","","4942212","2858341","1","0","1603448","","","",""
"after","128x512","2","end","11500068","36757159","[{""name"":""checks.worker--6toVcK3.js"",""heap"":8780224,""backing"":30881487},{""name"":""generator.worker-DTkTSr0h.js"",""heap"":13628528,""backing"":17009511}]","","10774916","2859244","1","1","2245448","","","",""
"after","128x512","2","OS-own-browser","","","","","","","","","","906637312","493481984","4",""
"after","128x512","3","open","8854400","13036827","[{""name"":""generator.worker-DTkTSr0h.js"",""heap"":11959412,""backing"":15066665},{""name"":""checks.worker--6toVcK3.js"",""heap"":7480100,""backing"":5977807}]","","4942212","2858341","1","0","1603448","","","",""
"after","128x512","3","end","11280240","39737876","[{""name"":""generator.worker-DTkTSr0h.js"",""heap"":13733384,""backing"":17009528},{""name"":""checks.worker--6toVcK3.js"",""heap"":8786276,""backing"":30881487}]","","10774916","2859277","1","1","2237840","","","",""
"after","128x512","3","OS-own-browser","","","","","","","","","","888541184","877457408","4",""
"after","512x256","1","open","9595196","23362876","[{""name"":""checks.worker--6toVcK3.js"",""heap"":13328624,""backing"":11382643},{""name"":""generator.worker-DTkTSr0h.js"",""heap"":17807320,""backing"":25422841}]","","9842200","5564354","1","0","2371052","","","",""
"after","512x256","1","end","12165460","48470457","[{""name"":""checks.worker--6toVcK3.js"",""heap"":14779276,""backing"":61190003},{""name"":""generator.worker-DTkTSr0h.js"",""heap"":20436728,""backing"":29384784}]","","21507608","5567763","1","1","3163508","","","",""
"after","512x256","1","OS-own-browser","","","","","","","","","","1033924608","508657664","5",""
"after","512x256","2","open","9586744","23362876","[{""name"":""generator.worker-DTkTSr0h.js"",""heap"":17746064,""backing"":25422841},{""name"":""checks.worker--6toVcK3.js"",""heap"":13329144,""backing"":11382643}]","","9842200","5564354","1","0","2371052","","","",""
"after","512x256","2","end","12589916","47116863","[{""name"":""generator.worker-DTkTSr0h.js"",""heap"":20299264,""backing"":29383594},{""name"":""checks.worker--6toVcK3.js"",""heap"":14747028,""backing"":61190003}]","","21507608","5565234","1","1","3161236","","","",""
"after","512x256","2","OS-own-browser","","","","","","","","","","1084157952","1020870656","4",""
"after","512x256","3","open","9590408","23362876","[{""name"":""checks.worker--6toVcK3.js"",""heap"":13328596,""backing"":11382643},{""name"":""generator.worker-DTkTSr0h.js"",""heap"":17745040,""backing"":25422841}]","","9842200","5564354","1","0","2371052","","","",""
"after","512x256","3","end","11960880","47435179","[{""name"":""checks.worker--6toVcK3.js"",""heap"":14762980,""backing"":61190003},{""name"":""generator.worker-DTkTSr0h.js"",""heap"":20280700,""backing"":29384886}]","","21507608","5567971","1","1","3230244","","","",""
"after","512x256","3","OS-own-browser","","","","","","","","","","1086054400","873504768","5",""
"after","64x512","1","open","8550240","7668488","[{""name"":""checks.worker--6toVcK3.js"",""heap"":4553708,""backing"":3285354},{""name"":""generator.worker-DTkTSr0h.js"",""heap"":9009744,""backing"":9854424}]","","2485807","1462480","1","0","1027184","","","",""
"after","64x512","1","end","10862080","28392136","[{""name"":""checks.worker--6toVcK3.js"",""heap"":5755472,""backing"":15737194},{""name"":""generator.worker-DTkTSr0h.js"",""heap"":10199124,""backing"":10816067}]","","5402159","1463363","1","1","1636788","","","",""
"after","64x512","1","OS-own-browser","","","","","","","","","","797933568","797933568","3",""
"after","64x512","2","open","8520988","7668488","[{""name"":""generator.worker-DTkTSr0h.js"",""heap"":9026300,""backing"":9854424},{""name"":""checks.worker--6toVcK3.js"",""heap"":4553440,""backing"":3285354}]","","2485807","1462480","1","0","1027184","","","",""
"after","64x512","2","end","10564692","28379524","[{""name"":""generator.worker-DTkTSr0h.js"",""heap"":10224664,""backing"":10816067},{""name"":""checks.worker--6toVcK3.js"",""heap"":5754148,""backing"":15737194}]","","5402159","1463363","1","1","1637040","","","",""
"after","64x512","2","OS-own-browser","","","","","","","","","","787480576","787480576","3",""
"after","64x512","3","open","8524620","7668488","[{""name"":""checks.worker--6toVcK3.js"",""heap"":4553444,""backing"":3285354},{""name"":""generator.worker-DTkTSr0h.js"",""heap"":9011632,""backing"":9854424}]","","2485807","1462480","1","0","1027184","","","",""
"after","64x512","3","end","10422756","27773222","[{""name"":""checks.worker--6toVcK3.js"",""heap"":5594192,""backing"":6758762},{""name"":""generator.worker-DTkTSr0h.js"",""heap"":10192536,""backing"":10816067}]","","5402159","1463354","1","1","1640096","","","",""
"after","64x512","3","OS-own-browser","","","","","","","","","","768335872","315621376","3",""
"before","128x128","1","open","8228864","5018743","[{""name"":""generator.worker-oNQQ06IK.js"",""heap"":7587184,""backing"":7270144},{""name"":""checks.worker-DZTNBzPu.js"",""heap"":3038960,""backing"":1955209}]","","1276270","792087","1","0","770512","","","",""
"before","128x128","1","end","9095736","7149773","[{""name"":""generator.worker-oNQQ06IK.js"",""heap"":7898656,""backing"":6667834},{""name"":""checks.worker-DZTNBzPu.js"",""heap"":3755800,""backing"":3298697}]","","1276270","792087","1","0","770512","","","",""
"before","128x128","1","OS-own-browser","","","","","","","","","","734130176","476520448","3",""
"before","128x128","1","sampled-editing-or-save","","","","[{""type"":""worker"",""name"":""generator.worker-oNQQ06IK.js"",""heapPeak"":12401768,""backingPeak"":14563055},{""type"":""worker"",""name"":""checks.worker-DZTNBzPu.js"",""heapPeak"":8876648,""backingPeak"":7821971},{""type"":""page"",""name"":""#edit"",""heapPeak"":12938668,""backingPeak"":10030981}]","","","","","","","","14","122"
"before","128x128","2","open","8244976","5018743","[{""name"":""generator.worker-oNQQ06IK.js"",""heap"":7590992,""backing"":7270144},{""name"":""checks.worker-DZTNBzPu.js"",""heap"":3039220,""backing"":1955209}]","","1276270","792087","1","0","770512","","","",""
"before","128x128","2","end","9096920","7149773","[{""name"":""generator.worker-oNQQ06IK.js"",""heap"":7898824,""backing"":6667834},{""name"":""checks.worker-DZTNBzPu.js"",""heap"":3733300,""backing"":3298697}]","","1276270","792087","1","0","770512","","","",""
"before","128x128","2","OS-own-browser","","","","","","","","","","645521408","645521408","1",""
"before","128x128","2","sampled-editing-or-save","","","","[{""type"":""worker"",""name"":""generator.worker-oNQQ06IK.js"",""heapPeak"":11169332,""backingPeak"":12611841},{""type"":""worker"",""name"":""checks.worker-DZTNBzPu.js"",""heapPeak"":7334800,""backingPeak"":9008487},{""type"":""page"",""name"":""#edit"",""heapPeak"":12958152,""backingPeak"":8786017}]","","","","","","","","14","115"
"before","128x128","3","open","8245992","5018743","[{""name"":""generator.worker-oNQQ06IK.js"",""heap"":7588780,""backing"":7270144},{""name"":""checks.worker-DZTNBzPu.js"",""heap"":3039424,""backing"":1955209}]","","1276270","792087","1","0","770512","","","",""
"before","128x128","3","end","9104976","7149773","[{""name"":""generator.worker-oNQQ06IK.js"",""heap"":7898780,""backing"":6667834},{""name"":""checks.worker-DZTNBzPu.js"",""heap"":3751464,""backing"":3298697}]","","1276270","792087","1","0","770512","","","",""
"before","128x128","3","OS-own-browser","","","","","","","","","","621088768","497475584","2",""
"before","128x128","3","sampled-editing-or-save","","","","[{""type"":""worker"",""name"":""generator.worker-oNQQ06IK.js"",""heapPeak"":12250264,""backingPeak"":14567158},{""type"":""worker"",""name"":""checks.worker-DZTNBzPu.js"",""heapPeak"":8998472,""backingPeak"":10073447},{""type"":""page"",""name"":""#edit"",""heapPeak"":12840128,""backingPeak"":10303604}]","","","","","","","","14","117"
"before","256x256","1","open","8798828","12841857","[{""name"":""generator.worker-oNQQ06IK.js"",""heap"":11941636,""backing"":15039993},{""name"":""checks.worker-DZTNBzPu.js"",""heap"":7453692,""backing"":5990067}]","","4942136","2823807","1","0","1413748","","","",""
"before","256x256","1","end","9828264","21056040","[{""name"":""generator.worker-oNQQ06IK.js"",""heap"":12480764,""backing"":12729296},{""name"":""checks.worker-DZTNBzPu.js"",""heap"":8141600,""backing"":11364019}]","","4942136","2823807","1","0","1413748","","","",""
"before","256x256","1","OS-own-browser","","","","","","","","","","809795584","758689792","3",""
"before","256x256","1","sampled-editing-or-save","","","","[{""type"":""worker"",""name"":""generator.worker-oNQQ06IK.js"",""heapPeak"":35869604,""backingPeak"":45267168},{""type"":""worker"",""name"":""checks.worker-DZTNBzPu.js"",""heapPeak"":27081820,""backingPeak"":63858355},{""type"":""page"",""name"":""#edit"",""heapPeak"":13147696,""backingPeak"":28716596}]","","","","","","","","29","156"
"before","256x256","2","open","8825672","12841996","[{""name"":""checks.worker-DZTNBzPu.js"",""heap"":7453224,""backing"":5990067},{""name"":""generator.worker-oNQQ06IK.js"",""heap"":11940716,""backing"":15039993}]","","4942136","2823807","1","0","1413748","","","",""
"before","256x256","2","end","9833148","21056179","[{""name"":""checks.worker-DZTNBzPu.js"",""heap"":8190996,""backing"":11364019},{""name"":""generator.worker-oNQQ06IK.js"",""heap"":12380428,""backing"":12729296}]","","4942136","2823807","1","0","1413748","","","",""
"before","256x256","2","OS-own-browser","","","","","","","","","","806367232","792629248","3",""
"before","256x256","2","sampled-editing-or-save","","","","[{""type"":""worker"",""name"":""checks.worker-DZTNBzPu.js"",""heapPeak"":23683504,""backingPeak"":60778163},{""type"":""worker"",""name"":""generator.worker-oNQQ06IK.js"",""heapPeak"":51437644,""backingPeak"":68002763},{""type"":""page"",""name"":""#edit"",""heapPeak"":15334096,""backingPeak"":27340479}]","","","","","","","","29","235"
"before","256x256","3","open","8820644","12841996","[{""name"":""checks.worker-DZTNBzPu.js"",""heap"":7453304,""backing"":5990067},{""name"":""generator.worker-oNQQ06IK.js"",""heap"":11899532,""backing"":15039993}]","","4942136","2823807","1","0","1413748","","","",""
"before","256x256","3","end","9849208","21056179","[{""name"":""checks.worker-DZTNBzPu.js"",""heap"":8130220,""backing"":11364019},{""name"":""generator.worker-oNQQ06IK.js"",""heap"":12488084,""backing"":12729296}]","","4942136","2823807","1","0","1413748","","","",""
"before","256x256","3","OS-own-browser","","","","","","","","","","803213312","533262336","4",""
"before","256x256","3","sampled-editing-or-save","","","","[{""type"":""worker"",""name"":""checks.worker-DZTNBzPu.js"",""heapPeak"":17745512,""backingPeak"":57501363},{""type"":""worker"",""name"":""generator.worker-oNQQ06IK.js"",""heapPeak"":36044960,""backingPeak"":45263044},{""type"":""page"",""name"":""#edit"",""heapPeak"":12970604,""backingPeak"":28716735}]","","","","","","","","30","185"
"before","512x512","1","open","10474868","43404191","[{""name"":""generator.worker-oNQQ06IK.js"",""heap"":29474788,""backing"":45944574},{""name"":""checks.worker-DZTNBzPu.js"",""heap"":24840156,""backing"":22119617}]","","19530614","10723890","1","0","3328408","","","",""
"before","512x512","1","end","12663184","75813354","[{""name"":""generator.worker-oNQQ06IK.js"",""heap"":30538204,""backing"":36900050},{""name"":""checks.worker-DZTNBzPu.js"",""heap"":25155720,""backing"":43615425}]","","19530614","10723890","1","0","3328408","","","",""
"before","512x512","1","OS-own-browser","","","","","","","","","","1324462080","507531264","7",""
"before","512x512","1","sampled-editing-or-save","","","","[{""type"":""worker"",""name"":""generator.worker-oNQQ06IK.js"",""heapPeak"":129268232,""backingPeak"":203857456},{""type"":""worker"",""name"":""checks.worker-DZTNBzPu.js"",""heapPeak"":84465416,""backingPeak"":215636229},{""type"":""page"",""name"":""#edit"",""heapPeak"":20170932,""backingPeak"":104228646}]","","","","","","","","61","342"
"before","512x512","2","open","10452136","43404191","[{""name"":""checks.worker-DZTNBzPu.js"",""heap"":24839672,""backing"":22119617},{""name"":""generator.worker-oNQQ06IK.js"",""heap"":29524580,""backing"":45944574}]","","19530614","10723890","1","0","3328408","","","",""
"before","512x512","2","end","12656084","75813354","[{""name"":""checks.worker-DZTNBzPu.js"",""heap"":25324212,""backing"":43615425},{""name"":""generator.worker-oNQQ06IK.js"",""heap"":30549400,""backing"":36900050}]","","19530614","10723890","1","0","3328408","","","",""
"before","512x512","2","OS-own-browser","","","","","","","","","","1274019840","1255260160","6",""
"before","512x512","2","sampled-editing-or-save","","","","[{""type"":""worker"",""name"":""checks.worker-DZTNBzPu.js"",""heapPeak"":68673052,""backingPeak"":183077359},{""type"":""worker"",""name"":""generator.worker-oNQQ06IK.js"",""heapPeak"":128387856,""backingPeak"":203863566},{""type"":""page"",""name"":""#edit"",""heapPeak"":26983344,""backingPeak"":110717363}]","","","","","","","","58","298"
"before","512x512","3","open","10473580","43404191","[{""name"":""checks.worker-DZTNBzPu.js"",""heap"":24839012,""backing"":22119617},{""name"":""generator.worker-oNQQ06IK.js"",""heap"":29720504,""backing"":45944574}]","","19530614","10723890","1","0","3328408","","","",""
"before","512x512","3","end","12655988","75813354","[{""name"":""checks.worker-DZTNBzPu.js"",""heap"":25152992,""backing"":43615425},{""name"":""generator.worker-oNQQ06IK.js"",""heap"":30594084,""backing"":36900050}]","","19530614","10723890","1","0","3328408","","","",""
"before","512x512","3","OS-own-browser","","","","","","","","","","1514971136","1514971136","6",""
"before","512x512","3","sampled-editing-or-save","","","","[{""type"":""worker"",""name"":""checks.worker-DZTNBzPu.js"",""heapPeak"":88475916,""backingPeak"":235297029},{""type"":""worker"",""name"":""generator.worker-oNQQ06IK.js"",""heapPeak"":143379376,""backingPeak"":203857456},{""type"":""page"",""name"":""#edit"",""heapPeak"":26963828,""backingPeak"":105754902}]","","","","","","","","60","342"
"before","128x512","1","open","8855940","13036401","[{""name"":""checks.worker-DZTNBzPu.js"",""heap"":7478856,""backing"":5977775},{""name"":""generator.worker-oNQQ06IK.js"",""heap"":12003924,""backing"":15066633}]","","4942212","2858341","1","0","1603448","","","",""
"before","128x512","1","end","9908060","21242500","[{""name"":""checks.worker-DZTNBzPu.js"",""heap"":8220016,""backing"":11351727},{""name"":""generator.worker-oNQQ06IK.js"",""heap"":12414996,""backing"":12729348}]","","4942212","2858341","1","0","1603448","","","",""
"before","128x512","1","OS-own-browser","","","","","","","","","","812511232","700534784","4",""
"before","128x512","1","sampled-editing-or-save","","","","[{""type"":""worker"",""name"":""checks.worker-DZTNBzPu.js"",""heapPeak"":18821792,""backingPeak"":50869935},{""type"":""worker"",""name"":""generator.worker-oNQQ06IK.js"",""heapPeak"":51659768,""backingPeak"":67154782},{""type"":""page"",""name"":""#edit"",""heapPeak"":15470440,""backingPeak"":30252649}]","","","","","","","","38","187"
"before","128x512","2","open","8851320","13036401","[{""name"":""checks.worker-DZTNBzPu.js"",""heap"":7478892,""backing"":5977775},{""name"":""generator.worker-oNQQ06IK.js"",""heap"":11982280,""backing"":15066633}]","","4942212","2858341","1","0","1603448","","","",""
"before","128x512","2","end","9908368","21242500","[{""name"":""checks.worker-DZTNBzPu.js"",""heap"":8210144,""backing"":11351727},{""name"":""generator.worker-oNQQ06IK.js"",""heap"":12527148,""backing"":12729348}]","","4942212","2858341","1","0","1603448","","","",""
"before","128x512","2","OS-own-browser","","","","","","","","","","824115200","490676224","4",""
"before","128x512","2","sampled-editing-or-save","","","","[{""type"":""worker"",""name"":""checks.worker-DZTNBzPu.js"",""heapPeak"":22359992,""backingPeak"":47986351},{""type"":""worker"",""name"":""generator.worker-oNQQ06IK.js"",""heapPeak"":38900504,""backingPeak"":48191204},{""type"":""page"",""name"":""#edit"",""heapPeak"":18035408,""backingPeak"":34412713}]","","","","","","","","39","232"
"before","128x512","3","open","8872744","13036401","[{""name"":""generator.worker-oNQQ06IK.js"",""heap"":11967648,""backing"":15066633},{""name"":""checks.worker-DZTNBzPu.js"",""heap"":7477612,""backing"":5977775}]","","4942212","2858341","1","0","1603448","","","",""
"before","128x512","3","end","9906552","21242500","[{""name"":""generator.worker-oNQQ06IK.js"",""heap"":12418272,""backing"":12729348},{""name"":""checks.worker-DZTNBzPu.js"",""heap"":8192040,""backing"":11351727}]","","4942212","2858341","1","0","1603448","","","",""
"before","128x512","3","OS-own-browser","","","","","","","","","","837009408","837009408","3",""
"before","128x512","3","sampled-editing-or-save","","","","[{""type"":""worker"",""name"":""generator.worker-oNQQ06IK.js"",""heapPeak"":40879536,""backingPeak"":62782799},{""type"":""worker"",""name"":""checks.worker-DZTNBzPu.js"",""heapPeak"":36975284,""backingPeak"":50869935},{""type"":""page"",""name"":""#edit"",""heapPeak"":15835656,""backingPeak"":30252649}]","","","","","","","","39","187"
"before","512x256","1","open","9609600","23362450","[{""name"":""generator.worker-oNQQ06IK.js"",""heap"":17743616,""backing"":25422809},{""name"":""checks.worker-DZTNBzPu.js"",""heap"":13328580,""backing"":11382611}]","","9842200","5564354","1","0","2371052","","","",""
"before","512x256","1","end","11201796","39713155","[{""name"":""generator.worker-oNQQ06IK.js"",""heap"":18545296,""backing"":20823448},{""name"":""checks.worker-DZTNBzPu.js"",""heap"":13931484,""backing"":22130515}]","","9842200","5564354","1","0","2371052","","","",""
"before","512x256","1","OS-own-browser","","","","","","","","","","971804672","971804672","5",""
"before","512x256","1","sampled-editing-or-save","","","","[{""type"":""worker"",""name"":""generator.worker-oNQQ06IK.js"",""heapPeak"":51741276,""backingPeak"":64163865},{""type"":""worker"",""name"":""checks.worker-DZTNBzPu.js"",""heapPeak"":43812928,""backingPeak"":97036539},{""type"":""page"",""name"":""#edit"",""heapPeak"":25305336,""backingPeak"":77954978}]","","","","","","","","47","265"
"before","512x256","2","open","9588156","23362450","[{""name"":""checks.worker-DZTNBzPu.js"",""heap"":13328604,""backing"":11382611},{""name"":""generator.worker-oNQQ06IK.js"",""heap"":17742676,""backing"":25422809}]","","9842200","5564354","1","0","2371052","","","",""
"before","512x256","2","end","11235312","39713155","[{""name"":""checks.worker-DZTNBzPu.js"",""heap"":14033260,""backing"":22130515},{""name"":""generator.worker-oNQQ06IK.js"",""heap"":18536652,""backing"":20823448}]","","9842200","5564354","1","0","2371052","","","",""
"before","512x256","2","OS-own-browser","","","","","","","","","","958210048","958210048","4",""
"before","512x256","2","sampled-editing-or-save","","","","[{""type"":""worker"",""name"":""checks.worker-DZTNBzPu.js"",""heapPeak"":49193764,""backingPeak"":99069779},{""type"":""worker"",""name"":""generator.worker-oNQQ06IK.js"",""heapPeak"":59725752,""backingPeak"":82513370},{""type"":""page"",""name"":""#edit"",""heapPeak"":25048200,""backingPeak"":77956066}]","","","","","","","","46","203"
"before","512x256","3","open","9610528","23362450","[{""name"":""checks.worker-DZTNBzPu.js"",""heap"":13328592,""backing"":11382611},{""name"":""generator.worker-oNQQ06IK.js"",""heap"":17744332,""backing"":25422809}]","","9842200","5564354","1","0","2371052","","","",""
"before","512x256","3","end","11202256","39713155","[{""name"":""checks.worker-DZTNBzPu.js"",""heap"":13885744,""backing"":22130515},{""name"":""generator.worker-oNQQ06IK.js"",""heap"":18537236,""backing"":20823448}]","","9842200","5564354","1","0","2371052","","","",""
"before","512x256","3","OS-own-browser","","","","","","","","","","953643008","554147840","5",""
"before","512x256","3","sampled-editing-or-save","","","","[{""type"":""worker"",""name"":""checks.worker-DZTNBzPu.js"",""heapPeak"":31613580,""backingPeak"":83080283},{""type"":""worker"",""name"":""generator.worker-oNQQ06IK.js"",""heapPeak"":51573776,""backingPeak"":78882562},{""type"":""page"",""name"":""#edit"",""heapPeak"":24850316,""backingPeak"":77989946}]","","","","","","","","47","219"
"before","64x512","1","open","8534740","7668062","[{""name"":""checks.worker-DZTNBzPu.js"",""heap"":4553464,""backing"":3285322},{""name"":""generator.worker-oNQQ06IK.js"",""heap"":9016684,""backing"":9854392}]","","2485807","1462480","1","0","1027184","","","",""
"before","64x512","1","end","9375868","11792996","[{""name"":""checks.worker-DZTNBzPu.js"",""heap"":5253640,""backing"":5972298},{""name"":""generator.worker-oNQQ06IK.js"",""heap"":9467148,""backing"":8675851}]","","2485807","1462480","1","0","1027184","","","",""
"before","64x512","1","OS-own-browser","","","","","","","","","","806055936","753942528","3",""
"before","64x512","1","sampled-editing-or-save","","","","[{""type"":""worker"",""name"":""checks.worker-DZTNBzPu.js"",""heapPeak"":11203508,""backingPeak"":33825098},{""type"":""worker"",""name"":""generator.worker-oNQQ06IK.js"",""heapPeak"":21755724,""backingPeak"":30215564},{""type"":""page"",""name"":""#edit"",""heapPeak"":12750368,""backingPeak"":17193241}]","","","","","","","","25","157"
"before","64x512","2","open","8542464","7668062","[{""name"":""generator.worker-oNQQ06IK.js"",""heap"":9051024,""backing"":9854392},{""name"":""checks.worker-DZTNBzPu.js"",""heap"":4553748,""backing"":3285322}]","","2485807","1462480","1","0","1027184","","","",""
"before","64x512","2","end","9393308","11792996","[{""name"":""generator.worker-oNQQ06IK.js"",""heap"":9469064,""backing"":8675851},{""name"":""checks.worker-DZTNBzPu.js"",""heap"":5272320,""backing"":5972298}]","","2485807","1462480","1","0","1027184","","","",""
"before","64x512","2","OS-own-browser","","","","","","","","","","731582464","731582464","3",""
"before","64x512","2","sampled-editing-or-save","","","","[{""type"":""worker"",""name"":""generator.worker-oNQQ06IK.js"",""heapPeak"":18338524,""backingPeak"":24659436},{""type"":""worker"",""name"":""checks.worker-DZTNBzPu.js"",""heapPeak"":13915960,""backingPeak"":29303114},{""type"":""page"",""name"":""#edit"",""heapPeak"":12876312,""backingPeak"":17347609}]","","","","","","","","28","186"
"before","64x512","3","open","8522012","7668062","[{""name"":""generator.worker-oNQQ06IK.js"",""heap"":9013028,""backing"":9854392},{""name"":""checks.worker-DZTNBzPu.js"",""heap"":4553224,""backing"":3285322}]","","2485807","1462480","1","0","1027184","","","",""
"before","64x512","3","end","9392624","11792996","[{""name"":""generator.worker-oNQQ06IK.js"",""heap"":9479176,""backing"":8675851},{""name"":""checks.worker-DZTNBzPu.js"",""heap"":5230472,""backing"":5972298}]","","2485807","1462480","1","0","1027184","","","",""
"before","64x512","3","OS-own-browser","","","","","","","","","","701104128","651509760","3",""
"before","64x512","3","sampled-editing-or-save","","","","[{""type"":""worker"",""name"":""generator.worker-oNQQ06IK.js"",""heapPeak"":21811780,""backingPeak"":24241225},{""type"":""worker"",""name"":""checks.worker-DZTNBzPu.js"",""heapPeak"":19674276,""backingPeak"":36900073},{""type"":""page"",""name"":""#edit"",""heapPeak"":13625440,""backingPeak"":15971473}]","","","","","","","","27","175"
"after","128x128","1","open","8484032","5019274","[{""name"":""checks.worker--6toVcK3.js"",""heap"":3038656,""backing"":1955241},{""name"":""generator.worker-DTkTSr0h.js"",""heap"":7577604,""backing"":7270176}]","","1276270","792087","1","0","770512","","","",""
"after","128x128","1","end","9166416","7494401","[{""name"":""checks.worker--6toVcK3.js"",""heap"":3761116,""backing"":3298729},{""name"":""generator.worker-DTkTSr0h.js"",""heap"":7899736,""backing"":6667866}]","","1276270","792087","1","0","770512","","","",""
"after","128x128","1","OS-own-browser","","","","","","","","","","693035008","621924352","2",""
"after","128x128","1","sampled-editing-or-save","","","","[{""type"":""worker"",""name"":""checks.worker--6toVcK3.js"",""heapPeak"":8632236,""backingPeak"":9779857},{""type"":""worker"",""name"":""generator.worker-DTkTSr0h.js"",""heapPeak"":12306720,""backingPeak"":15378022},{""type"":""page"",""name"":""#edit"",""heapPeak"":11951136,""backingPeak"":7990072}]","","","","","","","","14","110"
"after","128x128","2","open","8260608","5019246","[{""name"":""checks.worker--6toVcK3.js"",""heap"":3039036,""backing"":1955241},{""name"":""generator.worker-DTkTSr0h.js"",""heap"":7587324,""backing"":7270176}]","","1276270","792087","1","0","770512","","","",""
"after","128x128","2","end","9098472","7150276","[{""name"":""checks.worker--6toVcK3.js"",""heap"":3752892,""backing"":3298729},{""name"":""generator.worker-DTkTSr0h.js"",""heap"":7902788,""backing"":6667866}]","","1276270","792087","1","0","770512","","","",""
"after","128x128","2","OS-own-browser","","","","","","","","","","618926080","512532480","2",""
"after","128x128","2","sampled-editing-or-save","","","","[{""type"":""worker"",""name"":""checks.worker--6toVcK3.js"",""heapPeak"":10433880,""backingPeak"":10129175},{""type"":""worker"",""name"":""generator.worker-DTkTSr0h.js"",""heapPeak"":12230132,""backingPeak"":14561025},{""type"":""page"",""name"":""#edit"",""heapPeak"":13821812,""backingPeak"":8082187}]","","","","","","","","14","116"
"after","128x128","3","open","8242844","5019246","[{""name"":""generator.worker-DTkTSr0h.js"",""heap"":7589040,""backing"":7270176},{""name"":""checks.worker--6toVcK3.js"",""heap"":3039724,""backing"":1955241}]","","1276270","792087","1","0","770512","","","",""
"after","128x128","3","end","9098112","7150276","[{""name"":""generator.worker-DTkTSr0h.js"",""heap"":7899372,""backing"":6667866},{""name"":""checks.worker--6toVcK3.js"",""heap"":3755792,""backing"":3298729}]","","1276270","792087","1","0","770512","","","",""
"after","128x128","3","OS-own-browser","","","","","","","","","","624824320","516464640","2",""
"after","128x128","3","sampled-editing-or-save","","","","[{""type"":""worker"",""name"":""generator.worker-DTkTSr0h.js"",""heapPeak"":12276492,""backingPeak"":14565149},{""type"":""worker"",""name"":""checks.worker--6toVcK3.js"",""heapPeak"":9586560,""backingPeak"":10129175},{""type"":""page"",""name"":""#edit"",""heapPeak"":13074724,""backingPeak"":10302947}]","","","","","","","","14","122"
"after","256x256","1","open","8803284","12842360","[{""name"":""checks.worker--6toVcK3.js"",""heap"":7451696,""backing"":5990099},{""name"":""generator.worker-DTkTSr0h.js"",""heap"":11956248,""backing"":15040025}]","","4942136","2823807","1","0","1413748","","","",""
"after","256x256","1","end","9841004","21056543","[{""name"":""checks.worker--6toVcK3.js"",""heap"":8142952,""backing"":11364051},{""name"":""generator.worker-DTkTSr0h.js"",""heap"":12384816,""backing"":12729328}]","","4942136","2823807","1","0","1413748","","","",""
"after","256x256","1","OS-own-browser","","","","","","","","","","804700160","784961536","3",""
"after","256x256","1","sampled-editing-or-save","","","","[{""type"":""worker"",""name"":""checks.worker--6toVcK3.js"",""heapPeak"":20038552,""backingPeak"":63399635},{""type"":""worker"",""name"":""generator.worker-DTkTSr0h.js"",""heapPeak"":51428708,""backingPeak"":68000733},{""type"":""page"",""name"":""#edit"",""heapPeak"":15637028,""backingPeak"":30334732}]","","","","","","","","30","247"
"after","256x256","2","open","8833900","12842499","[{""name"":""checks.worker--6toVcK3.js"",""heap"":7454856,""backing"":5990099},{""name"":""generator.worker-DTkTSr0h.js"",""heap"":11926180,""backing"":15040025}]","","4942136","2823807","1","0","1413748","","","",""
"after","256x256","2","end","9866080","21056682","[{""name"":""checks.worker--6toVcK3.js"",""heap"":8128016,""backing"":11364051},{""name"":""generator.worker-DTkTSr0h.js"",""heap"":12474144,""backing"":12729328}]","","4942136","2823807","1","0","1413748","","","",""
"after","256x256","2","OS-own-browser","","","","","","","","","","819101696","819101696","3",""
"after","256x256","2","sampled-editing-or-save","","","","[{""type"":""worker"",""name"":""checks.worker--6toVcK3.js"",""heapPeak"":15986588,""backingPeak"":60647123},{""type"":""worker"",""name"":""generator.worker-DTkTSr0h.js"",""heapPeak"":35953672,""backingPeak"":45263076},{""type"":""page"",""name"":""#edit"",""heapPeak"":17707112,""backingPeak"":29034442}]","","","","","","","","30","195"
"after","256x256","3","open","8808372","12842499","[{""name"":""checks.worker--6toVcK3.js"",""heap"":7452232,""backing"":5990099},{""name"":""generator.worker-DTkTSr0h.js"",""heap"":11899196,""backing"":15040025}]","","4942136","2823807","1","0","1413748","","","",""
"after","256x256","3","end","9852028","21056682","[{""name"":""checks.worker--6toVcK3.js"",""heap"":8148944,""backing"":11364051},{""name"":""generator.worker-DTkTSr0h.js"",""heap"":12379244,""backing"":12729328}]","","4942136","2823807","1","0","1413748","","","",""
"after","256x256","3","OS-own-browser","","","","","","","","","","852701184","852701184","3",""
"after","256x256","3","sampled-editing-or-save","","","","[{""type"":""worker"",""name"":""checks.worker--6toVcK3.js"",""heapPeak"":24361636,""backingPeak"":62351059},{""type"":""worker"",""name"":""generator.worker-DTkTSr0h.js"",""heapPeak"":51492032,""backingPeak"":68021859},{""type"":""page"",""name"":""#edit"",""heapPeak"":18299544,""backingPeak"":29091202}]","","","","","","","","30","195"
"after","512x512","1","open","10486420","43404694","[{""name"":""checks.worker--6toVcK3.js"",""heap"":24839872,""backing"":22119649},{""name"":""generator.worker-DTkTSr0h.js"",""heap"":29549560,""backing"":45944606}]","","19530614","10723890","1","0","3328408","","","",""
"after","512x512","1","end","12701444","75813857","[{""name"":""checks.worker--6toVcK3.js"",""heap"":25419100,""backing"":43615457},{""name"":""generator.worker-DTkTSr0h.js"",""heap"":30537360,""backing"":36900082}]","","19530614","10723890","1","0","3328408","","","",""
"after","512x512","1","OS-own-browser","","","","","","","","","","1384128512","1384128512","6",""
"after","512x512","1","sampled-editing-or-save","","","","[{""type"":""worker"",""name"":""checks.worker--6toVcK3.js"",""heapPeak"":85393564,""backingPeak"":246569257},{""type"":""worker"",""name"":""generator.worker-DTkTSr0h.js"",""heapPeak"":131024224,""backingPeak"":203853364},{""type"":""page"",""name"":""#edit"",""heapPeak"":27049660,""backingPeak"":116319854}]","","","","","","","","63","356"
"after","512x512","2","open","10469036","43404694","[{""name"":""generator.worker-DTkTSr0h.js"",""heap"":29458096,""backing"":45944606},{""name"":""checks.worker--6toVcK3.js"",""heap"":24839872,""backing"":22119649}]","","19530614","10723890","1","0","3328408","","","",""
"after","512x512","2","end","12650524","75813857","[{""name"":""generator.worker-DTkTSr0h.js"",""heap"":30554204,""backing"":36900082},{""name"":""checks.worker--6toVcK3.js"",""heap"":25309592,""backing"":43615457}]","","19530614","10723890","1","0","3328408","","","",""
"after","512x512","2","OS-own-browser","","","","","","","","","","1426395136","563539968","7",""
"after","512x512","2","sampled-editing-or-save","","","","[{""type"":""worker"",""name"":""generator.worker-DTkTSr0h.js"",""heapPeak"":127326800,""backingPeak"":203859530},{""type"":""worker"",""name"":""checks.worker--6toVcK3.js"",""heapPeak"":89717312,""backingPeak"":263346473},{""type"":""page"",""name"":""#edit"",""heapPeak"":27098636,""backingPeak"":105755405}]","","","","","","","","62","318"
"after","512x512","3","open","10533712","43404694","[{""name"":""checks.worker--6toVcK3.js"",""heap"":24839952,""backing"":22119649},{""name"":""generator.worker-DTkTSr0h.js"",""heap"":29509696,""backing"":45944606}]","","19530614","10723890","1","0","3328408","","","",""
"after","512x512","3","end","12702348","75813857","[{""name"":""checks.worker--6toVcK3.js"",""heap"":25136156,""backing"":43615457},{""name"":""generator.worker-DTkTSr0h.js"",""heap"":30545924,""backing"":36900082}]","","19530614","10723890","1","0","3328408","","","",""
"after","512x512","3","OS-own-browser","","","","","","","","","","1310400512","513142784","7",""
"after","512x512","3","sampled-editing-or-save","","","","[{""type"":""worker"",""name"":""checks.worker--6toVcK3.js"",""heapPeak"":84472212,""backingPeak"":234509311},{""type"":""worker"",""name"":""generator.worker-DTkTSr0h.js"",""heapPeak"":127173044,""backingPeak"":203013622},{""type"":""page"",""name"":""#edit"",""heapPeak"":29334440,""backingPeak"":104362853}]","","","","","","","","61","406"
"after","128x512","1","open","8875800","13036904","[{""name"":""generator.worker-DTkTSr0h.js"",""heap"":11969016,""backing"":15066665},{""name"":""checks.worker--6toVcK3.js"",""heap"":7477388,""backing"":5977807}]","","4942212","2858341","1","0","1603448","","","",""
"after","128x512","1","end","9911976","21243003","[{""name"":""generator.worker-DTkTSr0h.js"",""heap"":12414220,""backing"":12729380},{""name"":""checks.worker--6toVcK3.js"",""heap"":8217628,""backing"":11351759}]","","4942212","2858341","1","0","1603448","","","",""
"after","128x512","1","OS-own-browser","","","","","","","","","","833687552","833687552","3",""
"after","128x512","1","sampled-editing-or-save","","","","[{""type"":""worker"",""name"":""generator.worker-DTkTSr0h.js"",""heapPeak"":51849424,""backingPeak"":59897328},{""type"":""worker"",""name"":""checks.worker--6toVcK3.js"",""heapPeak"":24758788,""backingPeak"":50869967},{""type"":""page"",""name"":""#edit"",""heapPeak"":15391372,""backingPeak"":30253152}]","","","","","","","","39","186"
"after","128x512","2","open","8859680","13036904","[{""name"":""generator.worker-DTkTSr0h.js"",""heap"":11973460,""backing"":15066665},{""name"":""checks.worker--6toVcK3.js"",""heap"":7478576,""backing"":5977807}]","","4942212","2858341","1","0","1603448","","","",""
"after","128x512","2","end","9918184","21243003","[{""name"":""generator.worker-DTkTSr0h.js"",""heap"":12415384,""backing"":12729380},{""name"":""checks.worker--6toVcK3.js"",""heap"":8211012,""backing"":11351759}]","","4942212","2858341","1","0","1603448","","","",""
"after","128x512","2","OS-own-browser","","","","","","","","","","847699968","847699968","4",""
"after","128x512","2","sampled-editing-or-save","","","","[{""type"":""worker"",""name"":""generator.worker-DTkTSr0h.js"",""heapPeak"":51898888,""backingPeak"":67154814},{""type"":""worker"",""name"":""checks.worker--6toVcK3.js"",""heapPeak"":24855724,""backingPeak"":45561551},{""type"":""page"",""name"":""#edit"",""heapPeak"":18705220,""backingPeak"":27609463}]","","","","","","","","41","157"
"after","128x512","3","open","8857588","13036904","[{""name"":""checks.worker--6toVcK3.js"",""heap"":7477128,""backing"":5977807},{""name"":""generator.worker-DTkTSr0h.js"",""heap"":11971124,""backing"":15066665}]","","4942212","2858341","1","0","1603448","","","",""
"after","128x512","3","end","9938416","21243003","[{""name"":""checks.worker--6toVcK3.js"",""heap"":8159928,""backing"":11351759},{""name"":""generator.worker-DTkTSr0h.js"",""heap"":12520420,""backing"":12729380}]","","4942212","2858341","1","0","1603448","","","",""
"after","128x512","3","OS-own-browser","","","","","","","","","","855572480","855572480","4",""
"after","128x512","3","sampled-editing-or-save","","","","[{""type"":""worker"",""name"":""checks.worker--6toVcK3.js"",""heapPeak"":20817252,""backingPeak"":54344647},{""type"":""worker"",""name"":""generator.worker-DTkTSr0h.js"",""heapPeak"":35963680,""backingPeak"":42960261},{""type"":""page"",""name"":""#edit"",""heapPeak"":16124736,""backingPeak"":30253152}]","","","","","","","","42","199"
"after","512x256","1","open","9596164","23362953","[{""name"":""generator.worker-DTkTSr0h.js"",""heap"":17746816,""backing"":25422841},{""name"":""checks.worker--6toVcK3.js"",""heap"":13328112,""backing"":11382643}]","","9842200","5564354","1","0","2371052","","","",""
"after","512x256","1","end","11243900","39713658","[{""name"":""generator.worker-DTkTSr0h.js"",""heap"":18543856,""backing"":20823480},{""name"":""checks.worker--6toVcK3.js"",""heap"":13892808,""backing"":22130547}]","","9842200","5564354","1","0","2371052","","","",""
"after","512x256","1","OS-own-browser","","","","","","","","","","1028452352","1028452352","5",""
"after","512x256","1","sampled-editing-or-save","","","","[{""type"":""worker"",""name"":""generator.worker-DTkTSr0h.js"",""heapPeak"":66738252,""backingPeak"":73426884},{""type"":""worker"",""name"":""checks.worker--6toVcK3.js"",""heapPeak"":43895104,""backingPeak"":118401307},{""type"":""page"",""name"":""#edit"",""heapPeak"":25233160,""backingPeak"":77996929}]","","","","","","","","51","297"
"after","512x256","2","open","9632096","23362953","[{""name"":""checks.worker--6toVcK3.js"",""heap"":13330464,""backing"":11382643},{""name"":""generator.worker-DTkTSr0h.js"",""heap"":17739256,""backing"":25422841}]","","9842200","5564354","1","0","2371052","","","",""
"after","512x256","2","end","11235984","39713658","[{""name"":""checks.worker--6toVcK3.js"",""heap"":14054144,""backing"":22130547},{""name"":""generator.worker-DTkTSr0h.js"",""heap"":18544524,""backing"":20823480}]","","9842200","5564354","1","0","2371052","","","",""
"after","512x256","2","OS-own-browser","","","","","","","","","","951123968","557785088","5",""
"after","512x256","2","sampled-editing-or-save","","","","[{""type"":""worker"",""name"":""checks.worker--6toVcK3.js"",""heapPeak"":30928500,""backingPeak"":99069811},{""type"":""worker"",""name"":""generator.worker-DTkTSr0h.js"",""heapPeak"":52836876,""backingPeak"":63813204},{""type"":""page"",""name"":""#edit"",""heapPeak"":25263396,""backingPeak"":77949185}]","","","","","","","","51","301"
"after","512x256","3","open","9615812","23362953","[{""name"":""checks.worker--6toVcK3.js"",""heap"":13328680,""backing"":11382643},{""name"":""generator.worker-DTkTSr0h.js"",""heap"":17743200,""backing"":25422841}]","","9842200","5564354","1","0","2371052","","","",""
"after","512x256","3","end","11216280","39713658","[{""name"":""checks.worker--6toVcK3.js"",""heap"":13948820,""backing"":22130547},{""name"":""generator.worker-DTkTSr0h.js"",""heap"":18540836,""backing"":20823480}]","","9842200","5564354","1","0","2371052","","","",""
"after","512x256","3","OS-own-browser","","","","","","","","","","968859648","968859648","5",""
"after","512x256","3","sampled-editing-or-save","","","","[{""type"":""worker"",""name"":""checks.worker--6toVcK3.js"",""heapPeak"":49511068,""backingPeak"":117222951},{""type"":""worker"",""name"":""generator.worker-DTkTSr0h.js"",""heapPeak"":58604788,""backingPeak"":69495245},{""type"":""page"",""name"":""#edit"",""heapPeak"":24939004,""backingPeak"":60301863}]","","","","","","","","49","224"
"after","64x512","1","open","8558052","7668565","[{""name"":""generator.worker-DTkTSr0h.js"",""heap"":9045716,""backing"":9854424},{""name"":""checks.worker--6toVcK3.js"",""heap"":4553260,""backing"":3285354}]","","2485807","1462480","1","0","1027184","","","",""
"after","64x512","1","end","9396796","11793499","[{""name"":""generator.worker-DTkTSr0h.js"",""heap"":9484224,""backing"":8675883},{""name"":""checks.worker--6toVcK3.js"",""heap"":5271588,""backing"":5972330}]","","2485807","1462480","1","0","1027184","","","",""
"after","64x512","1","OS-own-browser","","","","","","","","","","714031104","710483968","3",""
"after","64x512","1","sampled-editing-or-save","","","","[{""type"":""worker"",""name"":""generator.worker-DTkTSr0h.js"",""heapPeak"":18295528,""backingPeak"":20489667},{""type"":""worker"",""name"":""checks.worker--6toVcK3.js"",""heapPeak"":10990836,""backingPeak"":29565290},{""type"":""page"",""name"":""#edit"",""heapPeak"":13211256,""backingPeak"":15942960}]","","","","","","","","29","141"
"after","64x512","2","open","8547156","7668565","[{""name"":""generator.worker-DTkTSr0h.js"",""heap"":9016012,""backing"":9854424},{""name"":""checks.worker--6toVcK3.js"",""heap"":4553364,""backing"":3285354}]","","2485807","1462480","1","0","1027184","","","",""
"after","64x512","2","end","9405548","11793499","[{""name"":""generator.worker-DTkTSr0h.js"",""heap"":9469604,""backing"":8675883},{""name"":""checks.worker--6toVcK3.js"",""heap"":5255892,""backing"":5972330}]","","2485807","1462480","1","0","1027184","","","",""
"after","64x512","2","OS-own-browser","","","","","","","","","","688779264","654512128","3",""
"after","64x512","2","sampled-editing-or-save","","","","[{""type"":""worker"",""name"":""generator.worker-DTkTSr0h.js"",""heapPeak"":20035272,""backingPeak"":26360290},{""type"":""worker"",""name"":""checks.worker--6toVcK3.js"",""heapPeak"":10617880,""backingPeak"":31662442},{""type"":""page"",""name"":""#edit"",""heapPeak"":13158496,""backingPeak"":15942960}]","","","","","","","","29","185"
"after","64x512","3","open","8542660","7668565","[{""name"":""generator.worker-DTkTSr0h.js"",""heap"":9015056,""backing"":9854424},{""name"":""checks.worker--6toVcK3.js"",""heap"":4553676,""backing"":3285354}]","","2485807","1462480","1","0","1027184","","","",""
"after","64x512","3","end","9390352","11793499","[{""name"":""generator.worker-DTkTSr0h.js"",""heap"":9419456,""backing"":8675883},{""name"":""checks.worker--6toVcK3.js"",""heap"":5235276,""backing"":5972330}]","","2485807","1462480","1","0","1027184","","","",""
"after","64x512","3","OS-own-browser","","","","","","","","","","721567744","721567744","2",""
"after","64x512","3","sampled-editing-or-save","","","","[{""type"":""worker"",""name"":""generator.worker-DTkTSr0h.js"",""heapPeak"":22804776,""backingPeak"":25049550},{""type"":""worker"",""name"":""checks.worker--6toVcK3.js"",""heapPeak"":10427264,""backingPeak"":29303146},{""type"":""page"",""name"":""#edit"",""heapPeak"":14289644,""backingPeak"":15896576}]","","","","","","","","29","178"
"before","128x128","1","open","8207620","5018743","[{""name"":""checks.worker-DZTNBzPu.js"",""heap"":3039080,""backing"":1955209},{""name"":""generator.worker-oNQQ06IK.js"",""heap"":7765620,""backing"":6012434}]","","1276270","792087","1","0","770512","","","",""
"before","128x128","1","end","11482320","6108811","[{""name"":""checks.worker-DZTNBzPu.js"",""heap"":4122412,""backing"":3905793},{""name"":""generator.worker-oNQQ06IK.js"",""heap"":8757444,""backing"":19927530}]","","12826990","799943","8","128","768812","","","",""
"before","128x128","1","OS-own-browser","","","","","","","","","","723025920","723025920","8",""
"before","128x128","1","editing-0","8193804","5018743","[{""name"":""checks.worker-DZTNBzPu.js"",""heap"":3039080,""backing"":1955209},{""name"":""generator.worker-oNQQ06IK.js"",""heap"":7763728,""backing"":6012434}]","","1276270","792087","1","0","770512","","","",""
"before","128x128","1","editing-8","10447600","6058603","[{""name"":""checks.worker-DZTNBzPu.js"",""heap"":3874188,""backing"":3905793},{""name"":""generator.worker-oNQQ06IK.js"",""heap"":8447384,""backing"":7737834}]","","2079086","792623","2","8","767744","","","",""
"before","128x128","1","editing-32","10686064","5693767","[{""name"":""checks.worker-DZTNBzPu.js"",""heap"":3898952,""backing"":3905793},{""name"":""generator.worker-oNQQ06IK.js"",""heap"":8618252,""backing"":12767722}]","","6846830","794087","5","32","768248","","","",""
"before","128x128","1","editing-64","10788808","5363846","[{""name"":""checks.worker-DZTNBzPu.js"",""heap"":3960568,""backing"":3905793},{""name"":""generator.worker-oNQQ06IK.js"",""heap"":8682396,""backing"":19927530}]","","13629806","796039","8","64","767348","","","",""
"before","128x128","1","editing-128","11967928","6108943","[{""name"":""checks.worker-DZTNBzPu.js"",""heap"":4122412,""backing"":3905793},{""name"":""generator.worker-oNQQ06IK.js"",""heap"":8984612,""backing"":19927530}]","","12695918","799943","8","128","768944","","","",""
"before","128x128","1","sampled-load","","","","[{""type"":""worker"",""name"":""checks.worker-DZTNBzPu.js"",""heapPeak"":15109452,""backingPeak"":4471177},{""type"":""worker"",""name"":""generator.worker-oNQQ06IK.js"",""heapPeak"":48857152,""backingPeak"":34197644},{""type"":""page"",""name"":""#v=0.7.0&s=4242&t=highlands&z=128&d=n"",""heapPeak"":11533828,""backingPeak"":6275668}]","","","","","","","","7","1328"
"before","128x128","1","sampled-editing-or-save","","","","[{""type"":""worker"",""name"":""checks.worker-DZTNBzPu.js"",""heapPeak"":15265840,""backingPeak"":15801429},{""type"":""worker"",""name"":""generator.worker-oNQQ06IK.js"",""heapPeak"":13890452,""backingPeak"":72388926},{""type"":""page"",""name"":""#edit"",""heapPeak"":28173588,""backingPeak"":28912919}]","","","","","","","","81","255"
"before","256x256","1","open","8751488","12841857","[{""name"":""generator.worker-oNQQ06IK.js"",""heap"":12515192,""backing"":10107816},{""name"":""checks.worker-DZTNBzPu.js"",""heap"":7454032,""backing"":5990067}]","","4942136","2823807","1","0","1413748","","","",""
"before","256x256","1","end","10430876","14066817","[{""name"":""generator.worker-oNQQ06IK.js"",""heap"":13640324,""backing"":79071893},{""name"":""checks.worker-DZTNBzPu.js"",""heap"":8363132,""backing"":25519795}]","","61303096","2832048","8","128","1413264","","","",""
"before","256x256","1","OS-own-browser","","","","","","","","","","935821312","861745152","9",""
"before","256x256","1","editing-0","8733660","12841857","[{""name"":""generator.worker-oNQQ06IK.js"",""heap"":12515988,""backing"":10107816},{""name"":""checks.worker-DZTNBzPu.js"",""heap"":7454032,""backing"":5990067}]","","4942136","2823807","1","0","1413748","","","",""
"before","256x256","1","editing-8","9802808","14793586","[{""name"":""generator.worker-oNQQ06IK.js"",""heap"":13297232,""backing"":23890581},{""name"":""checks.worker-DZTNBzPu.js"",""heap"":8133000,""backing"":7562931}]","","8153400","2824368","2","8","1413540","","","",""
"before","256x256","1","editing-32","10834640","17219658","[{""name"":""generator.worker-oNQQ06IK.js"",""heap"":13447892,""backing"":37128853},{""name"":""checks.worker-DZTNBzPu.js"",""heap"":8189484,""backing"":7562931}]","","27748664","2825904","5","32","1414056","","","",""
"before","256x256","1","editing-64","10408464","16290930","[{""name"":""generator.worker-oNQQ06IK.js"",""heap"":13557044,""backing"":60983957},{""name"":""checks.worker-DZTNBzPu.js"",""heap"":8243092,""backing"":7562931}]","","46885176","2827952","8","64","1413396","","","",""
"before","256x256","1","editing-128","11886772","15580862","[{""name"":""generator.worker-oNQQ06IK.js"",""heap"":13638788,""backing"":79071893},{""name"":""checks.worker-DZTNBzPu.js"",""heap"":8289344,""backing"":7562931}]","","61303096","2832048","8","128","1413264","","","",""
"before","256x256","1","sampled-load","","","","[{""type"":""worker"",""name"":""generator.worker-oNQQ06IK.js"",""heapPeak"":42188160,""backingPeak"":30885857},{""type"":""worker"",""name"":""checks.worker-DZTNBzPu.js"",""heapPeak"":27567780,""backingPeak"":9833139},{""type"":""page"",""name"":""#v=0.7.0&s=4242&t=highlands&z=128&d=n"",""heapPeak"":15646416,""backingPeak"":22114110}]","","","","","","","","6","388"
"before","256x256","1","sampled-editing-or-save","","","","[{""type"":""worker"",""name"":""generator.worker-oNQQ06IK.js"",""heapPeak"":21839976,""backingPeak"":146563251},{""type"":""worker"",""name"":""checks.worker-DZTNBzPu.js"",""heapPeak"":34124940,""backingPeak"":53962991},{""type"":""page"",""name"":""#edit"",""heapPeak"":43838208,""backingPeak"":45519550}]","","","","","","","","104","250"
"before","512x512","1","open","10520544","43404052","[{""name"":""generator.worker-oNQQ06IK.js"",""heap"":31718472,""backing"":26414250},{""name"":""checks.worker-DZTNBzPu.js"",""heap"":24828408,""backing"":22119617}]","","19530614","10723890","1","0","3328408","","","",""
"before","512x512","1","end","12078092","44715594","[{""name"":""generator.worker-oNQQ06IK.js"",""heap"":33270012,""backing"":304367550},{""name"":""checks.worker-DZTNBzPu.js"",""heap"":25825352,""backing"":100238529}]","","247071606","10732131","8","128","3330036","","","",""
"before","512x512","1","OS-own-browser","","","","","","","","","","1666871296","1193775104","28",""
"before","512x512","1","editing-0","10544252","43404052","[{""name"":""generator.worker-oNQQ06IK.js"",""heap"":31733016,""backing"":26414250},{""name"":""checks.worker-DZTNBzPu.js"",""heap"":25006332,""backing"":60130497}]","","19530614","10723890","1","0","3328408","","","",""
"before","512x512","1","editing-8","13431568","55773199","[{""name"":""generator.worker-oNQQ06IK.js"",""heap"":33310100,""backing"":83642302},{""name"":""checks.worker-DZTNBzPu.js"",""heap"":25529628,""backing"":28411073}]","","32375670","10724451","2","8","3342164","","","",""
"before","512x512","1","editing-32","12822760","55242819","[{""name"":""generator.worker-oNQQ06IK.js"",""heap"":32942176,""backing"":143148990},{""name"":""checks.worker-DZTNBzPu.js"",""heap"":25596468,""backing"":28411073}]","","113116022","10725987","5","32","3330700","","","",""
"before","512x512","1","editing-64","14683560","55357287","[{""name"":""generator.worker-oNQQ06IK.js"",""heap"":33189248,""backing"":270288830},{""name"":""checks.worker-DZTNBzPu.js"",""heap"":25625648,""backing"":28411073}]","","234226550","10728035","8","64","3330288","","","",""
"before","512x512","1","editing-128","13940000","55243663","[{""name"":""generator.worker-oNQQ06IK.js"",""heap"":33274764,""backing"":304367550},{""name"":""checks.worker-DZTNBzPu.js"",""heap"":25732892,""backing"":28411073}]","","259916662","10732131","8","128","3330036","","","",""
"before","512x512","1","sampled-load","","","","[{""type"":""worker"",""name"":""generator.worker-oNQQ06IK.js"",""heapPeak"":63940128,""backingPeak"":64673688},{""type"":""worker"",""name"":""checks.worker-DZTNBzPu.js"",""heapPeak"":51333788,""backingPeak"":28935361},{""type"":""page"",""name"":""#v=0.7.0&s=4242&t=highlands&z=128&d=n"",""heapPeak"":24562140,""backingPeak"":89417753}]","","","","","","","","10","533"
"before","512x512","1","sampled-editing-or-save","","","","[{""type"":""worker"",""name"":""generator.worker-oNQQ06IK.js"",""heapPeak"":68429300,""backingPeak"":595895878},{""type"":""worker"",""name"":""checks.worker-DZTNBzPu.js"",""heapPeak"":89401236,""backingPeak"":187008193},{""type"":""page"",""name"":""#edit"",""heapPeak"":57593132,""backingPeak"":191206579}]","","","","","","","","305","397"
"before","128x512","1","open","8810492","13036401","[{""name"":""checks.worker-DZTNBzPu.js"",""heap"":7479120,""backing"":5977775},{""name"":""generator.worker-oNQQ06IK.js"",""heap"":12662196,""backing"":10107868}]","","4942212","2858341","1","0","1603448","","","",""
"before","128x512","1","end","11192404","20074572","[{""name"":""checks.worker-DZTNBzPu.js"",""heap"":8555676,""backing"":25507503},{""name"":""generator.worker-oNQQ06IK.js"",""heap"":13788436,""backing"":42568383}]","","30042500","2866325","8","128","1606056","","","",""
"before","128x512","1","OS-own-browser","","","","","","","","","","895418368","777654272","11",""
"before","128x512","1","editing-0","8819420","13036401","[{""name"":""checks.worker-DZTNBzPu.js"",""heap"":7479120,""backing"":5977775},{""name"":""generator.worker-oNQQ06IK.js"",""heap"":12682032,""backing"":10107868}]","","4942212","2858341","1","0","1603448","","","",""
"before","128x512","1","editing-8","10355308","16144032","[{""name"":""checks.worker-DZTNBzPu.js"",""heap"":8229112,""backing"":7550639},{""name"":""generator.worker-oNQQ06IK.js"",""heap"":13476588,""backing"":23890623}]","","8153476","2858885","2","8","1614816","","","",""
"before","128x512","1","editing-32","10474440","16401760","[{""name"":""checks.worker-DZTNBzPu.js"",""heap"":8276608,""backing"":7550639},{""name"":""generator.worker-oNQQ06IK.js"",""heap"":13717656,""backing"":36670143}]","","17787268","2860373","5","32","1612092","","","",""
"before","128x512","1","editing-64","10804312","17802452","[{""name"":""checks.worker-DZTNBzPu.js"",""heap"":8325640,""backing"":7550639},{""name"":""generator.worker-oNQQ06IK.js"",""heap"":13824912,""backing"":49449663}]","","27421060","2862357","8","64","1604652","","","",""
"before","128x512","1","editing-128","10939424","14783932","[{""name"":""checks.worker-DZTNBzPu.js"",""heap"":8400908,""backing"":7550639},{""name"":""generator.worker-oNQQ06IK.js"",""heap"":13918888,""backing"":49449663}]","","27421060","2866325","8","128","1609884","","","",""
"before","128x512","1","sampled-load","","","","[{""type"":""worker"",""name"":""checks.worker-DZTNBzPu.js"",""heapPeak"":18204252,""backingPeak"":9820847},{""type"":""worker"",""name"":""generator.worker-oNQQ06IK.js"",""heapPeak"":46604808,""backingPeak"":38945516},{""type"":""page"",""name"":""#v=0.7.0&s=4242&t=highlands&z=128&d=n"",""heapPeak"":15601832,""backingPeak"":22046510}]","","","","","","","","7","271"
"before","128x512","1","sampled-editing-or-save","","","","[{""type"":""worker"",""name"":""checks.worker-DZTNBzPu.js"",""heapPeak"":31364544,""backingPeak"":34551471},{""type"":""worker"",""name"":""generator.worker-oNQQ06IK.js"",""heapPeak"":23144896,""backingPeak"":123280853},{""type"":""page"",""name"":""#edit"",""heapPeak"":43832388,""backingPeak"":48524875}]","","","","","","","","125","276"
"before","512x256","1","open","9586348","23362450","[{""name"":""generator.worker-oNQQ06IK.js"",""heap"":19174156,""backing"":15580528},{""name"":""checks.worker-DZTNBzPu.js"",""heap"":13329136,""backing"":11382611}]","","9842200","5564354","1","0","2371052","","","",""
"before","512x256","1","end","11876252","25641976","[{""name"":""generator.worker-oNQQ06IK.js"",""heap"":20408152,""backing"":124803859},{""name"":""checks.worker-DZTNBzPu.js"",""heap"":14180328,""backing"":14528339}]","","100150808","5572595","8","128","2374508","","","",""
"before","512x256","1","OS-own-browser","","","","","","","","","","1189961728","643358720","17",""
"before","512x256","1","editing-0","9560848","23362450","[{""name"":""generator.worker-oNQQ06IK.js"",""heap"":19174204,""backing"":15580528},{""name"":""checks.worker-DZTNBzPu.js"",""heap"":13329136,""backing"":11382611}]","","9842200","5564354","1","0","2371052","","","",""
"before","512x256","1","editing-8","11042444","30338709","[{""name"":""generator.worker-oNQQ06IK.js"",""heap"":19957284,""backing"":43105648},{""name"":""checks.worker-DZTNBzPu.js"",""heap"":14046816,""backing"":14528339}]","","16264728","5564915","2","8","2376956","","","",""
"before","512x256","1","editing-32","11374664","26260653","[{""name"":""generator.worker-oNQQ06IK.js"",""heap"":20244616,""backing"":68705043},{""name"":""checks.worker-DZTNBzPu.js"",""heap"":14089164,""backing"":14528339}]","","35532312","5566451","5","32","2373524","","","",""
"before","512x256","1","editing-64","11344204","29222257","[{""name"":""generator.worker-oNQQ06IK.js"",""heap"":20415364,""backing"":116415251},{""name"":""checks.worker-DZTNBzPu.js"",""heap"":14120496,""backing"":14528339}]","","74853912","5568499","8","64","2374376","","","",""
"before","512x256","1","editing-128","12171396","26657109","[{""name"":""generator.worker-oNQQ06IK.js"",""heap"":20417148,""backing"":124803859},{""name"":""checks.worker-DZTNBzPu.js"",""heap"":14180328,""backing"":14528339}]","","99102232","5572595","8","128","2374508","","","",""
"before","512x256","1","sampled-load","","","","[{""type"":""worker"",""name"":""generator.worker-oNQQ06IK.js"",""heapPeak"":39994968,""backingPeak"":42600527},{""type"":""worker"",""name"":""checks.worker-DZTNBzPu.js"",""heapPeak"":35626884,""backingPeak"":16864083},{""type"":""page"",""name"":""#v=0.7.0&s=4242&t=highlands&z=128&d=n"",""heapPeak"":19041852,""backingPeak"":41154383}]","","","","","","","","7","322"
"before","512x256","1","sampled-editing-or-save","","","","[{""type"":""worker"",""name"":""generator.worker-oNQQ06IK.js"",""heapPeak"":35680844,""backingPeak"":265553237},{""type"":""worker"",""name"":""checks.worker-DZTNBzPu.js"",""heapPeak"":60738120,""backingPeak"":66433227},{""type"":""page"",""name"":""#edit"",""heapPeak"":46050996,""backingPeak"":70326375}]","","","","","","","","196","261"
"before","64x512","1","open","8543412","7668062","[{""name"":""checks.worker-DZTNBzPu.js"",""heap"":4553684,""backing"":3285322},{""name"":""generator.worker-oNQQ06IK.js"",""heap"":9378076,""backing"":7365091}]","","2485807","1462480","1","0","1027184","","","",""
"before","64x512","1","end","10515436","11344373","[{""name"":""checks.worker-DZTNBzPu.js"",""heap"":5489668,""backing"":13050186},{""name"":""generator.worker-oNQQ06IK.js"",""heap"":10401756,""backing"":23595351}]","","15035951","1470464","8","128","1026052","","","",""
"before","64x512","1","OS-own-browser","","","","","","","","","","819863552","819863552","6",""
"before","64x512","1","editing-0","8462032","7668062","[{""name"":""checks.worker-DZTNBzPu.js"",""heap"":4553684,""backing"":3285322},{""name"":""generator.worker-oNQQ06IK.js"",""heap"":9376224,""backing"":7365091}]","","2485807","1462480","1","0","1027184","","","",""
"before","64x512","1","editing-8","9502480","8128925","[{""name"":""checks.worker-DZTNBzPu.js"",""heap"":5172224,""backing"":4071754},{""name"":""generator.worker-oNQQ06IK.js"",""heap"":10150696,""backing"":14246371}]","","4091439","1463024","2","8","1017068","","","",""
"before","64x512","1","editing-32","9953188","8936322","[{""name"":""checks.worker-DZTNBzPu.js"",""heap"":5226180,""backing"":4071754},{""name"":""generator.worker-oNQQ06IK.js"",""heap"":10352348,""backing"":20646231}]","","8908335","1464512","5","32","1022940","","","",""
"before","64x512","1","editing-64","10017364","8928806","[{""name"":""checks.worker-DZTNBzPu.js"",""heap"":5254556,""backing"":4071754},{""name"":""generator.worker-oNQQ06IK.js"",""heap"":10419448,""backing"":27025891}]","","13725231","1466496","8","64","1025156","","","",""
"before","64x512","1","editing-128","10766936","8797018","[{""name"":""checks.worker-DZTNBzPu.js"",""heap"":5330596,""backing"":4071754},{""name"":""generator.worker-oNQQ06IK.js"",""heap"":10516988,""backing"":27035991}]","","13725231","1470464","8","128","1029884","","","",""
"before","64x512","1","sampled-load","","","","[{""type"":""worker"",""name"":""checks.worker-DZTNBzPu.js"",""heapPeak"":12739848,""backingPeak"":6243658},{""type"":""worker"",""name"":""generator.worker-oNQQ06IK.js"",""heapPeak"":35560020,""backingPeak"":29343210},{""type"":""page"",""name"":""#v=0.7.0&s=4242&t=highlands&z=128&d=n"",""heapPeak"":12723668,""backingPeak"":17398391}]","","","","","","","","6","216"
"before","64x512","1","sampled-editing-or-save","","","","[{""type"":""worker"",""name"":""checks.worker-DZTNBzPu.js"",""heapPeak"":25441136,""backingPeak"":16752970},{""type"":""worker"",""name"":""generator.worker-oNQQ06IK.js"",""heapPeak"":19476068,""backingPeak"":73130199},{""type"":""page"",""name"":""#edit"",""heapPeak"":36790540,""backingPeak"":21021526}]","","","","","","","","73","167"
"after","128x128","1","open","8192848","5019246","[{""name"":""generator.worker-DTkTSr0h.js"",""heap"":7769720,""backing"":6012466},{""name"":""checks.worker--6toVcK3.js"",""heap"":3039120,""backing"":1955241}]","","1276270","792087","1","0","770512","","","",""
"after","128x128","1","end","9606064","6299042","[{""name"":""generator.worker-DTkTSr0h.js"",""heap"":8779452,""backing"":20189706},{""name"":""checks.worker--6toVcK3.js"",""heap"":3782296,""backing"":2348457}]","","13089134","799943","8","128","768812","","","",""
"after","128x128","1","OS-own-browser","","","","","","","","","","750477312","725110784","5",""
"after","128x128","1","editing-0","8199364","5019246","[{""name"":""generator.worker-DTkTSr0h.js"",""heap"":7767772,""backing"":6012466},{""name"":""checks.worker--6toVcK3.js"",""heap"":3039120,""backing"":1955241}]","","1276270","792087","1","0","770512","","","",""
"after","128x128","1","editing-8","10300916","5422829","[{""name"":""generator.worker-DTkTSr0h.js"",""heap"":8438556,""backing"":7737866},{""name"":""checks.worker--6toVcK3.js"",""heap"":3604436,""backing"":2348457}]","","2079086","792623","2","8","767348","","","",""
"after","128x128","1","editing-32","8957460","6074802","[{""name"":""generator.worker-DTkTSr0h.js"",""heap"":8634372,""backing"":15028746},{""name"":""checks.worker--6toVcK3.js"",""heap"":3652136,""backing"":2348457}]","","8714606","794087","5","32","768380","","","",""
"after","128x128","1","editing-64","9792852","5747286","[{""name"":""generator.worker-DTkTSr0h.js"",""heap"":8698820,""backing"":21254666},{""name"":""checks.worker--6toVcK3.js"",""heap"":3693632,""backing"":2348457}]","","13891950","796039","8","64","767216","","","",""
"after","128x128","1","editing-128","9690996","5681990","[{""name"":""generator.worker-DTkTSr0h.js"",""heap"":8779784,""backing"":20189706},{""name"":""checks.worker--6toVcK3.js"",""heap"":3782296,""backing"":2348457}]","","13891950","799943","8","128","768812","","","",""
"after","128x128","1","sampled-load","","","","[{""type"":""worker"",""name"":""generator.worker-DTkTSr0h.js"",""heapPeak"":30662388,""backingPeak"":29343326},{""type"":""worker"",""name"":""checks.worker--6toVcK3.js"",""heapPeak"":13877524,""backingPeak"":4471209},{""type"":""page"",""name"":""#v=0.7.0&s=4242&t=highlands&z=128&d=n"",""heapPeak"":14289480,""backingPeak"":10359526}]","","","","","","","","6","1226"
"after","128x128","1","sampled-editing-or-save","","","","[{""type"":""worker"",""name"":""generator.worker-DTkTSr0h.js"",""heapPeak"":18367164,""backingPeak"":56940154},{""type"":""worker"",""name"":""checks.worker--6toVcK3.js"",""heapPeak"":11117800,""backingPeak"":10524073},{""type"":""page"",""name"":""#edit"",""heapPeak"":21866520,""backingPeak"":14853058}]","","","","","","","","54","188"
"after","256x256","1","open","8763388","12842360","[{""name"":""checks.worker--6toVcK3.js"",""heap"":7454032,""backing"":5990099},{""name"":""generator.worker-DTkTSr0h.js"",""heap"":12424708,""backing"":10107848}]","","4942136","2823807","1","0","1413748","","","",""
"after","256x256","1","end","10490512","14020376","[{""name"":""checks.worker--6toVcK3.js"",""heap"":8373720,""backing"":25519827},{""name"":""generator.worker-DTkTSr0h.js"",""heap"":13562056,""backing"":79596213}]","","61827384","2832048","8","128","1413264","","","",""
"after","256x256","1","OS-own-browser","","","","","","","","","","930344960","826621952","11",""
"after","256x256","1","editing-0","8769896","12842360","[{""name"":""checks.worker--6toVcK3.js"",""heap"":7454032,""backing"":5990099},{""name"":""generator.worker-DTkTSr0h.js"",""heap"":12422988,""backing"":10107848}]","","4942136","2823807","1","0","1413748","","","",""
"after","256x256","1","editing-8","11408980","16528005","[{""name"":""checks.worker--6toVcK3.js"",""heap"":8147364,""backing"":7562963},{""name"":""generator.worker-DTkTSr0h.js"",""heap"":13124504,""backing"":17009333}]","","8153400","2824368","2","8","1413144","","","",""
"after","256x256","1","editing-32","10173564","14805973","[{""name"":""checks.worker--6toVcK3.js"",""heap"":8331580,""backing"":7562963},{""name"":""generator.worker-DTkTSr0h.js"",""heap"":13358944,""backing"":41388725}]","","30959928","2825904","5","32","1413792","","","",""
"after","256x256","1","editing-64","11503336","14675721","[{""name"":""checks.worker--6toVcK3.js"",""heap"":8252152,""backing"":7562963},{""name"":""generator.worker-DTkTSr0h.js"",""heap"":13473152,""backing"":70552245}]","","58091832","2827952","8","64","1413264","","","",""
"after","256x256","1","editing-128","11663684","17783989","[{""name"":""checks.worker--6toVcK3.js"",""heap"":8295328,""backing"":7562963},{""name"":""generator.worker-DTkTSr0h.js"",""heap"":13553144,""backing"":79596213}]","","61827384","2832048","8","128","1413264","","","",""
"after","256x256","1","sampled-load","","","","[{""type"":""worker"",""name"":""checks.worker--6toVcK3.js"",""heapPeak"":15914120,""backingPeak"":9833171},{""type"":""worker"",""name"":""generator.worker-DTkTSr0h.js"",""heapPeak"":48490724,""backingPeak"":39430552},{""type"":""page"",""name"":""#v=0.7.0&s=4242&t=highlands&z=128&d=n"",""heapPeak"":15506824,""backingPeak"":21852469}]","","","","","","","","7","322"
"after","256x256","1","sampled-editing-or-save","","","","[{""type"":""worker"",""name"":""checks.worker--6toVcK3.js"",""heapPeak"":34490488,""backingPeak"":35022831},{""type"":""worker"",""name"":""generator.worker-DTkTSr0h.js"",""heapPeak"":23842388,""backingPeak"":152464684},{""type"":""page"",""name"":""#edit"",""heapPeak"":41755836,""backingPeak"":33110456}]","","","","","","","","128","257"
"after","512x512","1","open","10481964","43404555","[{""name"":""generator.worker-DTkTSr0h.js"",""heap"":31815108,""backing"":26414282},{""name"":""checks.worker--6toVcK3.js"",""heap"":24840188,""backing"":22119649}]","","19530614","10723890","1","0","3328408","","","",""
"after","512x512","1","end","12247928","49984018","[{""name"":""generator.worker-DTkTSr0h.js"",""heap"":33405600,""backing"":270288862},{""name"":""checks.worker--6toVcK3.js"",""heap"":25897588,""backing"":100238561}]","","221381494","10732131","8","128","3330036","","","",""
"after","512x512","1","OS-own-browser","","","","","","","","","","1635020800","1122959360","41",""
"after","512x512","1","editing-0","10490688","43404555","[{""name"":""generator.worker-DTkTSr0h.js"",""heap"":31815284,""backing"":26414282},{""name"":""checks.worker--6toVcK3.js"",""heap"":24864468,""backing"":28148961}]","","19530614","10723890","1","0","3328408","","","",""
"after","512x512","1","editing-8","15067900","56075519","[{""name"":""generator.worker-DTkTSr0h.js"",""heap"":32636156,""backing"":81624254},{""name"":""checks.worker--6toVcK3.js"",""heap"":25536604,""backing"":28411105}]","","32375670","10724451","2","8","3335944","","","",""
"after","512x512","1","editing-32","13033796","59672355","[{""name"":""generator.worker-DTkTSr0h.js"",""heap"":32956400,""backing"":126109662},{""name"":""checks.worker--6toVcK3.js"",""heap"":25678684,""backing"":28411105}]","","115213174","10725987","5","32","3330988","","","",""
"after","512x512","1","editing-64","14909172","55353803","[{""name"":""generator.worker-DTkTSr0h.js"",""heap"":33204236,""backing"":270288862},{""name"":""checks.worker--6toVcK3.js"",""heap"":25710344,""backing"":28411105}]","","234226550","10728035","8","64","3330288","","","",""
"after","512x512","1","editing-128","12195720","46313910","[{""name"":""generator.worker-DTkTSr0h.js"",""heap"":33314396,""backing"":270288862},{""name"":""checks.worker--6toVcK3.js"",""heap"":25897768,""backing"":100238561}]","","221381494","10732131","8","128","3330036","","","",""
"after","512x512","1","sampled-load","","","","[{""type"":""worker"",""name"":""generator.worker-DTkTSr0h.js"",""heapPeak"":60637432,""backingPeak"":68648330},{""type"":""worker"",""name"":""checks.worker--6toVcK3.js"",""heapPeak"":66032552,""backingPeak"":29197537},{""type"":""page"",""name"":""#v=0.7.0&s=4242&t=highlands&z=128&d=n"",""heapPeak"":23000264,""backingPeak"":89675214}]","","","","","","","","10","510"
"after","512x512","1","sampled-editing-or-save","","","","[{""type"":""worker"",""name"":""generator.worker-DTkTSr0h.js"",""heapPeak"":68395824,""backingPeak"":581762730},{""type"":""worker"",""name"":""checks.worker--6toVcK3.js"",""heapPeak"":83382744,""backingPeak"":223184097},{""type"":""page"",""name"":""#edit"",""heapPeak"":53584856,""backingPeak"":161242919}]","","","","","","","","415","981"
"after","128x512","1","open","10264068","13036932","[{""name"":""generator.worker-DTkTSr0h.js"",""heap"":12577724,""backing"":10107900},{""name"":""checks.worker--6toVcK3.js"",""heap"":7479056,""backing"":5977807}]","","4942212","2858341","1","0","1603448","","","",""
"after","128x512","1","end","11139204","19918563","[{""name"":""generator.worker-DTkTSr0h.js"",""heap"":13719008,""backing"":59935455},{""name"":""checks.worker--6toVcK3.js"",""heap"":8455728,""backing"":25507535}]","","46360964","2866325","8","128","1606584","","","",""
"after","128x512","1","OS-own-browser","","","","","","","","","","930639872","761225216","15",""
"after","128x512","1","editing-0","8818212","13036904","[{""name"":""generator.worker-DTkTSr0h.js"",""heap"":12578016,""backing"":10107900},{""name"":""checks.worker--6toVcK3.js"",""heap"":7479056,""backing"":5977807}]","","4942212","2858341","1","0","1603448","","","",""
"after","128x512","1","editing-8","10211248","18147315","[{""name"":""generator.worker-DTkTSr0h.js"",""heap"":13381616,""backing"":23890655},{""name"":""checks.worker--6toVcK3.js"",""heap"":8177068,""backing"":7550671}]","","8153476","2858885","2","8","1605576","","","",""
"after","128x512","1","editing-32","10632608","15584855","[{""name"":""generator.worker-DTkTSr0h.js"",""heap"":13631180,""backing"":36670175},{""name"":""checks.worker--6toVcK3.js"",""heap"":8255500,""backing"":7550671}]","","17787268","2860373","5","32","1607736","","","",""
"after","128x512","1","editing-64","11032312","16656423","[{""name"":""generator.worker-DTkTSr0h.js"",""heap"":13614828,""backing"":45189855},{""name"":""checks.worker--6toVcK3.js"",""heap"":8294168,""backing"":7550671}]","","32663940","2862357","8","64","1603860","","","",""
"after","128x512","1","editing-128","12024656","17431995","[{""name"":""generator.worker-DTkTSr0h.js"",""heap"":13821692,""backing"":68913887},{""name"":""checks.worker--6toVcK3.js"",""heap"":8372364,""backing"":7550671}]","","45836676","2866325","8","128","1605396","","","",""
"after","128x512","1","sampled-load","","","","[{""type"":""worker"",""name"":""generator.worker-DTkTSr0h.js"",""heapPeak"":48994932,""backingPeak"":40616891},{""type"":""worker"",""name"":""checks.worker--6toVcK3.js"",""heapPeak"":15807380,""backingPeak"":9820879},{""type"":""page"",""name"":""#v=0.7.0&s=4242&t=highlands&z=128&d=n"",""heapPeak"":12615436,""backingPeak"":21995197}]","","","","","","","","7","222"
"after","128x512","1","sampled-editing-or-save","","","","[{""type"":""worker"",""name"":""generator.worker-DTkTSr0h.js"",""heapPeak"":23093408,""backingPeak"":145249464},{""type"":""worker"",""name"":""checks.worker--6toVcK3.js"",""heapPeak"":34571744,""backingPeak"":33044769},{""type"":""page"",""name"":""#edit"",""heapPeak"":45040252,""backingPeak"":69676563}]","","","","","","","","144","393"
"after","512x256","1","open","9604780","23362953","[{""name"":""generator.worker-DTkTSr0h.js"",""heap"":18932772,""backing"":15580560},{""name"":""checks.worker--6toVcK3.js"",""heap"":13327072,""backing"":11382643}]","","9842200","5564354","1","0","2371052","","","",""
"after","512x256","1","end","11373592","25167760","[{""name"":""generator.worker-DTkTSr0h.js"",""heap"":20264440,""backing"":136469299},{""name"":""checks.worker--6toVcK3.js"",""heap"":14369832,""backing"":50442099}]","","109719064","5572595","8","128","2374376","","","",""
"after","512x256","1","OS-own-browser","","","","","","","","","","1174990848","877268992","24",""
"after","512x256","1","editing-0","9584880","23362953","[{""name"":""generator.worker-DTkTSr0h.js"",""heap"":18933576,""backing"":15580560},{""name"":""checks.worker--6toVcK3.js"",""heap"":13327072,""backing"":11382643}]","","9842200","5564354","1","0","2371052","","","",""
"after","512x256","1","editing-8","11250004","30320085","[{""name"":""generator.worker-DTkTSr0h.js"",""heap"":19820552,""backing"":43105680},{""name"":""checks.worker--6toVcK3.js"",""heap"":14048444,""backing"":14528371}]","","16264728","5564915","2","8","2385756","","","",""
"after","512x256","1","editing-32","11641944","29432205","[{""name"":""generator.worker-DTkTSr0h.js"",""heap"":20009492,""backing"":54942515},{""name"":""checks.worker--6toVcK3.js"",""heap"":14151080,""backing"":14528371}]","","47197720","5566451","5","32","2373524","","","",""
"after","512x256","1","editing-64","12045012","26551941","[{""name"":""generator.worker-DTkTSr0h.js"",""heap"":20178280,""backing"":107895603},{""name"":""checks.worker--6toVcK3.js"",""heap"":14182924,""backing"":14528371}]","","91762200","5568499","8","64","2374508","","","",""
"after","512x256","1","editing-128","12589880","26672637","[{""name"":""generator.worker-DTkTSr0h.js"",""heap"":20273192,""backing"":136469299},{""name"":""checks.worker--6toVcK3.js"",""heap"":14273808,""backing"":14528371}]","","108670488","5572595","8","128","2374508","","","",""
"after","512x256","1","sampled-load","","","","[{""type"":""worker"",""name"":""generator.worker-DTkTSr0h.js"",""heapPeak"":39578264,""backingPeak"":49799731},{""type"":""worker"",""name"":""checks.worker--6toVcK3.js"",""heapPeak"":13343268,""backingPeak"":16733043},{""type"":""page"",""name"":""#v=0.7.0&s=4242&t=highlands&z=128&d=n"",""heapPeak"":17215532,""backingPeak"":41116764}]","","","","","","","","8","543"
"after","512x256","1","sampled-editing-or-save","","","","[{""type"":""worker"",""name"":""generator.worker-DTkTSr0h.js"",""heapPeak"":39118924,""backingPeak"":361766252},{""type"":""worker"",""name"":""checks.worker--6toVcK3.js"",""heapPeak"":67840464,""backingPeak"":85962611},{""type"":""page"",""name"":""#edit"",""heapPeak"":44797304,""backingPeak"":81032166}]","","","","","","","","250","481"
"after","64x512","1","open","8485712","7668565","[{""name"":""checks.worker--6toVcK3.js"",""heap"":4553524,""backing"":3285354},{""name"":""generator.worker-DTkTSr0h.js"",""heap"":9311112,""backing"":7365123}]","","2485807","1462480","1","0","1027184","","","",""
"after","64x512","1","end","10400204","11045011","[{""name"":""checks.worker--6toVcK3.js"",""heap"":5644656,""backing"":13050218},{""name"":""generator.worker-DTkTSr0h.js"",""heap"":10440360,""backing"":23595383}]","","15035951","1470464","8","128","1026052","","","",""
"after","64x512","1","OS-own-browser","","","","","","","","","","784117760","668041216","9",""
"after","64x512","1","editing-0","8495424","7668565","[{""name"":""checks.worker--6toVcK3.js"",""heap"":4932548,""backing"":8036714},{""name"":""generator.worker-DTkTSr0h.js"",""heap"":9342348,""backing"":7365123}]","","2485807","1462480","1","0","1027184","","","",""
"after","64x512","1","editing-8","9641604","9775704","[{""name"":""checks.worker--6toVcK3.js"",""heap"":5271228,""backing"":4071786},{""name"":""generator.worker-DTkTSr0h.js"",""heap"":10200148,""backing"":14246403}]","","4091439","1463024","2","8","1020104","","","",""
"after","64x512","1","editing-32","10076408","9486764","[{""name"":""checks.worker--6toVcK3.js"",""heap"":5353872,""backing"":4071786},{""name"":""generator.worker-DTkTSr0h.js"",""heap"":10396660,""backing"":20646263}]","","8908335","1464512","5","32","1032972","","","",""
"after","64x512","1","editing-64","10100032","9482280","[{""name"":""checks.worker--6toVcK3.js"",""heap"":5377068,""backing"":4071786},{""name"":""generator.worker-DTkTSr0h.js"",""heap"":10461924,""backing"":27025923}]","","13725231","1466496","8","64","1035056","","","",""
"after","64x512","1","editing-128","11048112","8903384","[{""name"":""checks.worker--6toVcK3.js"",""heap"":5494156,""backing"":4071786},{""name"":""generator.worker-DTkTSr0h.js"",""heap"":10554540,""backing"":27036023}]","","13725231","1470464","8","128","1028836","","","",""
"after","64x512","1","sampled-load","","","","[{""type"":""worker"",""name"":""checks.worker--6toVcK3.js"",""heapPeak"":22128512,""backingPeak"":6243690},{""type"":""worker"",""name"":""generator.worker-DTkTSr0h.js"",""heapPeak"":43652816,""backingPeak"":29146630},{""type"":""page"",""name"":""#v=0.7.0&s=4242&t=highlands&z=128&d=n"",""heapPeak"":13829200,""backingPeak"":13204658}]","","","","","","","","6","269"
"after","64x512","1","sampled-editing-or-save","","","","[{""type"":""worker"",""name"":""checks.worker--6toVcK3.js"",""heapPeak"":30515868,""backingPeak"":16753002},{""type"":""worker"",""name"":""generator.worker-DTkTSr0h.js"",""heapPeak"":27684080,""backingPeak"":61014199},{""type"":""page"",""name"":""#edit"",""heapPeak"":32345080,""backingPeak"":19937216}]","","","","","","","","91","449"
"after","128x128","1","open","8198848","5019246","[{""name"":""generator.worker-DTkTSr0h.js"",""heap"":7775684,""backing"":6012466},{""name"":""checks.worker--6toVcK3.js"",""heap"":3039156,""backing"":1955241}]","","1276270","792087","1","0","770512","","","",""
"after","128x128","1","end","11959300","22352273","[{""name"":""generator.worker-DTkTSr0h.js"",""heap"":10889772,""backing"":9113234},{""name"":""checks.worker--6toVcK3.js"",""heap"":4657208,""backing"":4692153}]","","2652526","792129","1","1","476236","","","",""
"after","128x128","1","OS-own-browser","","","","","","","","","","895262720","622690304","19",""
"after","128x128","2","open","8254416","5019308","[{""name"":""generator.worker-DTkTSr0h.js"",""heap"":7747520,""backing"":6012466},{""name"":""checks.worker--6toVcK3.js"",""heap"":3038944,""backing"":1955241}]","","1276270","792087","1","0","770512","","","",""
"after","128x128","2","end","12387000","22352344","[{""name"":""generator.worker-DTkTSr0h.js"",""heap"":10852760,""backing"":9113234},{""name"":""checks.worker--6toVcK3.js"",""heap"":4655444,""backing"":4692153}]","","2652526","792129","1","1","476236","","","",""
"after","128x128","2","OS-own-browser","","","","","","","","","","927145984","891842560","18",""
"after","128x128","3","open","8215220","5019308","[{""name"":""checks.worker--6toVcK3.js"",""heap"":3038864,""backing"":1955241},{""name"":""generator.worker-DTkTSr0h.js"",""heap"":7749376,""backing"":6012466}]","","1276270","792087","1","0","770512","","","",""
"after","128x128","3","end","12395716","22352344","[{""name"":""checks.worker--6toVcK3.js"",""heap"":4665048,""backing"":4692153},{""name"":""generator.worker-DTkTSr0h.js"",""heap"":10865912,""backing"":9113234}]","","2652526","792129","1","1","476236","","","",""
"after","128x128","3","OS-own-browser","","","","","","","","","","939372544","888913920","18",""
"after","256x256","1","open","8819280","12842422","[{""name"":""checks.worker--6toVcK3.js"",""heap"":7453340,""backing"":5990099},{""name"":""generator.worker-DTkTSr0h.js"",""heap"":12519048,""backing"":10107848}]","","4942136","2823807","1","0","1413748","","","",""
"after","256x256","1","end","12733272","31556882","[{""name"":""checks.worker--6toVcK3.js"",""heap"":8871636,""backing"":15558355},{""name"":""generator.worker-DTkTSr0h.js"",""heap"":17597532,""backing"":22511196}]","","10447160","2823849","1","1","878604","","","",""
"after","256x256","1","OS-own-browser","","","","","","","","","","1163796480","1136304128","20",""
"after","256x256","2","open","8761636","12842422","[{""name"":""generator.worker-DTkTSr0h.js"",""heap"":12577308,""backing"":10107848},{""name"":""checks.worker--6toVcK3.js"",""heap"":7462140,""backing"":5990099}]","","4942136","2823807","1","0","1413748","","","",""
"after","256x256","2","end","12802016","31556882","[{""name"":""generator.worker-DTkTSr0h.js"",""heap"":17631060,""backing"":22511196},{""name"":""checks.worker--6toVcK3.js"",""heap"":8946928,""backing"":16990150}]","","10447160","2823849","1","1","878604","","","",""
"after","256x256","2","OS-own-browser","","","","","","","","","","1119973376","1119973376","20",""
"after","256x256","3","open","10116632","12842450","[{""name"":""generator.worker-DTkTSr0h.js"",""heap"":12540220,""backing"":10107848},{""name"":""checks.worker--6toVcK3.js"",""heap"":7451904,""backing"":5990099}]","","4942136","2823807","1","0","1413748","","","",""
"after","256x256","3","end","13120088","29918482","[{""name"":""generator.worker-DTkTSr0h.js"",""heap"":17599732,""backing"":22511196},{""name"":""checks.worker--6toVcK3.js"",""heap"":8844888,""backing"":15558355}]","","10447160","2823849","1","1","878604","","","",""
"after","256x256","3","OS-own-browser","","","","","","","","","","1135546368","509571072","21",""
"after","512x512","1","open","10479056","43404617","[{""name"":""generator.worker-DTkTSr0h.js"",""heap"":31478192,""backing"":26414282},{""name"":""checks.worker--6toVcK3.js"",""heap"":24834944,""backing"":22119649}]","","19530614","10723890","1","0","3328408","","","",""
"after","512x512","1","end","22594840","61949450","[{""name"":""generator.worker-DTkTSr0h.js"",""heap"":43672744,""backing"":76028058},{""name"":""checks.worker--6toVcK3.js"",""heap"":26507836,""backing"":68781281}]","","41550710","10723933","1","1","2222820","","","",""
"after","512x512","1","OS-own-browser","","","","","","","","","","1631629312","1433776128","47",""
"after","512x512","2","open","10518216","43404617","[{""name"":""checks.worker--6toVcK3.js"",""heap"":24840076,""backing"":22119649},{""name"":""generator.worker-DTkTSr0h.js"",""heap"":31658044,""backing"":26414282}]","","19530614","10723890","1","0","3328408","","","",""
"after","512x512","2","end","22819588","61425147","[{""name"":""checks.worker--6toVcK3.js"",""heap"":26433732,""backing"":64586977},{""name"":""generator.worker-DTkTSr0h.js"",""heap"":43882924,""backing"":76028058}]","","41550710","10723933","1","1","2222832","","","",""
"after","512x512","2","OS-own-browser","","","","","","","","","","1693368320","1679298560","38",""
"after","512x512","3","open","10509024","43404617","[{""name"":""checks.worker--6toVcK3.js"",""heap"":24828676,""backing"":22119649},{""name"":""generator.worker-DTkTSr0h.js"",""heap"":31709964,""backing"":26414282}]","","19530614","10723890","1","0","3328408","","","",""
"after","512x512","3","end","14745340","55657917","[{""name"":""checks.worker--6toVcK3.js"",""heap"":26421560,""backing"":64586977},{""name"":""generator.worker-DTkTSr0h.js"",""heap"":43899048,""backing"":76028058}]","","41550710","10723933","1","1","2222832","","","",""
"after","512x512","3","OS-own-browser","","","","","","","","","","1602031616","1528422400","39",""
"after","128x512","1","open","8865524","13036827","[{""name"":""checks.worker--6toVcK3.js"",""heap"":7478888,""backing"":5977807},{""name"":""generator.worker-DTkTSr0h.js"",""heap"":12470308,""backing"":10107900}]","","4942212","2858341","1","0","1603448","","","",""
"after","128x512","1","end","12666228","31692914","[{""name"":""checks.worker--6toVcK3.js"",""heap"":8937056,""backing"":16946459},{""name"":""generator.worker-DTkTSr0h.js"",""heap"":17173384,""backing"":22511272}]","","10447236","2858383","1","1","990088","","","",""
"after","128x512","1","OS-own-browser","","","","","","","","","","1111957504","1062146048","23",""
"after","128x512","2","open","8869772","13036827","[{""name"":""generator.worker-DTkTSr0h.js"",""heap"":12575544,""backing"":10107900},{""name"":""checks.worker--6toVcK3.js"",""heap"":7479136,""backing"":5977807}]","","4942212","2858341","1","0","1603448","","","",""
"after","128x512","2","end","12629456","31692902","[{""name"":""generator.worker-DTkTSr0h.js"",""heap"":17273816,""backing"":22511272},{""name"":""checks.worker--6toVcK3.js"",""heap"":8853112,""backing"":15546063}]","","10447236","2858383","1","1","990076","","","",""
"after","128x512","2","OS-own-browser","","","","","","","","","","1098473472","1075367936","23",""
"after","128x512","3","open","8853108","13036827","[{""name"":""generator.worker-DTkTSr0h.js"",""heap"":12619364,""backing"":10107900},{""name"":""checks.worker--6toVcK3.js"",""heap"":7477048,""backing"":5977807}]","","4942212","2858341","1","0","1603448","","","",""
"after","128x512","3","end","12666060","31692914","[{""name"":""generator.worker-DTkTSr0h.js"",""heap"":17313484,""backing"":22511272},{""name"":""checks.worker--6toVcK3.js"",""heap"":8851824,""backing"":15546063}]","","10447236","2858383","1","1","990088","","","",""
"after","128x512","3","OS-own-browser","","","","","","","","","","1087242240","662798336","24",""
"after","512x256","1","open","9591660","23362876","[{""name"":""checks.worker--6toVcK3.js"",""heap"":13328624,""backing"":11382643},{""name"":""generator.worker-DTkTSr0h.js"",""heap"":18923732,""backing"":15580560}]","","9842200","5564354","1","0","2371052","","","",""
"after","512x256","1","end","15110796","40573591","[{""name"":""checks.worker--6toVcK3.js"",""heap"":14890500,""backing"":32616307},{""name"":""generator.worker-DTkTSr0h.js"",""heap"":25795744,""backing"":40387388}]","","20852248","5564396","1","1","1437168","","","",""
"after","512x256","1","OS-own-browser","","","","","","","","","","1359978496","1303420928","29",""
"after","512x256","2","open","9587928","23362876","[{""name"":""generator.worker-DTkTSr0h.js"",""heap"":18922260,""backing"":15580560},{""name"":""checks.worker--6toVcK3.js"",""heap"":13328696,""backing"":11382643}]","","9842200","5564354","1","0","2371052","","","",""
"after","512x256","2","end","15094212","40573591","[{""name"":""generator.worker-DTkTSr0h.js"",""heap"":25796924,""backing"":40387388},{""name"":""checks.worker--6toVcK3.js"",""heap"":14834924,""backing"":32616307}]","","20852248","5564396","1","1","1437168","","","",""
"after","512x256","2","OS-own-browser","","","","","","","","","","1359953920","1079635968","30",""
"after","512x256","3","open","9588460","23362876","[{""name"":""generator.worker-DTkTSr0h.js"",""heap"":18922024,""backing"":15580560},{""name"":""checks.worker--6toVcK3.js"",""heap"":13328096,""backing"":11382643}]","","9842200","5564354","1","0","2371052","","","",""
"after","512x256","3","end","15083580","40573591","[{""name"":""generator.worker-DTkTSr0h.js"",""heap"":25798784,""backing"":40387388},{""name"":""checks.worker--6toVcK3.js"",""heap"":14836120,""backing"":32616307}]","","20852248","5564396","1","1","1437168","","","",""
"after","512x256","3","OS-own-browser","","","","","","","","","","1355653120","1355653120","29",""
"after","64x512","1","open","8541552","7668488","[{""name"":""checks.worker--6toVcK3.js"",""heap"":4553608,""backing"":3285354},{""name"":""generator.worker-DTkTSr0h.js"",""heap"":9297300,""backing"":7365123}]","","2485807","1462480","1","0","1027184","","","",""
"after","64x512","1","end","12912272","25471320","[{""name"":""checks.worker--6toVcK3.js"",""heap"":6117328,""backing"":8780237},{""name"":""generator.worker-DTkTSr0h.js"",""heap"":12782852,""backing"":13566803}]","","5238319","1462522","1","1","656500","","","",""
"after","64x512","1","OS-own-browser","","","","","","","","","","1000267776","1000267776","19",""
"after","64x512","2","open","8531908","7668488","[{""name"":""checks.worker--6toVcK3.js"",""heap"":4553444,""backing"":3285354},{""name"":""generator.worker-DTkTSr0h.js"",""heap"":9308804,""backing"":7365123}]","","2485807","1462480","1","0","1027184","","","",""
"after","64x512","2","end","12842908","25471320","[{""name"":""checks.worker--6toVcK3.js"",""heap"":6177008,""backing"":8780237},{""name"":""generator.worker-DTkTSr0h.js"",""heap"":12800140,""backing"":13566803}]","","5238319","1462522","1","1","656500","","","",""
"after","64x512","2","OS-own-browser","","","","","","","","","","1060896768","1060896768","19",""
"after","64x512","3","open","9769532","7668516","[{""name"":""generator.worker-DTkTSr0h.js"",""heap"":9352384,""backing"":7365123},{""name"":""checks.worker--6toVcK3.js"",""heap"":4553556,""backing"":3285354}]","","2485807","1462480","1","0","1027184","","","",""
"after","64x512","3","end","12919716","25471320","[{""name"":""generator.worker-DTkTSr0h.js"",""heap"":12828300,""backing"":13566803},{""name"":""checks.worker--6toVcK3.js"",""heap"":6168584,""backing"":8780237}]","","5238319","1462522","1","1","656500","","","",""
"after","64x512","3","OS-own-browser","","","","","","","","","","1036345344","1036345344","21",""
"before","128x128","1","open","8208100","5018743","[{""name"":""checks.worker-DZTNBzPu.js"",""heap"":3038824,""backing"":1955209},{""name"":""generator.worker-oNQQ06IK.js"",""heap"":7778576,""backing"":6012434}]","","1276270","792087","1","0","770512","","","",""
"before","128x128","1","end","12421952","22351770","[{""name"":""checks.worker-DZTNBzPu.js"",""heap"":4670564,""backing"":4692121},{""name"":""generator.worker-oNQQ06IK.js"",""heap"":10892596,""backing"":9113202}]","","2652526","792129","1","1","476236","","","",""
"before","128x128","1","OS-own-browser","","","","","","","","","","884748288","522264576","19",""
"before","128x128","2","open","8224604","5018805","[{""name"":""checks.worker-DZTNBzPu.js"",""heap"":3038556,""backing"":1955209},{""name"":""generator.worker-oNQQ06IK.js"",""heap"":7737852,""backing"":6012434}]","","1276270","792087","1","0","770512","","","",""
"before","128x128","2","end","11920316","22351841","[{""name"":""checks.worker-DZTNBzPu.js"",""heap"":4676272,""backing"":4692121},{""name"":""generator.worker-oNQQ06IK.js"",""heap"":10854092,""backing"":9113202}]","","2652526","792129","1","1","476236","","","",""
"before","128x128","2","OS-own-browser","","","","","","","","","","953356288","884760576","18",""
"before","128x128","3","open","8200044","5018805","[{""name"":""checks.worker-DZTNBzPu.js"",""heap"":3039824,""backing"":1955209},{""name"":""generator.worker-oNQQ06IK.js"",""heap"":7780980,""backing"":6012434}]","","1276270","792087","1","0","770512","","","",""
"before","128x128","3","end","12369244","22351841","[{""name"":""checks.worker-DZTNBzPu.js"",""heap"":4644488,""backing"":4692121},{""name"":""generator.worker-oNQQ06IK.js"",""heap"":10901124,""backing"":9113202}]","","2652526","792129","1","1","476236","","","",""
"before","128x128","3","OS-own-browser","","","","","","","","","","924475392","878919680","18",""
"before","256x256","1","open","8780668","12841919","[{""name"":""checks.worker-DZTNBzPu.js"",""heap"":7453648,""backing"":5990067},{""name"":""generator.worker-oNQQ06IK.js"",""heap"":12528272,""backing"":10107816}]","","4942136","2823807","1","0","1413748","","","",""
"before","256x256","1","end","12631296","31556379","[{""name"":""checks.worker-DZTNBzPu.js"",""heap"":9029736,""backing"":16994997},{""name"":""generator.worker-oNQQ06IK.js"",""heap"":17598068,""backing"":22511164}]","","10447160","2823849","1","1","878604","","","",""
"before","256x256","1","OS-own-browser","","","","","","","","","","1130008576","1068240896","22",""
"before","256x256","2","open","10186444","12841947","[{""name"":""checks.worker-DZTNBzPu.js"",""heap"":7454268,""backing"":5990067},{""name"":""generator.worker-oNQQ06IK.js"",""heap"":12523676,""backing"":10107816}]","","4942136","2823807","1","0","1413748","","","",""
"before","256x256","2","end","13013816","31556392","[{""name"":""checks.worker-DZTNBzPu.js"",""heap"":8843436,""backing"":15558323},{""name"":""generator.worker-oNQQ06IK.js"",""heap"":17587272,""backing"":22511164}]","","10447160","2823849","1","1","878604","","","",""
"before","256x256","2","OS-own-browser","","","","","","","","","","1094873088","1050279936","22",""
"before","256x256","3","open","10110788","12841947","[{""name"":""checks.worker-DZTNBzPu.js"",""heap"":7452876,""backing"":5990067},{""name"":""generator.worker-oNQQ06IK.js"",""heap"":12567332,""backing"":10107816}]","","4942136","2823807","1","0","1413748","","","",""
"before","256x256","3","end","12708172","31556379","[{""name"":""checks.worker-DZTNBzPu.js"",""heap"":8882408,""backing"":15558323},{""name"":""generator.worker-oNQQ06IK.js"",""heap"":17622844,""backing"":22511164}]","","10447160","2823849","1","1","878604","","","",""
"before","256x256","3","OS-own-browser","","","","","","","","","","1150500864","1050910720","22",""
"before","512x512","1","open","10539708","43404114","[{""name"":""generator.worker-oNQQ06IK.js"",""heap"":31649956,""backing"":26414250},{""name"":""checks.worker-DZTNBzPu.js"",""heap"":24839092,""backing"":22119617}]","","19530614","10723890","1","0","3328408","","","",""
"before","512x512","1","end","14912344","54608795","[{""name"":""generator.worker-oNQQ06IK.js"",""heap"":33665340,""backing"":62920826},{""name"":""checks.worker-DZTNBzPu.js"",""heap"":25835860,""backing"":68781249}]","","41550710","10723933","1","1","2222820","","","",""
"before","512x512","1","OS-own-browser","","","","","","","","","","1522876416","1224179712","22",""
"before","512x512","2","open","10521648","43404114","[{""name"":""checks.worker-DZTNBzPu.js"",""heap"":24835256,""backing"":22119617},{""name"":""generator.worker-oNQQ06IK.js"",""heap"":31621376,""backing"":26414250}]","","19530614","10723890","1","0","3328408","","","",""
"before","512x512","2","end","14986656","54608795","[{""name"":""checks.worker-DZTNBzPu.js"",""heap"":26061972,""backing"":68781249},{""name"":""generator.worker-oNQQ06IK.js"",""heap"":33657500,""backing"":62920826}]","","41550710","10723933","1","1","2222820","","","",""
"before","512x512","2","OS-own-browser","","","","","","","","","","1473617920","1423921152","21",""
"before","512x512","3","open","10521024","43404114","[{""name"":""generator.worker-oNQQ06IK.js"",""heap"":31656072,""backing"":26414250},{""name"":""checks.worker-DZTNBzPu.js"",""heap"":24824356,""backing"":22119617}]","","19530614","10723890","1","0","3328408","","","",""
"before","512x512","3","end","14908364","54608809","[{""name"":""generator.worker-oNQQ06IK.js"",""heap"":33678424,""backing"":62920826},{""name"":""checks.worker-DZTNBzPu.js"",""heap"":25788792,""backing"":68781249}]","","41550710","10723933","1","1","2222820","","","",""
"before","512x512","3","OS-own-browser","","","","","","","","","","1508896768","1406025728","21",""
"before","128x512","1","open","8845452","13036324","[{""name"":""generator.worker-oNQQ06IK.js"",""heap"":12628232,""backing"":10107868},{""name"":""checks.worker-DZTNBzPu.js"",""heap"":7478400,""backing"":5977775}]","","4942212","2858341","1","0","1603448","","","",""
"before","128x512","1","end","12348692","31430227","[{""name"":""generator.worker-oNQQ06IK.js"",""heap"":14589968,""backing"":19234440},{""name"":""checks.worker-DZTNBzPu.js"",""heap"":8237576,""backing"":12924591}]","","10447236","2858383","1","1","990088","","","",""
"before","128x512","1","OS-own-browser","","","","","","","","","","1035657216","1005965312","15",""
"before","128x512","2","open","8873676","13036324","[{""name"":""checks.worker-DZTNBzPu.js"",""heap"":7478940,""backing"":5977775},{""name"":""generator.worker-oNQQ06IK.js"",""heap"":12636556,""backing"":10107868}]","","4942212","2858341","1","0","1603448","","","",""
"before","128x512","2","end","12359288","31430241","[{""name"":""checks.worker-DZTNBzPu.js"",""heap"":8316828,""backing"":12924591},{""name"":""generator.worker-oNQQ06IK.js"",""heap"":14617028,""backing"":19234440}]","","10447236","2858383","1","1","990088","","","",""
"before","128x512","2","OS-own-browser","","","","","","","","","","1069260800","993775616","16",""
"before","128x512","3","open","9778732","13036352","[{""name"":""checks.worker-DZTNBzPu.js"",""heap"":7479988,""backing"":5977775},{""name"":""generator.worker-oNQQ06IK.js"",""heap"":12628984,""backing"":10107868}]","","4942212","2858341","1","0","1603448","","","",""
"before","128x512","3","end","12348208","33068641","[{""name"":""checks.worker-DZTNBzPu.js"",""heap"":8230348,""backing"":12924591},{""name"":""generator.worker-oNQQ06IK.js"",""heap"":14555628,""backing"":19234440}]","","10447236","2858383","1","1","990088","","","",""
"before","128x512","3","OS-own-browser","","","","","","","","","","1061249024","992641024","15",""
"before","512x256","1","open","9587136","23362373","[{""name"":""checks.worker-DZTNBzPu.js"",""heap"":13328552,""backing"":11382611},{""name"":""generator.worker-oNQQ06IK.js"",""heap"":18926208,""backing"":15580528}]","","9842200","5564354","1","0","2371052","","","",""
"before","512x256","1","end","14884264","40704120","[{""name"":""checks.worker-DZTNBzPu.js"",""heap"":14111728,""backing"":25276243},{""name"":""generator.worker-oNQQ06IK.js"",""heap"":20904400,""backing"":33833756}]","","20852248","5564396","1","1","1437168","","","",""
"before","512x256","1","OS-own-browser","","","","","","","","","","1233231872","837959680","18",""
"before","512x256","2","open","9594040","23362373","[{""name"":""generator.worker-oNQQ06IK.js"",""heap"":18923444,""backing"":15580528},{""name"":""checks.worker-DZTNBzPu.js"",""heap"":13327924,""backing"":11382611}]","","9842200","5564354","1","0","2371052","","","",""
"before","512x256","2","end","14871820","40704134","[{""name"":""generator.worker-oNQQ06IK.js"",""heap"":20899492,""backing"":33833756},{""name"":""checks.worker-DZTNBzPu.js"",""heap"":14411140,""backing"":65515347}]","","20852248","5564396","1","1","1437168","","","",""
"before","512x256","2","OS-own-browser","","","","","","","","","","1294581760","876490752","17",""
"before","512x256","3","open","9555828","23362373","[{""name"":""checks.worker-DZTNBzPu.js"",""heap"":13328800,""backing"":11382611},{""name"":""generator.worker-oNQQ06IK.js"",""heap"":18931784,""backing"":15580528}]","","9842200","5564354","1","0","2371052","","","",""
"before","512x256","3","end","14785772","40704134","[{""name"":""checks.worker-DZTNBzPu.js"",""heap"":14080484,""backing"":25276243},{""name"":""generator.worker-oNQQ06IK.js"",""heap"":20915104,""backing"":33833756}]","","20852248","5564396","1","1","1437168","","","",""
"before","512x256","3","OS-own-browser","","","","","","","","","","1262387200","894971904","18",""
"before","64x512","1","open","8539480","7667985","[{""name"":""checks.worker-DZTNBzPu.js"",""heap"":4553580,""backing"":3285322},{""name"":""generator.worker-oNQQ06IK.js"",""heap"":9348640,""backing"":7365091}]","","2485807","1462480","1","0","1027184","","","",""
"before","64x512","1","end","12255340","25339693","[{""name"":""checks.worker-DZTNBzPu.js"",""heap"":5279360,""backing"":6758730},{""name"":""generator.worker-oNQQ06IK.js"",""heap"":11272716,""backing"":11928371}]","","5238319","1462522","1","1","656488","","","",""
"before","64x512","1","OS-own-browser","","","","","","","","","","936255488","935608320","15",""
"before","64x512","2","open","8473632","7667985","[{""name"":""checks.worker-DZTNBzPu.js"",""heap"":4553572,""backing"":3285322},{""name"":""generator.worker-oNQQ06IK.js"",""heap"":9312356,""backing"":7365091}]","","2485807","1462480","1","0","1027184","","","",""
"before","64x512","2","end","12291628","25339705","[{""name"":""checks.worker-DZTNBzPu.js"",""heap"":5274604,""backing"":6758730},{""name"":""generator.worker-oNQQ06IK.js"",""heap"":11218004,""backing"":11928371}]","","5238319","1462522","1","1","656500","","","",""
"before","64x512","2","OS-own-browser","","","","","","","","","","941977600","941977600","15",""
"before","64x512","3","open","8556888","7667985","[{""name"":""checks.worker-DZTNBzPu.js"",""heap"":4553244,""backing"":3285322},{""name"":""generator.worker-oNQQ06IK.js"",""heap"":9313764,""backing"":7365091}]","","2485807","1462480","1","0","1027184","","","",""
"before","64x512","3","end","12297348","25339705","[{""name"":""checks.worker-DZTNBzPu.js"",""heap"":5272672,""backing"":6758730},{""name"":""generator.worker-oNQQ06IK.js"",""heap"":11233284,""backing"":11928371}]","","5238319","1462522","1","1","656500","","","",""
"before","64x512","3","OS-own-browser","","","","","","","","","","944148480","944148480","15",""
