engine,id,kind,name,before_median_ms,before_worst_ms,after_median_ms,after_worst_ms,before_0,before_1,before_2,after_0,after_1,after_2,cpu_mean_percent,cpu_max_percent,cpu_samples
"chromium","m9b-any-128-1","kernel","levelRegions",1.199999988079071,2.699999988079071,0.800000011920929,0.800000011920929,1.199999988079071,0.6000000238418579,2.699999988079071,0.800000011920929,0.699999988079071,0.800000011920929,100,100,5
"chromium","m9b-any-128-1","kernel","distanceFrom",0.6000000238418579,0.699999988079071,0.19999998807907104,2,0.5,0.6000000238418579,0.699999988079071,0.19999998807907104,0.19999998807907104,2,100,100,5
"chromium","m9b-any-128-1","kernel","spillLevels",3.699999988079071,12.100000023841858,1.800000011920929,3,3.400000035762787,12.100000023841858,3.699999988079071,3,1.800000011920929,1.5,100,100,5
"chromium","m9b-any-128-1","kernel","walkDistance",5.199999988079071,5.399999976158142,0.5,0.9000000357627869,5.399999976158142,5.199999988079071,0.699999988079071,0.30000001192092896,0.5,0.9000000357627869,100,100,5
"chromium","m9b-any-128-1","kernel","landRegions",0.800000011920929,1.5,0.5,0.6000000238418579,1.5,0.800000011920929,0.5999999642372131,0.6000000238418579,0.5,0.40000003576278687,100,100,5
"chromium","m9b-any-128-1","kernel","walkRegions",1.199999988079071,3.699999988079071,0.9000000357627869,1.2000000476837158,1.199999988079071,3.699999988079071,0.800000011920929,0.9000000357627869,1.2000000476837158,0.699999988079071,100,100,5
"chromium","m9b-any-128-1","kernel","components",0.40000003576278687,3.800000011920929,0.30000001192092896,0.40000003576278687,0.40000003576278687,3.800000011920929,0.20000004768371582,0.30000001192092896,0.40000003576278687,0.19999998807907104,100,100,5
"chromium","m9b-any-128-1","kernel","damSites",142.4000000357628,166.80000001192093,48.19999998807907,62.59999996423721,117.30000001192093,142.4000000357628,166.80000001192093,48,62.59999996423721,48.19999998807907,100,100,5
"chromium","m9b-any-128-1","kernel","roomMap",27.5,42.80000001192093,5.199999988079071,28.400000035762787,42.80000001192093,27.5,16.19999998807907,5.199999988079071,4.5,28.400000035762787,100,100,5
"chromium","m9b-any-128-1","complete","checks",366,423.30000001192093,174.5,205.10000002384186,366,286.60000002384186,423.30000001192093,174.5,205.10000002384186,158.79999995231628,100,100,5
"chromium","m9b-any-128-1","complete","measures",29.19999998807907,29.400000035762787,4.300000011920929,10.699999988079071,29.400000035762787,29.19999998807907,22,10.699999988079071,4.100000023841858,4.300000011920929,100,100,5
"chromium","m9b-any-128-1","complete","outcomes",18.5,59.30000001192093,17.799999952316284,39,59.30000001192093,18.5,9.100000023841858,39,14.899999976158142,17.799999952316284,100,100,5
"chromium","m9b-any-256-1","kernel","levelRegions",2.300000011920929,16.69999998807907,13.600000023841858,70.10000002384186,2.300000011920929,2.299999952316284,16.69999998807907,3.199999988079071,70.10000002384186,13.600000023841858,99.998263968557,100,51
"chromium","m9b-any-256-1","kernel","distanceFrom",2,2.5,0.800000011920929,0.800000011920929,1.5,2,2.5,0.800000011920929,0.699999988079071,0.800000011920929,99.998263968557,100,51
"chromium","m9b-any-256-1","kernel","spillLevels",38.39999997615814,125.5,36.69999998807907,143.69999998807907,125.5,26.80000001192093,38.39999997615814,12,36.69999998807907,143.69999998807907,99.998263968557,100,51
"chromium","m9b-any-256-1","kernel","walkDistance",106.5,110.90000003576279,1.0999999642372131,1.100000023841858,106.5,110.90000003576279,3.5,1,1.0999999642372131,1.100000023841858,99.998263968557,100,51
"chromium","m9b-any-256-1","kernel","landRegions",4,112.30000001192093,2.699999988079071,3.699999988079071,4,112.30000001192093,3.800000011920929,2.100000023841858,3.699999988079071,2.699999988079071,99.998263968557,100,51
"chromium","m9b-any-256-1","kernel","walkRegions",4.699999988079071,92.59999996423721,2.400000035762787,4.800000011920929,4.699999988079071,4.5,92.59999996423721,2.400000035762787,2.300000011920929,4.800000011920929,99.998263968557,100,51
"chromium","m9b-any-256-1","kernel","components",0.5999999642372131,0.8999999761581421,0.9000000357627869,3.5,0.5,0.5999999642372131,0.8999999761581421,0.800000011920929,3.5,0.9000000357627869,99.998263968557,100,51
"chromium","m9b-any-256-1","kernel","damSites",629,682.2999999523163,189.9000000357628,298.60000002384186,616.3999999761581,682.2999999523163,629,298.60000002384186,189.9000000357628,126.10000002384186,99.998263968557,100,51
"chromium","m9b-any-256-1","kernel","roomMap",2958.7000000476837,3081.5,1201.4000000357628,1792.5,3081.5,2958.7000000476837,2883.100000023842,1201.4000000357628,902.7999999523163,1792.5,99.998263968557,100,51
"chromium","m9b-any-256-1","complete","checks",2717,3329.899999976158,1949.9000000357628,2041.3999999761581,2678.2000000476837,2717,3329.899999976158,2041.3999999761581,1828.5,1949.9000000357628,99.998263968557,100,51
"chromium","m9b-any-256-1","complete","measures",110.5,224.70000004768372,104.09999996423721,106.89999997615814,224.70000004768372,110.5,93.5,106.89999997615814,104.09999996423721,92.80000001192093,99.998263968557,100,51
"chromium","m9b-any-256-1","complete","outcomes",98.40000003576279,199.80000001192093,115.80000001192093,128.69999998807907,199.80000001192093,98.30000001192093,98.40000003576279,115.80000001192093,128.69999998807907,90.89999997615814,99.998263968557,100,51
"chromium","m9b-any-96-1","kernel","levelRegions",0.40000003576278687,0.40000003576278687,0.3999999761581421,0.40000003576278687,0.40000003576278687,0.40000003576278687,0.30000001192092896,0.30000001192092896,0.3999999761581421,0.40000003576278687,100,100,13
"chromium","m9b-any-96-1","kernel","distanceFrom",1.300000011920929,2.399999976158142,0.09999996423721313,0.19999998807907104,2.399999976158142,1.300000011920929,0.5,0.09999996423721313,0.19999998807907104,0.09999996423721313,100,100,13
"chromium","m9b-any-96-1","kernel","spillLevels",2,3.199999988079071,1.100000023841858,1.5,3.199999988079071,2,1.300000011920929,0.9000000357627869,1.100000023841858,1.5,100,100,13
"chromium","m9b-any-96-1","kernel","walkDistance",2.600000023841858,2.800000011920929,0.3999999761581421,0.5999999642372131,2.800000011920929,2.600000023841858,1.9000000357627869,0.30000001192092896,0.5999999642372131,0.3999999761581421,100,100,13
"chromium","m9b-any-96-1","kernel","landRegions",0.3999999761581421,1.600000023841858,0.30000001192092896,0.3999999761581421,1.600000023841858,0.3999999761581421,0.30000001192092896,0.3999999761581421,0.30000001192092896,0.2999999523162842,100,100,13
"chromium","m9b-any-96-1","kernel","walkRegions",0.5,0.9000000357627869,0.8999999761581421,106.89999997615814,0.9000000357627869,0.5,0.5,0.8999999761581421,106.89999997615814,0.30000001192092896,100,100,13
"chromium","m9b-any-96-1","kernel","components",0.10000002384185791,0.5,0.19999998807907104,0.20000004768371582,0.5,0.10000002384185791,0,0.19999998807907104,0.19999998807907104,0.20000004768371582,100,100,13
"chromium","m9b-any-96-1","kernel","damSites",262.39999997615814,343.39999997615814,147.60000002384186,155.39999997615814,258.30000001192093,262.39999997615814,343.39999997615814,147.60000002384186,29.900000035762787,155.39999997615814,100,100,13
"chromium","m9b-any-96-1","kernel","roomMap",4.400000035762787,124.10000002384186,2.699999988079071,3.199999988079071,4.400000035762787,124.10000002384186,3.399999976158142,3.199999988079071,2.699999988079071,1.7000000476837158,100,100,13
"chromium","m9b-any-96-1","complete","checks",1014.3000000119209,1080.2999999523163,565.5,662.1999999880791,1014.3000000119209,1080.2999999523163,600.8999999761581,565.5,486.30000001192093,662.1999999880791,100,100,13
"chromium","m9b-any-96-1","complete","measures",5.199999988079071,9.300000011920929,17.30000001192093,103.30000001192093,9.300000011920929,5.199999988079071,3.600000023841858,17.30000001192093,103.30000001192093,4,100,100,13
"chromium","m9b-any-96-1","complete","outcomes",5.199999988079071,11.800000011920929,24.899999976158142,126.80000001192093,11.800000011920929,5.199999988079071,2.599999964237213,126.80000001192093,24.899999976158142,2.200000047683716,100,100,13
"chromium","m9b-canyon-128-1","kernel","levelRegions",0.800000011920929,1.800000011920929,0.800000011920929,0.8999999761581421,1.800000011920929,0.800000011920929,0.5,0.800000011920929,0.8999999761581421,0.699999988079071,100,100,10
"chromium","m9b-canyon-128-1","kernel","distanceFrom",0.30000001192092896,0.40000003576278687,0.19999998807907104,0.3999999761581421,0.30000001192092896,0.30000001192092896,0.40000003576278687,0.19999998807907104,0.19999998807907104,0.3999999761581421,100,100,10
"chromium","m9b-canyon-128-1","kernel","spillLevels",2.200000047683716,2.599999964237213,1.399999976158142,5.700000047683716,2.599999964237213,2.200000047683716,2,5.700000047683716,1.399999976158142,1.300000011920929,100,100,10
"chromium","m9b-canyon-128-1","kernel","walkDistance",0.6000000238418579,0.699999988079071,0.3999999761581421,0.7999999523162842,0.6000000238418579,0.5,0.699999988079071,0.7999999523162842,0.3999999761581421,0.3999999761581421,100,100,10
"chromium","m9b-canyon-128-1","kernel","landRegions",1.0999999642372131,2.5,1.100000023841858,1.7999999523162842,0.9000000357627869,2.5,1.0999999642372131,1.7999999523162842,1.100000023841858,0.9000000357627869,100,100,10
"chromium","m9b-canyon-128-1","kernel","walkRegions",1.100000023841858,1.4000000357627869,0.5,0.5999999642372131,1.4000000357627869,1.100000023841858,0.699999988079071,0.5999999642372131,0.5,0.5,100,100,10
"chromium","m9b-canyon-128-1","kernel","components",0.19999998807907104,0.30000001192092896,0.5,0.699999988079071,0.19999998807907104,0.30000001192092896,0.09999996423721313,0.19999998807907104,0.699999988079071,0.5,100,100,10
"chromium","m9b-canyon-128-1","kernel","damSites",524,531.3000000119209,248.4000000357628,270.5,411.80000001192093,531.3000000119209,524,248.4000000357628,207.19999998807907,270.5,100,100,10
"chromium","m9b-canyon-128-1","kernel","roomMap",133.69999998807907,214.80000001192093,13.5,100.39999997615814,133.69999998807907,214.80000001192093,92.5,10.5,13.5,100.39999997615814,100,100,10
"chromium","m9b-canyon-128-1","complete","checks",994.1000000238419,1123.0999999642372,655.6999999880791,819.6000000238419,674.5999999642372,1123.0999999642372,994.1000000238419,819.6000000238419,604.1000000238419,655.6999999880791,100,100,10
"chromium","m9b-canyon-128-1","complete","measures",105,113.30000001192093,6.800000011920929,12.699999988079071,113.30000001192093,105,4.199999988079071,12.699999988079071,6.800000011920929,4.5,100,100,10
"chromium","m9b-canyon-128-1","complete","outcomes",96.60000002384186,99.5,6,9.100000023841858,96.60000002384186,15.299999952316284,99.5,9.100000023841858,6,4.600000023841858,100,100,10
"chromium","m9b-canyon-256-1","kernel","levelRegions",2,108.69999998807907,4.099999964237213,8.700000047683716,2,108.69999998807907,2,3.399999976158142,8.700000047683716,4.099999964237213,100,100,36
"chromium","m9b-canyon-256-1","kernel","distanceFrom",1.300000011920929,119.89999997615814,10.800000011920929,94.19999998807907,1.2000000476837158,1.300000011920929,119.89999997615814,0.5999999642372131,94.19999998807907,10.800000011920929,100,100,36
"chromium","m9b-canyon-256-1","kernel","spillLevels",17.900000035762787,20.100000023841858,98.19999998807907,98.59999996423721,17.900000035762787,20.100000023841858,11,98.59999996423721,98.19999998807907,88.5,100,100,36
"chromium","m9b-canyon-256-1","kernel","walkDistance",1.199999988079071,1.399999976158142,1,1.4000000357627869,1.399999976158142,1.199999988079071,1,1,1.4000000357627869,0.8999999761581421,100,100,36
"chromium","m9b-canyon-256-1","kernel","landRegions",3.099999964237213,68,2.199999988079071,4.800000011920929,2.599999964237213,68,3.099999964237213,4.800000011920929,2.199999988079071,2.100000023841858,100,100,36
"chromium","m9b-canyon-256-1","kernel","walkRegions",2.600000023841858,5.199999988079071,2.800000011920929,66,2.600000023841858,5.199999988079071,2.600000023841858,66,2.800000011920929,2.199999988079071,100,100,36
"chromium","m9b-canyon-256-1","kernel","components",0.5999999642372131,0.6000000238418579,1,1,0.5,0.6000000238418579,0.5999999642372131,1,1,0.9000000357627869,100,100,36
"chromium","m9b-canyon-256-1","kernel","damSites",631.1999999880791,803.8000000119209,282.10000002384186,322.60000002384186,803.8000000119209,631.1999999880791,575.7999999523163,243.89999997615814,322.60000002384186,282.10000002384186,100,100,36
"chromium","m9b-canyon-256-1","kernel","roomMap",1765.8999999761581,1856.1000000238419,728.5999999642372,844.3000000119209,1856.1000000238419,1765.8999999761581,1560.800000011921,728.5999999642372,647.3000000119209,844.3000000119209,100,100,36
"chromium","m9b-canyon-256-1","complete","checks",3381.2999999523163,3633.099999964237,2520.300000011921,2733.900000035763,3633.099999964237,3381.2999999523163,3066.699999988079,2733.900000035763,2520.300000011921,1886.5,100,100,36
"chromium","m9b-canyon-256-1","complete","measures",139,149.80000001192093,114,144,139,149.80000001192093,117.5,114,144,12,100,100,36
"chromium","m9b-canyon-256-1","complete","outcomes",142.30000001192093,159.69999998807907,132.0999999642372,225.30000001192093,124,142.30000001192093,159.69999998807907,225.30000001192093,122.10000002384186,132.0999999642372,100,100,36
"chromium","m9b-canyon-96-1","kernel","levelRegions",0.5,1.4000000357627869,0.40000003576278687,0.5999999642372131,1.4000000357627869,0.40000003576278687,0.5,0.5999999642372131,0.40000003576278687,0.40000003576278687,100,100,4
"chromium","m9b-canyon-96-1","kernel","distanceFrom",0.2999999523162842,0.30000001192092896,0.19999998807907104,0.20000004768371582,0.19999998807907104,0.2999999523162842,0.30000001192092896,0.10000002384185791,0.20000004768371582,0.19999998807907104,100,100,4
"chromium","m9b-canyon-96-1","kernel","spillLevels",68.90000003576279,87.10000002384186,0.8999999761581421,1.399999976158142,87.10000002384186,1.800000011920929,68.90000003576279,1.399999976158142,0.800000011920929,0.8999999761581421,100,100,4
"chromium","m9b-canyon-96-1","kernel","walkDistance",0.30000001192092896,0.3999999761581421,0.20000004768371582,60,0.30000001192092896,0.3999999761581421,0.20000004768371582,0.10000002384185791,0.20000004768371582,60,100,100,4
"chromium","m9b-canyon-96-1","kernel","landRegions",0.2999999523162842,0.40000003576278687,0.30000001192092896,0.3999999761581421,0.19999998807907104,0.40000003576278687,0.2999999523162842,0.3999999761581421,0.30000001192092896,0.10000002384185791,100,100,4
"chromium","m9b-canyon-96-1","kernel","walkRegions",0.5,0.5,0.40000003576278687,0.40000003576278687,0.3999999761581421,0.5,0.5,0.40000003576278687,0.30000001192092896,0.40000003576278687,100,100,4
"chromium","m9b-canyon-96-1","kernel","components",0.09999996423721313,0.19999998807907104,0.19999998807907104,0.20000004768371582,0,0.09999996423721313,0.19999998807907104,0.19999998807907104,0.20000004768371582,0.10000002384185791,100,100,4
"chromium","m9b-canyon-96-1","kernel","damSites",310.30000001192093,390,17.899999976158142,21.399999976158142,390,310.30000001192093,58.30000001192093,17.399999976158142,17.899999976158142,21.399999976158142,100,100,4
"chromium","m9b-canyon-96-1","kernel","roomMap",5.5,14.600000023841858,3,79.30000001192093,4.100000023841858,14.600000023841858,5.5,3,79.30000001192093,2.100000023841858,100,100,4
"chromium","m9b-canyon-96-1","complete","checks",540.1999999880791,624.6999999880791,334.60000002384186,370.0999999642372,624.6999999880791,540.1999999880791,530.6000000238419,281.80000001192093,334.60000002384186,370.0999999642372,100,100,4
"chromium","m9b-canyon-96-1","complete","measures",2.899999976158142,8.099999964237213,5.600000023841858,104.19999998807907,2.399999976158142,8.099999964237213,2.899999976158142,104.19999998807907,2.699999988079071,5.600000023841858,100,100,4
"chromium","m9b-canyon-96-1","complete","outcomes",6.599999964237213,93.69999998807907,39.5,101.70000004768372,6.599999964237213,5,93.69999998807907,101.70000004768372,4.899999976158142,39.5,100,100,4
"chromium","m9b-delta-128-1","kernel","levelRegions",0.40000003576278687,0.5,0.7999999523162842,8.399999976158142,0.40000003576278687,0.5,0.30000001192092896,8.399999976158142,0.7999999523162842,0.699999988079071,99.98593437665136,100,5
"chromium","m9b-delta-128-1","kernel","distanceFrom",0.2999999523162842,13.800000011920929,0.10000002384185791,0.19999998807907104,0.20000004768371582,0.2999999523162842,13.800000011920929,0.09999996423721313,0.10000002384185791,0.19999998807907104,99.98593437665136,100,5
"chromium","m9b-delta-128-1","kernel","spillLevels",3.300000011920929,7.899999976158142,1.300000011920929,1.600000023841858,7.899999976158142,2.399999976158142,3.300000011920929,1.300000011920929,1.600000023841858,1.199999988079071,99.98593437665136,100,5
"chromium","m9b-delta-128-1","kernel","walkDistance",2.600000023841858,3.5,1.600000023841858,5.400000035762787,2.5,2.600000023841858,3.5,1.300000011920929,1.600000023841858,5.400000035762787,99.98593437665136,100,5
"chromium","m9b-delta-128-1","kernel","landRegions",0.699999988079071,0.800000011920929,0.9000000357627869,2.300000011920929,0.800000011920929,0.699999988079071,0.699999988079071,2.300000011920929,0.9000000357627869,0.6000000238418579,99.98593437665136,100,5
"chromium","m9b-delta-128-1","kernel","walkRegions",0.699999988079071,0.699999988079071,0.5,1.899999976158142,0.699999988079071,0.699999988079071,0.6000000238418579,0.40000003576278687,0.5,1.899999976158142,99.98593437665136,100,5
"chromium","m9b-delta-128-1","kernel","components",0.19999998807907104,3.399999976158142,0.5,0.5,0.10000002384185791,0.19999998807907104,3.399999976158142,0.5,0.5,0.30000001192092896,99.98593437665136,100,5
"chromium","m9b-delta-128-1","kernel","damSites",188.69999998807907,239.60000002384186,85.09999996423721,89.60000002384186,183.19999998807907,188.69999998807907,239.60000002384186,85.09999996423721,89.60000002384186,78.39999997615814,99.98593437665136,100,5
"chromium","m9b-delta-128-1","kernel","roomMap",98.30000001192093,103.89999997615814,19.30000001192093,27.899999976158142,53.89999997615814,98.30000001192093,103.89999997615814,13.5,19.30000001192093,27.899999976158142,99.98593437665136,100,5
"chromium","m9b-delta-128-1","complete","checks",390.39999997615814,485.4000000357628,196.4000000357628,200.39999997615814,308.5,390.39999997615814,485.4000000357628,185.9000000357628,196.4000000357628,200.39999997615814,99.98593437665136,100,5
"chromium","m9b-delta-128-1","complete","measures",6.100000023841858,23.30000001192093,4.5,5.300000011920929,4.899999976158142,23.30000001192093,6.100000023841858,3.400000035762787,4.5,5.300000011920929,99.98593437665136,100,5
"chromium","m9b-delta-128-1","complete","outcomes",30.69999998807907,119.70000004768372,9,122.59999996423721,30.69999998807907,119.70000004768372,16.69999998807907,8.399999976158142,9,122.59999996423721,99.98593437665136,100,5
"chromium","m9b-delta-256-1","kernel","levelRegions",5.899999976158142,6,2.700000047683716,7.699999988079071,6,5.899999976158142,2.199999988079071,2.099999964237213,7.699999988079071,2.700000047683716,99.99836883655564,100,69
"chromium","m9b-delta-256-1","kernel","distanceFrom",0.5,0.5999999642372131,0.5,0.800000011920929,0.5,0.5999999642372131,0.5,0.800000011920929,0.40000003576278687,0.5,99.99836883655564,100,69
"chromium","m9b-delta-256-1","kernel","spillLevels",9.100000023841858,9.900000035762787,6.699999988079071,14.300000011920929,9.100000023841858,9.900000035762787,8.099999964237213,6.699999988079071,14.300000011920929,5.600000023841858,99.99836883655564,100,69
"chromium","m9b-delta-256-1","kernel","walkDistance",2.5,2.599999964237213,1.699999988079071,1.800000011920929,2.599999964237213,2.300000011920929,2.5,1.800000011920929,1.5999999642372131,1.699999988079071,99.99836883655564,100,69
"chromium","m9b-delta-256-1","kernel","landRegions",2.899999976158142,97.19999998807907,6.199999988079071,169.19999998807907,2.899999976158142,2.5,97.19999998807907,2.100000023841858,169.19999998807907,6.199999988079071,99.99836883655564,100,69
"chromium","m9b-delta-256-1","kernel","walkRegions",3.199999988079071,75.69999998807907,2.399999976158142,2.5,2.5,75.69999998807907,3.199999988079071,2.099999964237213,2.399999976158142,2.5,99.99836883655564,100,69
"chromium","m9b-delta-256-1","kernel","components",0.40000003576278687,0.5,0.9000000357627869,1.100000023841858,0.5,0.3999999761581421,0.40000003576278687,1.100000023841858,0.699999988079071,0.9000000357627869,99.99836883655564,100,69
"chromium","m9b-delta-256-1","kernel","damSites",3396.400000035763,3638.699999988079,757.3999999761581,1378.1000000238419,714.9000000357628,3638.699999988079,3396.400000035763,278.5999999642372,1378.1000000238419,757.3999999761581,99.99836883655564,100,69
"chromium","m9b-delta-256-1","kernel","roomMap",11659.100000023842,19442.19999998808,721.3000000119209,1295.6000000238419,1420.199999988079,11659.100000023842,19442.19999998808,721.3000000119209,444.69999998807907,1295.6000000238419,99.99836883655564,100,69
"chromium","m9b-delta-256-1","complete","checks",3980.899999976158,7166.300000011921,3328.2999999523163,3395.800000011921,2275.800000011921,7166.300000011921,3980.899999976158,3024.199999988079,3328.2999999523163,3395.800000011921,99.99836883655564,100,69
"chromium","m9b-delta-256-1","complete","measures",157.39999997615814,242.5999999642372,24.400000035762787,31.100000023841858,157.39999997615814,242.5999999642372,16.30000001192093,31.100000023841858,24.400000035762787,23.80000001192093,99.99836883655564,100,69
"chromium","m9b-delta-256-1","complete","outcomes",180.30000001192093,737.3999999761581,288.19999998807907,324.30000001192093,737.3999999761581,29.19999998807907,180.30000001192093,324.30000001192093,200.39999997615814,288.19999998807907,99.99836883655564,100,69
"chromium","m9b-delta-96-1","kernel","levelRegions",0.30000001192092896,0.30000001192092896,0.3999999761581421,87.39999997615814,0.30000001192092896,0.30000001192092896,0.19999998807907104,0.30000001192092896,87.39999997615814,0.3999999761581421,100,100,3
"chromium","m9b-delta-96-1","kernel","distanceFrom",0.10000002384185791,0.19999998807907104,0.09999996423721313,0.10000002384185791,0,0.10000002384185791,0.19999998807907104,0.09999996423721313,0.09999996423721313,0.10000002384185791,100,100,3
"chromium","m9b-delta-96-1","kernel","spillLevels",1.9000000357627869,3,1.5,1.800000011920929,1.699999988079071,1.9000000357627869,3,1.5,0.8999999761581421,1.800000011920929,100,100,3
"chromium","m9b-delta-96-1","kernel","walkDistance",1.2000000476837158,4,0.699999988079071,2.399999976158142,4,1.2000000476837158,1.199999988079071,2.399999976158142,0.699999988079071,0.699999988079071,100,100,3
"chromium","m9b-delta-96-1","kernel","landRegions",0.30000001192092896,0.3999999761581421,0.800000011920929,11.900000035762787,0.3999999761581421,0.30000001192092896,0.30000001192092896,0.800000011920929,11.900000035762787,0.800000011920929,100,100,3
"chromium","m9b-delta-96-1","kernel","walkRegions",0.40000003576278687,0.5,0.2999999523162842,0.30000001192092896,0.40000003576278687,0.3999999761581421,0.5,0.2999999523162842,0.30000001192092896,0.19999998807907104,100,100,3
"chromium","m9b-delta-96-1","kernel","components",0.10000002384185791,0.19999998807907104,0.10000002384185791,0.2999999523162842,0.10000002384185791,0.19999998807907104,0.10000002384185791,0.2999999523162842,0.10000002384185791,0.09999996423721313,100,100,3
"chromium","m9b-delta-96-1","kernel","damSites",335.89999997615814,388.19999998807907,89.30000001192093,133.89999997615814,388.19999998807907,284.4000000357628,335.89999997615814,86.40000003576279,133.89999997615814,89.30000001192093,100,100,3
"chromium","m9b-delta-96-1","kernel","roomMap",13,32.39999997615814,55.5,120.19999998807907,32.39999997615814,11.5,13,120.19999998807907,55.5,8.800000011920929,100,100,3
"chromium","m9b-delta-96-1","complete","checks",458.60000002384186,482.60000002384186,261.5999999642372,541.5,458.60000002384186,311.80000001192093,482.60000002384186,541.5,199.80000001192093,261.5999999642372,100,100,3
"chromium","m9b-delta-96-1","complete","measures",3.299999952316284,6.800000011920929,2.099999964237213,3,3.299999952316284,6.800000011920929,2.300000011920929,3,2,2.099999964237213,100,100,3
"chromium","m9b-delta-96-1","complete","outcomes",2.5,66.19999998807907,2.800000011920929,3.299999952316284,66.19999998807907,2.300000011920929,2.5,2.800000011920929,3.299999952316284,2.199999988079071,100,100,3
"chromium","m9b-highlands-128-1","kernel","levelRegions",0.5,0.5,0.6000000238418579,0.7000000476837158,0.5,0.5,0.5,0.5999999642372131,0.6000000238418579,0.7000000476837158,100,100,5
"chromium","m9b-highlands-128-1","kernel","distanceFrom",0.10000002384185791,0.19999998807907104,0.19999998807907104,0.20000004768371582,0.10000002384185791,0.19999998807907104,0.09999996423721313,0.19999998807907104,0.20000004768371582,0.19999998807907104,100,100,5
"chromium","m9b-highlands-128-1","kernel","spillLevels",2.100000023841858,2.199999988079071,1.699999988079071,19.19999998807907,2.199999988079071,2.100000023841858,1.7999999523162842,19.19999998807907,1.699999988079071,1.300000011920929,100,100,5
"chromium","m9b-highlands-128-1","kernel","walkDistance",0.30000001192092896,0.3999999761581421,0.30000001192092896,0.3999999761581421,0.30000001192092896,0.3999999761581421,0.20000004768371582,0.30000001192092896,0.3999999761581421,0.2999999523162842,100,100,5
"chromium","m9b-highlands-128-1","kernel","landRegions",0.5,1.0999999642372131,0.6000000238418579,0.9000000357627869,0.5,0.5,1.0999999642372131,0.6000000238418579,0.3999999761581421,0.9000000357627869,100,100,5
"chromium","m9b-highlands-128-1","kernel","walkRegions",0.800000011920929,1.600000023841858,0.699999988079071,0.699999988079071,0.5999999642372131,1.600000023841858,0.800000011920929,0.6000000238418579,0.699999988079071,0.699999988079071,100,100,5
"chromium","m9b-highlands-128-1","kernel","components",0.19999998807907104,0.40000003576278687,0.30000001192092896,1.0999999642372131,0.10000002384185791,0.40000003576278687,0.19999998807907104,1.0999999642372131,0.30000001192092896,0.30000001192092896,100,100,5
"chromium","m9b-highlands-128-1","kernel","damSites",215.69999998807907,228.19999998807907,70.60000002384186,77.5,202.69999998807907,215.69999998807907,228.19999998807907,77.5,67.60000002384186,70.60000002384186,100,100,5
"chromium","m9b-highlands-128-1","kernel","roomMap",14.300000011920929,20,5.100000023841858,5.299999952316284,20,5.599999964237213,14.300000011920929,4.199999988079071,5.100000023841858,5.299999952316284,100,100,5
"chromium","m9b-highlands-128-1","complete","checks",372.80000001192093,564.8999999761581,235.19999998807907,277.39999997615814,372.80000001192093,564.8999999761581,364.5,235.19999998807907,277.39999997615814,182.80000001192093,100,100,5
"chromium","m9b-highlands-128-1","complete","measures",5.100000023841858,10.399999976158142,4.800000011920929,16.899999976158142,5.100000023841858,5.099999964237213,10.399999976158142,16.899999976158142,4.300000011920929,4.800000011920929,100,100,5
"chromium","m9b-highlands-128-1","complete","outcomes",6.100000023841858,23.100000023841858,5.699999988079071,21.099999964237213,6.100000023841858,23.100000023841858,4.700000047683716,5.199999988079071,5.699999988079071,21.099999964237213,100,100,5
"chromium","m9b-highlands-256-1","kernel","levelRegions",2.599999964237213,9.699999988079071,6,13.300000011920929,1.899999976158142,9.699999988079071,2.599999964237213,3,13.300000011920929,6,99.99885888229613,100,27
"chromium","m9b-highlands-256-1","kernel","distanceFrom",1.399999976158142,1.699999988079071,1.199999988079071,7.900000035762787,1.699999988079071,1.2999999523162842,1.399999976158142,0.5,7.900000035762787,1.199999988079071,99.99885888229613,100,27
"chromium","m9b-highlands-256-1","kernel","spillLevels",25.600000023841858,132.39999997615814,15.199999988079071,95.79999995231628,132.39999997615814,16.600000023841858,25.600000023841858,15.199999988079071,6.199999988079071,95.79999995231628,99.99885888229613,100,27
"chromium","m9b-highlands-256-1","kernel","walkDistance",1.5,9.5,2.199999988079071,2.199999988079071,1.100000023841858,1.5,9.5,2.199999988079071,0.9000000357627869,2.199999988079071,99.99885888229613,100,27
"chromium","m9b-highlands-256-1","kernel","landRegions",5.300000011920929,121.69999998807907,4.199999988079071,5.100000023841858,121.69999998807907,3.100000023841858,5.300000011920929,5.100000023841858,2.899999976158142,4.199999988079071,99.99885888229613,100,27
"chromium","m9b-highlands-256-1","kernel","walkRegions",5.300000011920929,78.40000003576279,3.099999964237213,9.5,5.300000011920929,2.800000011920929,78.40000003576279,3.099999964237213,2.699999988079071,9.5,99.99885888229613,100,27
"chromium","m9b-highlands-256-1","kernel","components",0.5,0.5,1.300000011920929,2.700000047683716,0.3999999761581421,0.5,0.5,1.300000011920929,2.700000047683716,0.9000000357627869,99.99885888229613,100,27
"chromium","m9b-highlands-256-1","kernel","damSites",190.80000001192093,221.19999998807907,44.60000002384186,222.9000000357628,190.80000001192093,136,221.19999998807907,42,222.9000000357628,44.60000002384186,99.99885888229613,100,27
"chromium","m9b-highlands-256-1","kernel","roomMap",3112.199999988079,3550.5,1255.2000000476837,1367.699999988079,3112.199999988079,2659.7999999523163,3550.5,1000.6999999880791,1255.2000000476837,1367.699999988079,99.99885888229613,100,27
"chromium","m9b-highlands-256-1","complete","checks",1282.3999999761581,1821.300000011921,1246.199999988079,1358.8999999761581,1277.199999988079,1821.300000011921,1282.3999999761581,470.30000001192093,1358.8999999761581,1246.199999988079,99.99885888229613,100,27
"chromium","m9b-highlands-256-1","complete","measures",106.39999997615814,114.59999996423721,94.5,123.40000003576279,106.39999997615814,96.09999996423721,114.59999996423721,20.600000023841858,123.40000003576279,94.5,99.99885888229613,100,27
"chromium","m9b-highlands-256-1","complete","outcomes",92.40000003576279,97.69999998807907,113.5,114.5,97.69999998807907,92.40000003576279,77,113.5,114.5,95.5,99.99885888229613,100,27
"chromium","m9b-highlands-96-1","kernel","levelRegions",0.30000001192092896,0.40000003576278687,0.5,1.5,0.2999999523162842,0.40000003576278687,0.30000001192092896,0.5,1.5,0.2999999523162842,100,100,4
"chromium","m9b-highlands-96-1","kernel","distanceFrom",0.10000002384185791,0.19999998807907104,0.09999996423721313,0.10000002384185791,0,0.10000002384185791,0.19999998807907104,0.10000002384185791,0.09999996423721313,0,100,100,4
"chromium","m9b-highlands-96-1","kernel","spillLevels",2.099999964237213,2.399999976158142,1.2000000476837158,26.400000035762787,2.099999964237213,2.399999976158142,1.699999988079071,26.400000035762787,0.9000000357627869,1.2000000476837158,100,100,4
"chromium","m9b-highlands-96-1","kernel","walkDistance",0.3999999761581421,0.40000003576278687,0.20000004768371582,0.30000001192092896,0.30000001192092896,0.3999999761581421,0.40000003576278687,0.30000001192092896,0.20000004768371582,0.19999998807907104,100,100,4
"chromium","m9b-highlands-96-1","kernel","landRegions",0.30000001192092896,1.399999976158142,0.30000001192092896,0.40000003576278687,1.399999976158142,0.30000001192092896,0.2999999523162842,0.40000003576278687,0.2999999523162842,0.30000001192092896,100,100,4
"chromium","m9b-highlands-96-1","kernel","walkRegions",1.4000000357627869,2.799999952316284,3.5,4.899999976158142,2.799999952316284,0.5,1.4000000357627869,0.30000001192092896,4.899999976158142,3.5,100,100,4
"chromium","m9b-highlands-96-1","kernel","components",0.19999998807907104,0.19999998807907104,0.09999996423721313,0.10000002384185791,0.19999998807907104,0.09999996423721313,0.19999998807907104,0.09999996423721313,0.10000002384185791,0,100,100,4
"chromium","m9b-highlands-96-1","kernel","damSites",66,87.39999997615814,44.59999996423721,49.69999998807907,66,87.39999997615814,43.19999998807907,44.59999996423721,49.69999998807907,9.199999988079071,100,100,4
"chromium","m9b-highlands-96-1","kernel","roomMap",38.5,55.19999998807907,23.100000023841858,29.100000023841858,13.599999964237213,38.5,55.19999998807907,23.100000023841858,5,29.100000023841858,100,100,4
"chromium","m9b-highlands-96-1","complete","checks",367.80000001192093,602.3000000119209,383.39999997615814,467.5999999642372,288.60000002384186,602.3000000119209,367.80000001192093,253.0999999642372,383.39999997615814,467.5999999642372,100,100,4
"chromium","m9b-highlands-96-1","complete","measures",6.699999988079071,7,3.300000011920929,6,2.399999976158142,6.699999988079071,7,2,6,3.300000011920929,100,100,4
"chromium","m9b-highlands-96-1","complete","outcomes",5.600000023841858,45.89999997615814,5.400000035762787,69,45.89999997615814,5.199999988079071,5.600000023841858,5.400000035762787,69,4.300000011920929,100,100,4
"chromium","m9b-islands-128-1","kernel","levelRegions",0.40000003576278687,1.100000023841858,0.6000000238418579,0.699999988079071,0.3999999761581421,0.40000003576278687,1.100000023841858,0.6000000238418579,0.5999999642372131,0.699999988079071,100,100,9
"chromium","m9b-islands-128-1","kernel","distanceFrom",0.30000001192092896,0.3999999761581421,0.19999998807907104,0.20000004768371582,0.2999999523162842,0.30000001192092896,0.3999999761581421,0.20000004768371582,0.19999998807907104,0.19999998807907104,100,100,9
"chromium","m9b-islands-128-1","kernel","spillLevels",2.5,3.5,1.2000000476837158,1.399999976158142,3.5,2.5,2.199999988079071,1.399999976158142,1.0999999642372131,1.2000000476837158,100,100,9
"chromium","m9b-islands-128-1","kernel","walkDistance",0.5,0.6000000238418579,0.30000001192092896,0.30000001192092896,0.5,0.5,0.6000000238418579,0.30000001192092896,0.30000001192092896,0.2999999523162842,100,100,9
"chromium","m9b-islands-128-1","kernel","landRegions",0.30000001192092896,0.30000001192092896,0.3999999761581421,0.40000003576278687,0.30000001192092896,0.19999998807907104,0.30000001192092896,0.3999999761581421,0.40000003576278687,0.2999999523162842,100,100,9
"chromium","m9b-islands-128-1","kernel","walkRegions",0.699999988079071,0.800000011920929,0.6000000238418579,0.699999988079071,0.800000011920929,0.699999988079071,0.699999988079071,0.5999999642372131,0.699999988079071,0.6000000238418579,100,100,9
"chromium","m9b-islands-128-1","kernel","components",1.100000023841858,1.199999988079071,2.399999976158142,4.5,1.199999988079071,1.100000023841858,0.7999999523162842,2.399999976158142,4.5,0.40000003576278687,100,100,9
"chromium","m9b-islands-128-1","kernel","damSites",555.5,592.2000000476837,190.69999998807907,257.7999999523163,555.5,592.2000000476837,526,257.7999999523163,190.69999998807907,189.19999998807907,100,100,9
"chromium","m9b-islands-128-1","kernel","roomMap",8.399999976158142,14.699999988079071,2.300000011920929,2.5,5.5,14.699999988079071,8.399999976158142,2.300000011920929,2.5,2.199999988079071,100,100,9
"chromium","m9b-islands-128-1","complete","checks",783.1999999880791,864,375,412.89999997615814,783.1999999880791,767.8000000119209,864,316.10000002384186,412.89999997615814,375,100,100,9
"chromium","m9b-islands-128-1","complete","measures",10,11.699999988079071,5.899999976158142,28.100000023841858,10,11.699999988079071,5.400000035762787,5.800000011920929,28.100000023841858,5.899999976158142,100,100,9
"chromium","m9b-islands-128-1","complete","outcomes",13.300000011920929,20.599999964237213,9.100000023841858,18.299999952316284,20.599999964237213,13.300000011920929,10.400000035762787,9.100000023841858,18.299999952316284,6.099999964237213,100,100,9
"chromium","m9b-islands-256-1","kernel","levelRegions",1.7999999523162842,2.399999976158142,3.5,30.399999976158142,1.7999999523162842,1.600000023841858,2.399999976158142,2.400000035762787,30.399999976158142,3.5,99.99767112048596,100,18
"chromium","m9b-islands-256-1","kernel","distanceFrom",1.0999999642372131,1.199999988079071,0.6000000238418579,0.7000000476837158,1,1.0999999642372131,1.199999988079071,0.7000000476837158,0.6000000238418579,0.6000000238418579,99.99767112048596,100,18
"chromium","m9b-islands-256-1","kernel","spillLevels",14.100000023841858,15,42.299999952316284,57.59999996423721,15,14.100000023841858,10.300000011920929,42.299999952316284,57.59999996423721,33.30000001192093,99.99767112048596,100,18
"chromium","m9b-islands-256-1","kernel","walkDistance",0.6000000238418579,0.699999988079071,0.699999988079071,1.4000000357627869,0.699999988079071,0.6000000238418579,0.5999999642372131,0.699999988079071,0.5,1.4000000357627869,99.99767112048596,100,18
"chromium","m9b-islands-256-1","kernel","landRegions",1.199999988079071,2.5,2,29.299999952316284,1,2.5,1.199999988079071,29.299999952316284,2,1.399999976158142,99.99767112048596,100,18
"chromium","m9b-islands-256-1","kernel","walkRegions",2.800000011920929,16.600000023841858,2.100000023841858,3,16.600000023841858,2.5,2.800000011920929,2.100000023841858,3,1.899999976158142,99.99767112048596,100,18
"chromium","m9b-islands-256-1","kernel","components",2.300000011920929,63.19999998807907,2.300000011920929,4.199999988079071,63.19999998807907,2.300000011920929,2.300000011920929,2.300000011920929,2.100000023841858,4.199999988079071,99.99767112048596,100,18
"chromium","m9b-islands-256-1","kernel","damSites",143.39999997615814,190.19999998807907,48,138.5,190.19999998807907,143.39999997615814,101.59999996423721,138.5,15.200000047683716,48,99.99767112048596,100,18
"chromium","m9b-islands-256-1","kernel","roomMap",1244.199999988079,1255.3999999761581,136.70000004768372,172.4000000357628,194,1255.3999999761581,1244.199999988079,66.30000001192093,172.4000000357628,136.70000004768372,99.99767112048596,100,18
"chromium","m9b-islands-256-1","complete","checks",3432,3968.099999964237,2486.5,2722.399999976158,3432,3968.099999964237,3112.899999976158,2722.399999976158,2230.900000035763,2486.5,99.99767112048596,100,18
"chromium","m9b-islands-256-1","complete","measures",31.80000001192093,134.39999997615814,18.19999998807907,21.099999964237213,134.39999997615814,15.5,31.80000001192093,18.19999998807907,21.099999964237213,18.099999964237213,99.99767112048596,100,18
"chromium","m9b-islands-256-1","complete","outcomes",100.10000002384186,107.5,145,179.69999998807907,32.80000001192093,107.5,100.10000002384186,179.69999998807907,103.5,145,99.99767112048596,100,18
"chromium","m9b-islands-96-1","kernel","levelRegions",0.30000001192092896,0.30000001192092896,0.30000001192092896,0.5,0.2999999523162842,0.30000001192092896,0.30000001192092896,0.30000001192092896,0.30000001192092896,0.5,100,100,6
"chromium","m9b-islands-96-1","kernel","distanceFrom",0.19999998807907104,0.30000001192092896,0.09999996423721313,0.20000004768371582,0.30000001192092896,0.19999998807907104,0.09999996423721313,0.09999996423721313,0.09999996423721313,0.20000004768371582,100,100,6
"chromium","m9b-islands-96-1","kernel","spillLevels",1.699999988079071,1.7000000476837158,0.7000000476837158,0.8999999761581421,1.7000000476837158,1.699999988079071,1.0999999642372131,0.8999999761581421,0.7000000476837158,0.699999988079071,100,100,6
"chromium","m9b-islands-96-1","kernel","walkDistance",0.2999999523162842,0.30000001192092896,0.20000004768371582,0.30000001192092896,0.2999999523162842,0.30000001192092896,0.2999999523162842,0.30000001192092896,0.19999998807907104,0.20000004768371582,100,100,6
"chromium","m9b-islands-96-1","kernel","landRegions",0.10000002384185791,0.19999998807907104,0.19999998807907104,0.19999998807907104,0.19999998807907104,0.10000002384185791,0.10000002384185791,0.19999998807907104,0.19999998807907104,0.19999998807907104,100,100,6
"chromium","m9b-islands-96-1","kernel","walkRegions",0.5,0.5,0.3999999761581421,0.3999999761581421,0.40000003576278687,0.5,0.5,0.2999999523162842,0.3999999761581421,0.3999999761581421,100,100,6
"chromium","m9b-islands-96-1","kernel","components",0.30000001192092896,0.3999999761581421,0.3999999761581421,2.300000011920929,0.30000001192092896,0.30000001192092896,0.3999999761581421,0.3999999761581421,0.19999998807907104,2.300000011920929,100,100,6
"chromium","m9b-islands-96-1","kernel","damSites",534.1999999880791,548.3000000119209,191.10000002384186,198.10000002384186,548.3000000119209,534.1999999880791,388,198.10000002384186,191.10000002384186,117.40000003576279,100,100,6
"chromium","m9b-islands-96-1","kernel","roomMap",1.4000000357627869,15.800000011920929,0.8999999761581421,1.5999999642372131,1.4000000357627869,15.800000011920929,0.800000011920929,0.8999999761581421,0.8999999761581421,1.5999999642372131,100,100,6
"chromium","m9b-islands-96-1","complete","checks",646.3000000119209,657.9000000357628,269.19999998807907,308.0999999642372,657.9000000357628,529.4000000357628,646.3000000119209,269.19999998807907,308.0999999642372,218.19999998807907,100,100,6
"chromium","m9b-islands-96-1","complete","measures",6.899999976158142,20.19999998807907,2.600000023841858,2.800000011920929,6.899999976158142,2.800000011920929,20.19999998807907,2.400000035762787,2.600000023841858,2.800000011920929,100,100,6
"chromium","m9b-islands-96-1","complete","outcomes",2.300000011920929,2.400000035762787,4.699999988079071,12.399999976158142,2.400000035762787,2.300000011920929,2.300000011920929,4.699999988079071,2.599999964237213,12.399999976158142,100,100,6
"chromium","m9b-lakeBasin-128-1","kernel","levelRegions",0.5999999642372131,0.6000000238418579,1.300000011920929,7.900000035762787,0.6000000238418579,0.5999999642372131,0.3999999761581421,0.699999988079071,7.900000035762787,1.300000011920929,100,100,3
"chromium","m9b-lakeBasin-128-1","kernel","distanceFrom",0.40000003576278687,0.5,0.19999998807907104,0.19999998807907104,0.5,0.3999999761581421,0.40000003576278687,0.19999998807907104,0.19999998807907104,0.09999996423721313,100,100,3
"chromium","m9b-lakeBasin-128-1","kernel","spillLevels",2.199999988079071,2.400000035762787,1.5,1.699999988079071,2.199999988079071,2.400000035762787,2.199999988079071,1.5,1.699999988079071,1.5,100,100,3
"chromium","m9b-lakeBasin-128-1","kernel","walkDistance",0.30000001192092896,0.3999999761581421,0.19999998807907104,0.20000004768371582,0.30000001192092896,0.3999999761581421,0.30000001192092896,0.19999998807907104,0.20000004768371582,0.19999998807907104,100,100,3
"chromium","m9b-lakeBasin-128-1","kernel","landRegions",0.5,0.5,0.5,0.5,0.5,0.40000003576278687,0.5,0.3999999761581421,0.5,0.5,100,100,3
"chromium","m9b-lakeBasin-128-1","kernel","walkRegions",0.800000011920929,2.799999952316284,0.6000000238418579,0.800000011920929,0.800000011920929,2.799999952316284,0.7999999523162842,0.6000000238418579,0.6000000238418579,0.800000011920929,100,100,3
"chromium","m9b-lakeBasin-128-1","kernel","components",0.30000001192092896,0.30000001192092896,0.3999999761581421,0.5,0.20000004768371582,0.30000001192092896,0.30000001192092896,0.19999998807907104,0.3999999761581421,0.5,100,100,3
"chromium","m9b-lakeBasin-128-1","kernel","damSites",179,201.30000001192093,60.700000047683716,61.40000003576279,179,201.30000001192093,173.5,60.700000047683716,58.40000003576279,61.40000003576279,100,100,3
"chromium","m9b-lakeBasin-128-1","kernel","roomMap",6.399999976158142,6.399999976158142,4.099999964237213,5.699999988079071,6.399999976158142,6.399999976158142,5.300000011920929,5.699999988079071,4.099999964237213,3.599999964237213,100,100,3
"chromium","m9b-lakeBasin-128-1","complete","checks",336.0999999642372,479,227.80000001192093,331.19999998807907,479,336.0999999642372,240.29999995231628,331.19999998807907,227.80000001192093,207.30000001192093,100,100,3
"chromium","m9b-lakeBasin-128-1","complete","measures",6.200000047683716,10.100000023841858,4,6,6.200000047683716,4.800000011920929,10.100000023841858,4,6,3.699999988079071,100,100,3
"chromium","m9b-lakeBasin-128-1","complete","outcomes",5.599999964237213,5.600000023841858,9.300000011920929,21.19999998807907,5.599999964237213,4.699999988079071,5.600000023841858,9.300000011920929,5,21.19999998807907,100,100,3
"chromium","m9b-lakeBasin-256-1","kernel","levelRegions",2,7.400000035762787,5.899999976158142,8.699999988079071,1.699999988079071,7.400000035762787,2,8.699999988079071,5.899999976158142,3.199999988079071,100,100,19
"chromium","m9b-lakeBasin-256-1","kernel","distanceFrom",1.399999976158142,1.800000011920929,0.7000000476837158,0.800000011920929,1.800000011920929,1.399999976158142,1.399999976158142,0.800000011920929,0.7000000476837158,0.699999988079071,100,100,19
"chromium","m9b-lakeBasin-256-1","kernel","spillLevels",15,18.200000047683716,9.300000011920929,14.099999964237213,13.300000011920929,15,18.200000047683716,9.300000011920929,7.399999976158142,14.099999964237213,100,100,19
"chromium","m9b-lakeBasin-256-1","kernel","walkDistance",0.9000000357627869,1.0999999642372131,1,1,0.9000000357627869,1.0999999642372131,0.800000011920929,1,1,0.7999999523162842,100,100,19
"chromium","m9b-lakeBasin-256-1","kernel","landRegions",2.399999976158142,19.5,2,2.199999988079071,19.5,2.399999976158142,2,2.199999988079071,2,1.9000000357627869,100,100,19
"chromium","m9b-lakeBasin-256-1","kernel","walkRegions",3.5,4,3.400000035762787,6.600000023841858,4,3.300000011920929,3.5,6.600000023841858,3.199999988079071,3.400000035762787,100,100,19
"chromium","m9b-lakeBasin-256-1","kernel","components",0.800000011920929,0.800000011920929,1.300000011920929,1.600000023841858,0.800000011920929,0.800000011920929,0.800000011920929,1.600000023841858,0.7999999523162842,1.300000011920929,100,100,19
"chromium","m9b-lakeBasin-256-1","kernel","damSites",986.2000000476837,1112.6000000238419,412.39999997615814,436.2999999523163,733.1999999880791,986.2000000476837,1112.6000000238419,254.60000002384186,436.2999999523163,412.39999997615814,100,100,19
"chromium","m9b-lakeBasin-256-1","kernel","roomMap",322.30000001192093,337.2999999523163,143.79999995231628,168.20000004768372,322.30000001192093,337.2999999523163,313.9000000357628,127.19999998807907,168.20000004768372,143.79999995231628,100,100,19
"chromium","m9b-lakeBasin-256-1","complete","checks",1374.699999988079,1419.8999999761581,728.8999999761581,784,1359.300000011921,1374.699999988079,1419.8999999761581,784,720.1999999880791,728.8999999761581,100,100,19
"chromium","m9b-lakeBasin-256-1","complete","measures",29.19999998807907,33,23.80000001192093,28.30000001192093,26.80000001192093,29.19999998807907,33,23.80000001192093,28.30000001192093,14.599999964237213,100,100,19
"chromium","m9b-lakeBasin-256-1","complete","outcomes",32,59.40000003576279,37.200000047683716,37.799999952316284,32,59.40000003576279,30.100000023841858,37.200000047683716,37.799999952316284,29.69999998807907,100,100,19
"chromium","m9b-lakeBasin-96-1","kernel","levelRegions",0.3999999761581421,16.80000001192093,0.699999988079071,0.9000000357627869,16.80000001192093,0.3999999761581421,0.30000001192092896,0.699999988079071,0.9000000357627869,0.5999999642372131,100,100,3
"chromium","m9b-lakeBasin-96-1","kernel","distanceFrom",0.19999998807907104,0.30000001192092896,0.10000002384185791,0.30000001192092896,0.19999998807907104,0.30000001192092896,0.19999998807907104,0.09999996423721313,0.10000002384185791,0.30000001192092896,100,100,3
"chromium","m9b-lakeBasin-96-1","kernel","spillLevels",1.399999976158142,1.4000000357627869,1,1,1.4000000357627869,1.2999999523162842,1.399999976158142,1,1,0.800000011920929,100,100,3
"chromium","m9b-lakeBasin-96-1","kernel","walkDistance",0.19999998807907104,6.100000023841858,0.19999998807907104,0.3999999761581421,0.19999998807907104,0.09999996423721313,6.100000023841858,0.10000002384185791,0.19999998807907104,0.3999999761581421,100,100,3
"chromium","m9b-lakeBasin-96-1","kernel","landRegions",0.2999999523162842,0.30000001192092896,0.30000001192092896,0.3999999761581421,0.19999998807907104,0.30000001192092896,0.2999999523162842,0.30000001192092896,0.3999999761581421,0.20000004768371582,100,100,3
"chromium","m9b-lakeBasin-96-1","kernel","walkRegions",0.5,4.300000011920929,0.5,10.299999952316284,0.30000001192092896,0.5,4.300000011920929,0.5,0.5,10.299999952316284,100,100,3
"chromium","m9b-lakeBasin-96-1","kernel","components",0.2999999523162842,0.2999999523162842,0.20000004768371582,0.20000004768371582,0.2999999523162842,0.2999999523162842,0.19999998807907104,0.20000004768371582,0.20000004768371582,0.19999998807907104,100,100,3
"chromium","m9b-lakeBasin-96-1","kernel","damSites",130.10000002384186,147.39999997615814,48.89999997615814,54.299999952316284,124.40000003576279,147.39999997615814,130.10000002384186,54.299999952316284,39.40000003576279,48.89999997615814,100,100,3
"chromium","m9b-lakeBasin-96-1","kernel","roomMap",0.8999999761581421,1,1.4000000357627869,1.800000011920929,0.8999999761581421,1,0.8999999761581421,1.4000000357627869,1.800000011920929,1.399999976158142,100,100,3
"chromium","m9b-lakeBasin-96-1","complete","checks",255,373.2000000476837,158.39999997615814,196.0999999642372,255,373.2000000476837,240.60000002384186,145,196.0999999642372,158.39999997615814,100,100,3
"chromium","m9b-lakeBasin-96-1","complete","measures",2.900000035762787,3.199999988079071,3.5,19.900000035762787,2.600000023841858,3.199999988079071,2.900000035762787,2.399999976158142,19.900000035762787,3.5,100,100,3
"chromium","m9b-lakeBasin-96-1","complete","outcomes",3.300000011920929,19.299999952316284,2.800000011920929,2.900000035762787,3.300000011920929,3.099999964237213,19.299999952316284,2.800000011920929,2.700000047683716,2.900000035762787,100,100,3
"chromium","m9b-riverValley-128-1","kernel","levelRegions",0.6000000238418579,0.6000000238418579,0.800000011920929,54.5,0.6000000238418579,0.6000000238418579,0.5999999642372131,0.800000011920929,0.7999999523162842,54.5,100,100,7
"chromium","m9b-riverValley-128-1","kernel","distanceFrom",0.5999999642372131,3.800000011920929,0.2999999523162842,0.30000001192092896,3.800000011920929,0.5999999642372131,0.5,0.2999999523162842,0.20000004768371582,0.30000001192092896,100,100,7
"chromium","m9b-riverValley-128-1","kernel","spillLevels",2.5,56.39999997615814,2,2.5,56.39999997615814,2.100000023841858,2.5,2,1.399999976158142,2.5,100,100,7
"chromium","m9b-riverValley-128-1","kernel","walkDistance",2,2.099999964237213,0.19999998807907104,0.30000001192092896,2,2,2.099999964237213,0.19999998807907104,0.10000002384185791,0.30000001192092896,100,100,7
"chromium","m9b-riverValley-128-1","kernel","landRegions",0.800000011920929,1.100000023841858,0.5,0.5,1.100000023841858,0.800000011920929,0.800000011920929,0.5,0.5,0.3999999761581421,100,100,7
"chromium","m9b-riverValley-128-1","kernel","walkRegions",0.9000000357627869,3.300000011920929,0.699999988079071,1.100000023841858,3.300000011920929,0.8999999761581421,0.9000000357627869,0.699999988079071,1.100000023841858,0.699999988079071,100,100,7
"chromium","m9b-riverValley-128-1","kernel","components",0.30000001192092896,7,0.30000001192092896,1.100000023841858,7,0.30000001192092896,0.19999998807907104,1.100000023841858,0.19999998807907104,0.30000001192092896,100,100,7
"chromium","m9b-riverValley-128-1","kernel","damSites",232.89999997615814,300.80000001192093,86.90000003576279,107.19999998807907,300.80000001192093,232.89999997615814,178.69999998807907,107.19999998807907,86.90000003576279,75.10000002384186,100,100,7
"chromium","m9b-riverValley-128-1","kernel","roomMap",50.69999998807907,75,44.5,47.5,37.19999998807907,50.69999998807907,75,12.099999964237213,44.5,47.5,100,100,7
"chromium","m9b-riverValley-128-1","complete","checks",471.89999997615814,752.3999999761581,223.30000001192093,255,471.89999997615814,752.3999999761581,363.4000000357628,255,189.39999997615814,223.30000001192093,100,100,7
"chromium","m9b-riverValley-128-1","complete","measures",16.30000001192093,27.80000001192093,4.299999952316284,29.19999998807907,27.80000001192093,16.30000001192093,4.599999964237213,4.299999952316284,29.19999998807907,3.699999988079071,100,100,7
"chromium","m9b-riverValley-128-1","complete","outcomes",7.899999976158142,43,28.400000035762787,50.80000001192093,43,7.899999976158142,7.199999988079071,8.899999976158142,50.80000001192093,28.400000035762787,100,100,7
"chromium","m9b-riverValley-256-1","kernel","levelRegions",1.699999988079071,1.9000000357627869,2.699999988079071,4.099999964237213,1.9000000357627869,1.5999999642372131,1.699999988079071,4.099999964237213,2.600000023841858,2.699999988079071,99.9955989524322,100,15
"chromium","m9b-riverValley-256-1","kernel","distanceFrom",1.5,1.7000000476837158,1,7.599999964237213,1.5,1.7000000476837158,1.5,1,0.7999999523162842,7.599999964237213,99.9955989524322,100,15
"chromium","m9b-riverValley-256-1","kernel","spillLevels",15.899999976158142,45.59999996423721,21.599999964237213,35.5,45.59999996423721,14.700000047683716,15.899999976158142,10.800000011920929,21.599999964237213,35.5,99.9955989524322,100,15
"chromium","m9b-riverValley-256-1","kernel","walkDistance",2.100000023841858,7.400000035762787,2,4.099999964237213,7.400000035762787,2.100000023841858,1.800000011920929,4.099999964237213,1.0999999642372131,2,99.9955989524322,100,15
"chromium","m9b-riverValley-256-1","kernel","landRegions",2.5,2.5,3.200000047683716,29.5,2.400000035762787,2.5,2.5,2.300000011920929,3.200000047683716,29.5,99.9955989524322,100,15
"chromium","m9b-riverValley-256-1","kernel","walkRegions",4.399999976158142,26.80000001192093,3.099999964237213,10.699999988079071,4.399999976158142,26.80000001192093,4.300000011920929,2.199999988079071,3.099999964237213,10.699999988079071,99.9955989524322,100,15
"chromium","m9b-riverValley-256-1","kernel","components",1.7000000476837158,26.69999998807907,1.0999999642372131,1.4000000357627869,1.7000000476837158,26.69999998807907,0.699999988079071,1.0999999642372131,1.4000000357627869,0.800000011920929,99.9955989524322,100,15
"chromium","m9b-riverValley-256-1","kernel","damSites",197.20000004768372,201.80000001192093,57.10000002384186,57.5,201.80000001192093,116.09999996423721,197.20000004768372,57.5,57.10000002384186,53.89999997615814,99.9955989524322,100,15
"chromium","m9b-riverValley-256-1","kernel","roomMap",1555,1704.199999988079,337.19999998807907,560.1999999880791,792.3999999761581,1704.199999988079,1555,337.19999998807907,560.1999999880791,331.4000000357628,99.9955989524322,100,15
"chromium","m9b-riverValley-256-1","complete","checks",1490.5999999642372,1571.8999999761581,1316.699999988079,1496.8999999761581,1571.8999999761581,1177,1490.5999999642372,1150.8999999761581,1496.8999999761581,1316.699999988079,99.9955989524322,100,15
"chromium","m9b-riverValley-256-1","complete","measures",48.10000002384186,118.80000001192093,13.600000023841858,26.099999964237213,48.10000002384186,118.80000001192093,22.100000023841858,26.099999964237213,13.600000023841858,11.299999952316284,99.9955989524322,100,15
"chromium","m9b-riverValley-256-1","complete","outcomes",18.399999976158142,26.200000047683716,32.89999997615814,105.30000001192093,18.30000001192093,26.200000047683716,18.399999976158142,28,32.89999997615814,105.30000001192093,99.9955989524322,100,15
"chromium","m9b-riverValley-96-1","kernel","levelRegions",0.30000001192092896,0.30000001192092896,0.800000011920929,2.399999976158142,0.30000001192092896,0.30000001192092896,0.19999998807907104,2.399999976158142,0.800000011920929,0.40000003576278687,100,100,3
"chromium","m9b-riverValley-96-1","kernel","distanceFrom",0.19999998807907104,0.800000011920929,0.10000002384185791,0.30000001192092896,0.10000002384185791,0.19999998807907104,0.800000011920929,0.10000002384185791,0.09999996423721313,0.30000001192092896,100,100,3
"chromium","m9b-riverValley-96-1","kernel","spillLevels",1.2000000476837158,1.300000011920929,0.8999999761581421,4.5,1.2000000476837158,1.199999988079071,1.300000011920929,4.5,0.8999999761581421,0.699999988079071,100,100,3
"chromium","m9b-riverValley-96-1","kernel","walkDistance",4.199999988079071,51.19999998807907,1.699999988079071,3.899999976158142,4.199999988079071,1.199999988079071,51.19999998807907,1.699999988079071,0.8999999761581421,3.899999976158142,100,100,3
"chromium","m9b-riverValley-96-1","kernel","landRegions",0.2999999523162842,0.30000001192092896,0.30000001192092896,0.30000001192092896,0.2999999523162842,0.19999998807907104,0.30000001192092896,0.20000004768371582,0.30000001192092896,0.30000001192092896,100,100,3
"chromium","m9b-riverValley-96-1","kernel","walkRegions",0.5,0.5,0.5,0.8999999761581421,0.5,0.5,0.40000003576278687,0.40000003576278687,0.5,0.8999999761581421,100,100,3
"chromium","m9b-riverValley-96-1","kernel","components",0.10000002384185791,0.7000000476837158,0.19999998807907104,0.20000004768371582,0.7000000476837158,0.09999996423721313,0.10000002384185791,0.10000002384185791,0.20000004768371582,0.19999998807907104,100,100,3
"chromium","m9b-riverValley-96-1","kernel","damSites",195.30000001192093,197.80000001192093,68.10000002384186,80,195.30000001192093,197.80000001192093,104.69999998807907,80,45.10000002384186,68.10000002384186,100,100,3
"chromium","m9b-riverValley-96-1","kernel","roomMap",22.099999964237213,25.30000001192093,2.699999988079071,7.5,3.100000023841858,25.30000001192093,22.099999964237213,2.299999952316284,7.5,2.699999988079071,100,100,3
"chromium","m9b-riverValley-96-1","complete","checks",198,226.39999997615814,94.60000002384186,178.10000002384186,226.39999997615814,121.30000001192093,198,178.10000002384186,58.40000003576279,94.60000002384186,100,100,3
"chromium","m9b-riverValley-96-1","complete","measures",2.899999976158142,3.399999976158142,2.5,7.5,2.300000011920929,3.399999976158142,2.899999976158142,2.5,2.199999988079071,7.5,100,100,3
"chromium","m9b-riverValley-96-1","complete","outcomes",4.399999976158142,4.600000023841858,7.899999976158142,14.100000023841858,4.600000023841858,4.399999976158142,3.5,3,7.899999976158142,14.100000023841858,100,100,3
"firefox","m9b-any-128-1","kernel","levelRegions",1,2,3,8,2,1,0,3,2,8,100,100,9
"firefox","m9b-any-128-1","kernel","distanceFrom",0,3,2,3,3,0,0,1,3,2,100,100,9
"firefox","m9b-any-128-1","kernel","spillLevels",4,6,8,14,6,4,4,6,14,8,100,100,9
"firefox","m9b-any-128-1","kernel","walkDistance",2,55,5,106,55,1,2,5,106,1,100,100,9
"firefox","m9b-any-128-1","kernel","landRegions",2,3,2,3,0,3,2,3,2,1,100,100,9
"firefox","m9b-any-128-1","kernel","walkRegions",1,5,3,4,5,1,0,2,3,4,100,100,9
"firefox","m9b-any-128-1","kernel","components",0,1,1,2,1,0,0,1,2,1,100,100,9
"firefox","m9b-any-128-1","kernel","damSites",430,455,443,496,386,430,455,443,496,393,100,100,9
"firefox","m9b-any-128-1","kernel","roomMap",8,50,79,111,50,8,8,44,79,111,100,100,9
"firefox","m9b-any-128-1","complete","checks",1243,1270,880,917,1243,1270,886,880,917,567,100,100,9
"firefox","m9b-any-128-1","complete","measures",20,22,45,46,20,6,22,46,10,45,100,100,9
"firefox","m9b-any-128-1","complete","outcomes",90,104,111,112,90,104,10,112,111,8,100,100,9
"firefox","m9b-any-256-1","kernel","levelRegions",2,3,71,104,3,2,2,104,71,65,100,100,54
"firefox","m9b-any-256-1","kernel","distanceFrom",1,2,5,77,1,2,1,5,77,5,100,100,54
"firefox","m9b-any-256-1","kernel","spillLevels",26,59,92,98,12,26,59,92,98,86,100,100,54
"firefox","m9b-any-256-1","kernel","walkDistance",1,6,3,4,6,1,1,2,4,3,100,100,54
"firefox","m9b-any-256-1","kernel","landRegions",3,3,12,17,2,3,3,12,10,17,100,100,54
"firefox","m9b-any-256-1","kernel","walkRegions",6,63,53,58,3,6,63,58,53,13,100,100,54
"firefox","m9b-any-256-1","kernel","components",2,34,4,4,2,34,0,4,4,4,100,100,54
"firefox","m9b-any-256-1","kernel","damSites",504,532,332,380,317,532,504,324,332,380,100,100,54
"firefox","m9b-any-256-1","kernel","roomMap",2021,2162,3824,3967,1855,2021,2162,3490,3967,3824,100,100,54
"firefox","m9b-any-256-1","complete","checks",1286,1935,1488,1666,1935,1286,990,1666,1488,1222,100,100,54
"firefox","m9b-any-256-1","complete","measures",63,106,119,122,30,63,106,122,119,89,100,100,54
"firefox","m9b-any-256-1","complete","outcomes",114,253,103,270,253,114,86,270,103,77,100,100,54
"firefox","m9b-any-96-1","kernel","levelRegions",1,2,1,2,2,1,0,2,1,1,100,100,9
"firefox","m9b-any-96-1","kernel","distanceFrom",1,3,1,1,3,1,1,1,1,1,100,100,9
"firefox","m9b-any-96-1","kernel","spillLevels",3,4,4,75,1,3,4,4,75,4,100,100,9
"firefox","m9b-any-96-1","kernel","walkDistance",1,4,1,1,4,1,0,1,1,1,100,100,9
"firefox","m9b-any-96-1","kernel","landRegions",0,0,1,2,0,0,0,1,2,1,100,100,9
"firefox","m9b-any-96-1","kernel","walkRegions",0,3,2,82,3,0,0,82,2,1,100,100,9
"firefox","m9b-any-96-1","kernel","components",0,1,1,1,0,1,0,1,0,1,100,100,9
"firefox","m9b-any-96-1","kernel","damSites",298,305,216,305,305,255,298,305,216,184,100,100,9
"firefox","m9b-any-96-1","kernel","roomMap",3,10,12,79,10,3,2,12,79,11,100,100,9
"firefox","m9b-any-96-1","complete","checks",479,576,466,546,479,407,576,440,466,546,100,100,9
"firefox","m9b-any-96-1","complete","measures",3,9,15,82,9,3,2,82,5,15,100,100,9
"firefox","m9b-any-96-1","complete","outcomes",76,128,109,124,128,23,76,109,124,30,100,100,9
"firefox","m9b-canyon-128-1","kernel","levelRegions",0,2,2,3,0,2,0,2,2,3,100,100,16
"firefox","m9b-canyon-128-1","kernel","distanceFrom",1,1,1,3,0,1,1,3,1,1,100,100,16
"firefox","m9b-canyon-128-1","kernel","spillLevels",4,7,6,62,4,7,3,5,6,62,100,100,16
"firefox","m9b-canyon-128-1","kernel","walkDistance",4,8,1,1,8,4,1,1,1,1,100,100,16
"firefox","m9b-canyon-128-1","kernel","landRegions",1,2,3,3,1,0,2,3,2,3,100,100,16
"firefox","m9b-canyon-128-1","kernel","walkRegions",1,3,2,3,3,1,1,2,2,3,100,100,16
"firefox","m9b-canyon-128-1","kernel","components",0,1,0,0,1,0,0,0,0,0,100,100,16
"firefox","m9b-canyon-128-1","kernel","damSites",520,650,551,591,650,520,499,591,467,551,100,100,16
"firefox","m9b-canyon-128-1","kernel","roomMap",91,109,161,175,28,91,109,175,161,160,100,100,16
"firefox","m9b-canyon-128-1","complete","checks",780,947,773,1007,709,947,780,1007,773,725,100,100,16
"firefox","m9b-canyon-128-1","complete","measures",19,88,16,85,19,88,6,16,6,85,100,100,16
"firefox","m9b-canyon-128-1","complete","outcomes",56,135,124,138,56,135,6,124,138,87,100,100,16
"firefox","m9b-canyon-256-1","kernel","levelRegions",2,3,12,12,2,3,2,12,12,11,100,100,54
"firefox","m9b-canyon-256-1","kernel","distanceFrom",1,51,5,5,1,1,51,5,5,5,100,100,54
"firefox","m9b-canyon-256-1","kernel","spillLevels",82,165,81,101,82,29,165,81,101,26,100,100,54
"firefox","m9b-canyon-256-1","kernel","walkDistance",3,5,2,3,5,3,3,3,2,2,100,100,54
"firefox","m9b-canyon-256-1","kernel","landRegions",2,4,11,11,4,2,2,8,11,11,100,100,54
"firefox","m9b-canyon-256-1","kernel","walkRegions",4,6,60,68,6,4,3,59,68,60,100,100,54
"firefox","m9b-canyon-256-1","kernel","components",1,5,2,3,5,1,1,2,3,2,100,100,54
"firefox","m9b-canyon-256-1","kernel","damSites",579,582,525,584,582,579,573,584,525,522,100,100,54
"firefox","m9b-canyon-256-1","kernel","roomMap",1336,1407,2808,3031,1184,1407,1336,2052,2808,3031,100,100,54
"firefox","m9b-canyon-256-1","complete","checks",2370,2451,2052,2614,2370,2451,1959,2614,1980,2052,100,100,54
"firefox","m9b-canyon-256-1","complete","measures",79,110,100,120,79,110,77,120,100,91,100,100,54
"firefox","m9b-canyon-256-1","complete","outcomes",104,297,95,395,297,104,85,395,92,95,100,100,54
"firefox","m9b-canyon-96-1","kernel","levelRegions",1,1,4,41,0,1,1,4,41,1,100,100,6
"firefox","m9b-canyon-96-1","kernel","distanceFrom",0,3,1,1,3,0,0,1,1,1,100,100,6
"firefox","m9b-canyon-96-1","kernel","spillLevels",2,2,4,4,2,2,2,3,4,4,100,100,6
"firefox","m9b-canyon-96-1","kernel","walkDistance",1,1,1,1,1,1,1,1,1,0,100,100,6
"firefox","m9b-canyon-96-1","kernel","landRegions",0,1,1,1,0,1,0,1,1,1,100,100,6
"firefox","m9b-canyon-96-1","kernel","walkRegions",1,2,2,4,2,0,1,1,4,2,100,100,6
"firefox","m9b-canyon-96-1","kernel","components",0,1,0,0,1,0,0,0,0,0,100,100,6
"firefox","m9b-canyon-96-1","kernel","damSites",175,234,159,216,175,234,103,216,127,159,100,100,6
"firefox","m9b-canyon-96-1","kernel","roomMap",5,7,20,113,5,7,5,20,113,11,100,100,6
"firefox","m9b-canyon-96-1","complete","checks",379,561,342,466,561,313,379,466,342,275,100,100,6
"firefox","m9b-canyon-96-1","complete","measures",5,11,6,10,5,4,11,5,10,6,100,100,6
"firefox","m9b-canyon-96-1","complete","outcomes",41,72,32,36,41,38,72,30,32,36,100,100,6
"firefox","m9b-delta-128-1","kernel","levelRegions",1,1,2,27,1,0,1,27,2,2,100,100,9
"firefox","m9b-delta-128-1","kernel","distanceFrom",0,0,1,2,0,0,0,0,1,2,100,100,9
"firefox","m9b-delta-128-1","kernel","spillLevels",4,6,7,8,4,2,6,7,8,7,100,100,9
"firefox","m9b-delta-128-1","kernel","walkDistance",4,5,6,14,4,5,4,14,5,6,100,100,9
"firefox","m9b-delta-128-1","kernel","landRegions",1,2,2,3,0,2,1,3,1,2,100,100,9
"firefox","m9b-delta-128-1","kernel","walkRegions",1,3,3,4,3,1,1,3,2,4,100,100,9
"firefox","m9b-delta-128-1","kernel","components",0,1,1,2,0,0,1,1,1,2,100,100,9
"firefox","m9b-delta-128-1","kernel","damSites",483,491,425,443,491,429,483,425,443,346,100,100,9
"firefox","m9b-delta-128-1","kernel","roomMap",97,107,162,228,107,73,97,134,228,162,100,100,9
"firefox","m9b-delta-128-1","complete","checks",646,765,869,933,587,646,765,869,728,933,100,100,9
"firefox","m9b-delta-128-1","complete","measures",16,18,8,24,18,16,6,24,6,8,100,100,9
"firefox","m9b-delta-128-1","complete","outcomes",57,65,8,74,65,57,7,74,8,8,100,100,9
"firefox","m9b-delta-256-1","kernel","levelRegions",7,46,15,31,46,7,1,15,11,31,99.9981846231029,100,90
"firefox","m9b-delta-256-1","kernel","distanceFrom",0,1,2,3,1,0,0,3,2,2,99.9981846231029,100,90
"firefox","m9b-delta-256-1","kernel","spillLevels",23,27,33,44,17,23,27,33,29,44,99.9981846231029,100,90
"firefox","m9b-delta-256-1","kernel","walkDistance",6,7,10,49,7,6,5,10,7,49,99.9981846231029,100,90
"firefox","m9b-delta-256-1","kernel","landRegions",3,4,11,19,2,3,4,19,11,8,99.9981846231029,100,90
"firefox","m9b-delta-256-1","kernel","walkRegions",3,6,88,101,6,3,3,101,88,66,99.9981846231029,100,90
"firefox","m9b-delta-256-1","kernel","components",1,3,6,8,3,0,1,3,6,8,99.9981846231029,100,90
"firefox","m9b-delta-256-1","kernel","damSites",2260,2536,2365,2423,2536,2260,2078,2365,2075,2423,99.9981846231029,100,90
"firefox","m9b-delta-256-1","kernel","roomMap",3100,4660,6065,6377,3024,3100,4660,6377,5766,6065,99.9981846231029,100,90
"firefox","m9b-delta-256-1","complete","checks",2777,2895,3164,3458,2777,2895,2634,3164,3458,3049,99.9981846231029,100,90
"firefox","m9b-delta-256-1","complete","measures",28,40,50,69,40,28,18,50,69,37,99.9981846231029,100,90
"firefox","m9b-delta-256-1","complete","outcomes",79,93,46,142,93,79,29,142,46,38,99.9981846231029,100,90
"firefox","m9b-delta-96-1","kernel","levelRegions",1,1,1,2,1,1,1,1,1,2,100,100,8
"firefox","m9b-delta-96-1","kernel","distanceFrom",1,1,0,0,1,1,0,0,0,0,100,100,8
"firefox","m9b-delta-96-1","kernel","spillLevels",3,15,3,5,15,3,3,5,3,3,100,100,8
"firefox","m9b-delta-96-1","kernel","walkDistance",3,10,5,6,10,3,3,5,6,2,100,100,8
"firefox","m9b-delta-96-1","kernel","landRegions",0,2,1,1,2,0,0,1,1,1,100,100,8
"firefox","m9b-delta-96-1","kernel","walkRegions",1,3,2,2,3,0,1,2,2,1,100,100,8
"firefox","m9b-delta-96-1","kernel","components",0,1,1,2,1,0,0,1,2,1,100,100,8
"firefox","m9b-delta-96-1","kernel","damSites",242,299,187,204,242,299,216,204,153,187,100,100,8
"firefox","m9b-delta-96-1","kernel","roomMap",28,31,45,58,31,26,28,45,43,58,100,100,8
"firefox","m9b-delta-96-1","complete","checks",296,341,288,302,341,290,296,288,302,274,100,100,8
"firefox","m9b-delta-96-1","complete","measures",4,5,12,17,2,5,4,5,17,12,100,100,8
"firefox","m9b-delta-96-1","complete","outcomes",7,9,5,5,7,9,6,5,4,5,100,100,8
"firefox","m9b-highlands-128-1","kernel","levelRegions",0,1,8,28,0,0,1,2,8,28,100,100,10
"firefox","m9b-highlands-128-1","kernel","distanceFrom",0,1,1,1,0,0,1,1,0,1,100,100,10
"firefox","m9b-highlands-128-1","kernel","spillLevels",3,5,8,45,5,3,3,8,7,45,100,100,10
"firefox","m9b-highlands-128-1","kernel","walkDistance",1,3,1,1,3,0,1,1,1,0,100,100,10
"firefox","m9b-highlands-128-1","kernel","landRegions",1,1,4,34,1,1,0,1,34,4,100,100,10
"firefox","m9b-highlands-128-1","kernel","walkRegions",1,3,4,31,3,1,1,31,2,4,100,100,10
"firefox","m9b-highlands-128-1","kernel","components",0,1,1,1,0,1,0,1,0,1,100,100,10
"firefox","m9b-highlands-128-1","kernel","damSites",648,768,619,730,648,768,459,730,619,421,100,100,10
"firefox","m9b-highlands-128-1","kernel","roomMap",17,19,66,72,19,17,7,66,72,23,100,100,10
"firefox","m9b-highlands-128-1","complete","checks",811,955,794,809,811,955,752,759,794,809,100,100,10
"firefox","m9b-highlands-128-1","complete","measures",12,19,9,25,12,19,11,25,8,9,100,100,10
"firefox","m9b-highlands-128-1","complete","outcomes",43,44,20,58,43,44,25,58,20,17,100,100,10
"firefox","m9b-highlands-256-1","kernel","levelRegions",3,54,13,14,54,2,3,10,13,14,100,100,53
"firefox","m9b-highlands-256-1","kernel","distanceFrom",2,2,6,7,2,1,2,6,7,5,100,100,53
"firefox","m9b-highlands-256-1","kernel","spillLevels",68,81,86,107,81,14,68,107,86,34,100,100,53
"firefox","m9b-highlands-256-1","kernel","walkDistance",1,4,2,2,4,0,1,2,2,2,100,100,53
"firefox","m9b-highlands-256-1","kernel","landRegions",3,3,10,14,3,3,3,9,14,10,100,100,53
"firefox","m9b-highlands-256-1","kernel","walkRegions",6,13,53,90,6,3,13,12,90,53,100,100,53
"firefox","m9b-highlands-256-1","kernel","components",1,4,4,5,4,1,0,1,5,4,100,100,53
"firefox","m9b-highlands-256-1","kernel","damSites",218,247,226,302,247,218,209,302,226,186,100,100,53
"firefox","m9b-highlands-256-1","kernel","roomMap",2319,2849,4832,5660,2072,2319,2849,4832,4083,5660,100,100,53
"firefox","m9b-highlands-256-1","complete","checks",1361,1392,1461,1715,1361,1392,862,1271,1715,1461,100,100,53
"firefox","m9b-highlands-256-1","complete","measures",86,114,102,103,114,86,82,102,103,88,100,100,53
"firefox","m9b-highlands-256-1","complete","outcomes",106,166,60,195,166,106,26,195,59,60,100,100,53
"firefox","m9b-highlands-96-1","kernel","levelRegions",0,1,1,2,0,0,1,1,2,1,100,100,5
"firefox","m9b-highlands-96-1","kernel","distanceFrom",1,1,0,1,1,1,0,0,0,1,100,100,5
"firefox","m9b-highlands-96-1","kernel","spillLevels",3,6,3,3,2,6,3,3,3,2,100,100,5
"firefox","m9b-highlands-96-1","kernel","walkDistance",1,4,1,2,4,1,0,0,2,1,100,100,5
"firefox","m9b-highlands-96-1","kernel","landRegions",1,2,2,3,1,2,0,2,3,2,100,100,5
"firefox","m9b-highlands-96-1","kernel","walkRegions",0,4,2,2,4,0,0,1,2,2,100,100,5
"firefox","m9b-highlands-96-1","kernel","components",0,2,0,1,2,0,0,0,0,1,100,100,5
"firefox","m9b-highlands-96-1","kernel","damSites",63,65,61,80,65,63,46,61,80,61,100,100,5
"firefox","m9b-highlands-96-1","kernel","roomMap",15,17,44,67,17,15,14,44,67,44,100,100,5
"firefox","m9b-highlands-96-1","complete","checks",220,390,182,282,390,205,220,282,175,182,100,100,5
"firefox","m9b-highlands-96-1","complete","measures",4,25,12,16,25,4,3,12,4,16,100,100,5
"firefox","m9b-highlands-96-1","complete","outcomes",37,66,31,36,66,26,37,31,36,29,100,100,5
"firefox","m9b-islands-128-1","kernel","levelRegions",1,3,3,4,1,3,0,4,3,3,100,100,13
"firefox","m9b-islands-128-1","kernel","distanceFrom",0,1,1,21,0,1,0,1,0,21,100,100,13
"firefox","m9b-islands-128-1","kernel","spillLevels",5,6,7,10,5,5,6,10,7,5,100,100,13
"firefox","m9b-islands-128-1","kernel","walkDistance",3,3,1,2,3,3,1,2,1,1,100,100,13
"firefox","m9b-islands-128-1","kernel","landRegions",0,1,1,6,1,0,0,1,6,1,100,100,13
"firefox","m9b-islands-128-1","kernel","walkRegions",3,5,3,3,3,5,1,3,3,3,100,100,13
"firefox","m9b-islands-128-1","kernel","components",2,2,2,3,2,2,1,2,2,3,100,100,13
"firefox","m9b-islands-128-1","kernel","damSites",1454,1675,1472,1510,1675,1285,1454,1472,1510,1252,100,100,13
"firefox","m9b-islands-128-1","kernel","roomMap",9,20,13,16,9,5,20,13,12,16,100,100,13
"firefox","m9b-islands-128-1","complete","checks",1854,2304,1709,1841,2304,1854,1769,1841,1708,1709,100,100,13
"firefox","m9b-islands-128-1","complete","measures",15,20,14,37,20,5,15,37,10,14,100,100,13
"firefox","m9b-islands-128-1","complete","outcomes",30,30,29,37,30,28,30,37,28,29,100,100,13
"firefox","m9b-islands-256-1","kernel","levelRegions",1,1,10,10,1,1,1,10,9,10,100,100,34
"firefox","m9b-islands-256-1","kernel","distanceFrom",2,3,4,4,2,3,1,4,4,3,100,100,34
"firefox","m9b-islands-256-1","kernel","spillLevels",20,57,72,76,57,20,16,25,76,72,100,100,34
"firefox","m9b-islands-256-1","kernel","walkDistance",1,2,2,3,2,1,1,3,2,1,100,100,34
"firefox","m9b-islands-256-1","kernel","landRegions",1,2,5,54,1,1,2,5,5,54,100,100,34
"firefox","m9b-islands-256-1","kernel","walkRegions",4,5,13,65,5,3,4,13,7,65,100,100,34
"firefox","m9b-islands-256-1","kernel","components",5,43,6,43,5,43,4,6,6,43,100,100,34
"firefox","m9b-islands-256-1","kernel","damSites",171,219,188,249,157,219,171,161,249,188,100,100,34
"firefox","m9b-islands-256-1","kernel","roomMap",401,453,756,885,401,320,453,688,756,885,100,100,34
"firefox","m9b-islands-256-1","complete","checks",2411,2635,2727,3009,2635,2411,2393,2431,2727,3009,100,100,34
"firefox","m9b-islands-256-1","complete","measures",86,92,102,103,92,86,58,102,103,73,100,100,34
"firefox","m9b-islands-256-1","complete","outcomes",91,182,87,189,182,91,71,189,87,79,100,100,34
"firefox","m9b-islands-96-1","kernel","levelRegions",0,0,2,2,0,0,0,1,2,2,100,100,8
"firefox","m9b-islands-96-1","kernel","distanceFrom",0,0,1,1,0,0,0,1,0,1,100,100,8
"firefox","m9b-islands-96-1","kernel","spillLevels",3,3,3,3,3,3,2,3,3,3,100,100,8
"firefox","m9b-islands-96-1","kernel","walkDistance",2,6,0,0,6,2,1,0,0,0,100,100,8
"firefox","m9b-islands-96-1","kernel","landRegions",1,1,0,0,1,1,0,0,0,0,100,100,8
"firefox","m9b-islands-96-1","kernel","walkRegions",1,6,1,3,6,0,1,1,3,0,100,100,8
"firefox","m9b-islands-96-1","kernel","components",1,2,0,3,2,0,1,0,3,0,100,100,8
"firefox","m9b-islands-96-1","kernel","damSites",1579,1636,1243,1490,1579,1636,1517,1243,1490,1076,100,100,8
"firefox","m9b-islands-96-1","kernel","roomMap",1,4,4,50,4,1,1,4,3,50,100,100,8
"firefox","m9b-islands-96-1","complete","checks",1534,1675,1599,2058,1675,1534,1355,1599,2058,1152,100,100,8
"firefox","m9b-islands-96-1","complete","measures",4,15,11,19,15,3,4,11,4,19,100,100,8
"firefox","m9b-islands-96-1","complete","outcomes",13,46,15,69,46,13,12,15,11,69,100,100,8
"firefox","m9b-lakeBasin-128-1","kernel","levelRegions",2,2,2,3,1,2,2,2,1,3,100,100,19
"firefox","m9b-lakeBasin-128-1","kernel","distanceFrom",1,1,1,2,0,1,1,1,1,2,100,100,19
"firefox","m9b-lakeBasin-128-1","kernel","spillLevels",5,5,8,47,5,5,4,8,5,47,100,100,19
"firefox","m9b-lakeBasin-128-1","kernel","walkDistance",1,1,0,0,1,0,1,0,0,0,100,100,19
"firefox","m9b-lakeBasin-128-1","kernel","landRegions",1,2,2,2,0,2,1,2,2,1,100,100,19
"firefox","m9b-lakeBasin-128-1","kernel","walkRegions",2,51,2,3,2,1,51,2,2,3,100,100,19
"firefox","m9b-lakeBasin-128-1","kernel","components",0,1,1,1,1,0,0,1,0,1,100,100,19
"firefox","m9b-lakeBasin-128-1","kernel","damSites",662,712,661,785,662,712,565,608,785,661,100,100,19
"firefox","m9b-lakeBasin-128-1","kernel","roomMap",8,24,24,41,8,7,24,41,24,21,100,100,19
"firefox","m9b-lakeBasin-128-1","complete","checks",1048,1484,1043,1081,1048,1484,884,1043,1081,822,100,100,19
"firefox","m9b-lakeBasin-128-1","complete","measures",19,21,43,81,21,19,4,43,81,8,100,100,19
"firefox","m9b-lakeBasin-128-1","complete","outcomes",50,83,57,73,83,46,50,73,57,53,100,100,19
"firefox","m9b-lakeBasin-256-1","kernel","levelRegions",1,2,11,12,1,1,2,9,12,11,100,100,46
"firefox","m9b-lakeBasin-256-1","kernel","distanceFrom",2,2,7,53,1,2,2,53,5,7,100,100,46
"firefox","m9b-lakeBasin-256-1","kernel","spillLevels",18,50,76,123,18,50,14,123,59,76,100,100,46
"firefox","m9b-lakeBasin-256-1","kernel","walkDistance",1,48,3,3,48,1,1,3,3,3,100,100,46
"firefox","m9b-lakeBasin-256-1","kernel","landRegions",2,3,10,10,3,2,2,8,10,10,100,100,46
"firefox","m9b-lakeBasin-256-1","kernel","walkRegions",3,5,54,56,5,3,3,56,54,40,100,100,46
"firefox","m9b-lakeBasin-256-1","kernel","components",4,43,3,3,4,43,2,2,3,3,100,100,46
"firefox","m9b-lakeBasin-256-1","kernel","damSites",2594,2960,2641,2700,2960,2594,2501,2700,2497,2641,100,100,46
"firefox","m9b-lakeBasin-256-1","kernel","roomMap",945,1371,1825,1874,1371,945,906,1874,1825,1767,100,100,46
"firefox","m9b-lakeBasin-256-1","complete","checks",3548,3665,4004,4017,3548,3062,3665,4017,4004,3928,100,100,46
"firefox","m9b-lakeBasin-256-1","complete","measures",80,91,80,87,80,91,35,87,80,37,100,100,46
"firefox","m9b-lakeBasin-256-1","complete","outcomes",67,200,55,174,200,67,48,174,45,55,100,100,46
"firefox","m9b-lakeBasin-96-1","kernel","levelRegions",1,2,2,3,0,2,1,2,1,3,100,100,6
"firefox","m9b-lakeBasin-96-1","kernel","distanceFrom",0,0,2,3,0,0,0,2,3,0,100,100,6
"firefox","m9b-lakeBasin-96-1","kernel","spillLevels",2,3,5,7,2,2,3,7,2,5,100,100,6
"firefox","m9b-lakeBasin-96-1","kernel","walkDistance",0,1,0,1,1,0,0,0,0,1,100,100,6
"firefox","m9b-lakeBasin-96-1","kernel","landRegions",1,1,1,1,1,1,0,1,1,1,100,100,6
"firefox","m9b-lakeBasin-96-1","kernel","walkRegions",1,2,2,2,2,1,0,2,1,2,100,100,6
"firefox","m9b-lakeBasin-96-1","kernel","components",1,1,1,2,0,1,1,2,0,1,100,100,6
"firefox","m9b-lakeBasin-96-1","kernel","damSites",249,297,220,272,229,297,249,272,220,220,100,100,6
"firefox","m9b-lakeBasin-96-1","kernel","roomMap",2,4,6,6,4,1,2,5,6,6,100,100,6
"firefox","m9b-lakeBasin-96-1","complete","checks",367,417,410,512,367,417,326,333,410,512,100,100,6
"firefox","m9b-lakeBasin-96-1","complete","measures",5,32,13,16,32,5,3,13,8,16,100,100,6
"firefox","m9b-lakeBasin-96-1","complete","outcomes",23,25,21,26,20,25,23,26,21,15,100,100,6
"firefox","m9b-riverValley-128-1","kernel","levelRegions",0,1,4,5,0,0,1,4,5,3,99.95853846922307,100,7
"firefox","m9b-riverValley-128-1","kernel","distanceFrom",1,2,1,1,2,1,0,1,1,1,99.95853846922307,100,7
"firefox","m9b-riverValley-128-1","kernel","spillLevels",4,5,6,6,5,3,4,6,6,6,99.95853846922307,100,7
"firefox","m9b-riverValley-128-1","kernel","walkDistance",2,2,0,1,2,2,1,1,0,0,99.95853846922307,100,7
"firefox","m9b-riverValley-128-1","kernel","landRegions",1,1,2,2,1,1,1,2,2,1,99.95853846922307,100,7
"firefox","m9b-riverValley-128-1","kernel","walkRegions",1,3,3,3,3,1,1,3,3,3,99.95853846922307,100,7
"firefox","m9b-riverValley-128-1","kernel","components",1,2,1,3,2,0,1,3,1,0,99.95853846922307,100,7
"firefox","m9b-riverValley-128-1","kernel","damSites",233,247,216,225,233,227,247,190,225,216,99.95853846922307,100,7
"firefox","m9b-riverValley-128-1","kernel","roomMap",30,34,54,55,30,34,20,54,53,55,99.95853846922307,100,7
"firefox","m9b-riverValley-128-1","complete","checks",324,384,329,406,323,384,324,329,406,310,99.95853846922307,100,7
"firefox","m9b-riverValley-128-1","complete","measures",14,17,7,17,14,17,5,17,7,7,99.95853846922307,100,7
"firefox","m9b-riverValley-128-1","complete","outcomes",35,38,40,40,38,35,8,40,40,6,99.95853846922307,100,7
"firefox","m9b-riverValley-256-1","kernel","levelRegions",2,2,10,10,1,2,2,10,10,10,99.98898124265769,100,35
"firefox","m9b-riverValley-256-1","kernel","distanceFrom",1,2,5,6,1,1,2,6,5,5,99.98898124265769,100,35
"firefox","m9b-riverValley-256-1","kernel","spillLevels",15,15,31,38,15,15,14,38,31,26,99.98898124265769,100,35
"firefox","m9b-riverValley-256-1","kernel","walkDistance",5,5,4,4,5,5,2,3,4,4,99.98898124265769,100,35
"firefox","m9b-riverValley-256-1","kernel","landRegions",2,11,8,15,11,2,2,15,8,8,99.98898124265769,100,35
"firefox","m9b-riverValley-256-1","kernel","walkRegions",4,6,10,11,6,3,4,10,11,10,99.98898124265769,100,35
"firefox","m9b-riverValley-256-1","kernel","components",1,1,3,4,1,1,1,4,3,3,99.98898124265769,100,35
"firefox","m9b-riverValley-256-1","kernel","damSites",102,150,89,99,102,99,150,89,99,89,99.98898124265769,100,35
"firefox","m9b-riverValley-256-1","kernel","roomMap",910,1867,3158,3580,845,910,1867,1542,3158,3580,99.98898124265769,100,35
"firefox","m9b-riverValley-256-1","complete","checks",1452,1906,1455,1941,1433,1906,1452,1941,1435,1455,99.98898124265769,100,35
"firefox","m9b-riverValley-256-1","complete","measures",58,109,70,80,109,58,50,53,80,70,99.98898124265769,100,35
"firefox","m9b-riverValley-256-1","complete","outcomes",74,220,53,140,220,74,34,140,34,53,99.98898124265769,100,35
"firefox","m9b-riverValley-96-1","kernel","levelRegions",1,1,2,4,1,1,1,4,2,2,100,100,6
"firefox","m9b-riverValley-96-1","kernel","distanceFrom",0,0,1,4,0,0,0,0,1,4,100,100,6
"firefox","m9b-riverValley-96-1","kernel","spillLevels",3,5,4,5,3,5,2,3,5,4,100,100,6
"firefox","m9b-riverValley-96-1","kernel","walkDistance",5,7,2,2,5,2,7,2,2,2,100,100,6
"firefox","m9b-riverValley-96-1","kernel","landRegions",1,5,2,12,0,5,1,2,12,1,100,100,6
"firefox","m9b-riverValley-96-1","kernel","walkRegions",0,1,2,2,1,0,0,2,2,2,100,100,6
"firefox","m9b-riverValley-96-1","kernel","components",0,0,1,4,0,0,0,1,1,4,100,100,6
"firefox","m9b-riverValley-96-1","kernel","damSites",201,247,198,207,156,201,247,207,198,164,100,100,6
"firefox","m9b-riverValley-96-1","kernel","roomMap",7,8,17,21,8,5,7,17,21,12,100,100,6
"firefox","m9b-riverValley-96-1","complete","checks",230,331,236,257,331,219,230,257,236,214,100,100,6
"firefox","m9b-riverValley-96-1","complete","measures",5,13,5,6,3,5,13,6,4,5,100,100,6
"firefox","m9b-riverValley-96-1","complete","outcomes",27,29,28,30,27,29,5,30,28,7,100,100,6
"webkit","m9b-any-128-1","kernel","levelRegions",1,1.000000000001819,1,1,0.999999999998181,1,1.000000000001819,1,1,0.999999999998181,99.99803853809098,100,37
"webkit","m9b-any-128-1","kernel","distanceFrom",1,45.00000000000182,1,1.000000000001819,1,0,45.00000000000182,1,1.000000000001819,0,99.99803853809098,100,37
"webkit","m9b-any-128-1","kernel","spillLevels",6.000000000001819,68.00000000000182,2.999999999996362,45,4.000000000001819,68.00000000000182,6.000000000001819,1.999999999998181,2.999999999996362,45,99.99803853809098,100,37
"webkit","m9b-any-128-1","kernel","walkDistance",4,71,0,1.000000000003638,71,4,4,0,1.000000000003638,0,99.99803853809098,100,37
"webkit","m9b-any-128-1","kernel","landRegions",3,58,1,1,3,2,58,1,1,1,99.99803853809098,100,37
"webkit","m9b-any-128-1","kernel","walkRegions",3,7,1,1,3,7,1,1,1,1,99.99803853809098,100,37
"webkit","m9b-any-128-1","kernel","components",0,3,0,1,3,0,0,0,0,1,99.99803853809098,100,37
"webkit","m9b-any-128-1","kernel","damSites",3257,3327,199,240,3327,3257,3029,240,199,183,99.99803853809098,100,37
"webkit","m9b-any-128-1","kernel","roomMap",54.00000000000364,140,6,11.000000000003638,48.00000000000364,54.00000000000364,140,11.000000000003638,6,6,99.99803853809098,100,37
"webkit","m9b-any-128-1","complete","checks",4451,4841,760,842.9999999999927,4451,4041.9999999999927,4841,842.9999999999927,702.0000000000073,760,99.99803853809098,100,37
"webkit","m9b-any-128-1","complete","measures",123,124,7,61,124,123,10.000000000007276,7,5,61,99.99803853809098,100,37
"webkit","m9b-any-128-1","complete","outcomes",74.99999999999272,116,75,80,74.99999999999272,62,116,66,75,80,99.99803853809098,100,37
"webkit","m9b-any-256-1","kernel","levelRegions",5,33,9,38,4,5,33,9,38,8,99.9993251517286,100,41
"webkit","m9b-any-256-1","kernel","distanceFrom",8,75,1,2,2.999999999970896,8,75,1,2,1,99.9993251517286,100,41
"webkit","m9b-any-256-1","kernel","spillLevels",51.999999999970896,109.0000000000291,36,40,109.0000000000291,51.999999999970896,51.999999999970896,13.999999999970896,36,40,99.9993251517286,100,41
"webkit","m9b-any-256-1","kernel","walkDistance",7.000000000029104,48,2,2.999999999970896,48,7.000000000029104,7.000000000029104,2,2.999999999970896,0.9999999999708962,99.9993251517286,100,41
"webkit","m9b-any-256-1","kernel","landRegions",6,33,5,29,6,3,33,5,29,2,99.9993251517286,100,41
"webkit","m9b-any-256-1","kernel","walkRegions",29,43,9,21,43,29,13,4,9,21,99.9993251517286,100,41
"webkit","m9b-any-256-1","kernel","components",2,2,1,1.0000000000291038,2,1,2,1,1,1.0000000000291038,99.9993251517286,100,41
"webkit","m9b-any-256-1","kernel","damSites",134,152,94,97,152,109,134,60,97,94,99.9993251517286,100,41
"webkit","m9b-any-256-1","kernel","roomMap",5977,6201,638,826,5977,5759,6201,638,375,826,99.9993251517286,100,41
"webkit","m9b-any-256-1","complete","checks",2257.999999999971,5331.000000000029,907,1488.999999999971,5331.000000000029,1100,2257.999999999971,1488.999999999971,907,843.0000000000291,99.9993251517286,100,41
"webkit","m9b-any-256-1","complete","measures",73.0000000000291,385.9999999999709,78,105,385.9999999999709,47,73.0000000000291,105,78,53.999999999970896,99.9993251517286,100,41
"webkit","m9b-any-256-1","complete","outcomes",306,420.9999999999709,330,348,420.9999999999709,306,255,330,348,248,99.9993251517286,100,41
"webkit","m9b-any-96-1","kernel","levelRegions",1,1,0,1,1,1,1,1,0,0,100,100,9
"webkit","m9b-any-96-1","kernel","distanceFrom",11,65,0,1,11,2.9999999999417923,65,1,0,0,100,100,9
"webkit","m9b-any-96-1","kernel","spillLevels",6,6,1.0000000000582077,1.0000000000582077,6,5,6,1.0000000000582077,1.0000000000582077,1,100,100,9
"webkit","m9b-any-96-1","kernel","walkDistance",2.0000000000582077,3,1,60,2.0000000000582077,3,2,0,1,60,100,100,9
"webkit","m9b-any-96-1","kernel","landRegions",1,79.00000000005821,0,0,79.00000000005821,1,1,0,0,0,100,100,9
"webkit","m9b-any-96-1","kernel","walkRegions",2,2.9999999999417923,1,180,2,2.9999999999417923,2,180,0,1,100,100,9
"webkit","m9b-any-96-1","kernel","components",0,0.9999999999417923,0,0,0,0.9999999999417923,0,0,0,0,100,100,9
"webkit","m9b-any-96-1","kernel","damSites",244.0000000000582,292,78,111.99999999994179,292,244.0000000000582,169,15,111.99999999994179,78,100,100,9
"webkit","m9b-any-96-1","kernel","roomMap",6,123,3,3.0000000000582077,6,4,123,3,2,3.0000000000582077,100,100,9
"webkit","m9b-any-96-1","complete","checks",662,995,245,265,995,378,662,245,265,210,100,100,9
"webkit","m9b-any-96-1","complete","measures",3.0000000000582077,4,4,50,4,3.0000000000582077,3,4,2.9999999999417923,50,100,100,9
"webkit","m9b-any-96-1","complete","outcomes",74,77,73,76,30,77,74,76,12,73,100,100,9
"webkit","m9b-canyon-128-1","kernel","levelRegions",1,1,2.0000000000582077,2.0000000000582077,0,1,1,2.0000000000582077,1.0000000000582077,2.0000000000582077,100,100,8
"webkit","m9b-canyon-128-1","kernel","distanceFrom",0,1.0000000000582077,0,1,0,0,1.0000000000582077,1,0,0,100,100,8
"webkit","m9b-canyon-128-1","kernel","spillLevels",5,6,2.0000000000582077,116,5,6,4,1,2.0000000000582077,116,100,100,8
"webkit","m9b-canyon-128-1","kernel","walkDistance",4,5,0,698,5,3,4,698,0,0,100,100,8
"webkit","m9b-canyon-128-1","kernel","landRegions",0,1,0,1,0,1,0,0,0,1,100,100,8
"webkit","m9b-canyon-128-1","kernel","walkRegions",3,3,1.0000000000582077,58,3,3,2,1.0000000000582077,58,1,100,100,8
"webkit","m9b-canyon-128-1","kernel","components",1,105.00000000005821,0,0,1,105.00000000005821,1,0,0,0,100,100,8
"webkit","m9b-canyon-128-1","kernel","damSites",391,465.0000000000582,192,222,391,360,465.0000000000582,222,192,114.99999999994179,100,100,8
"webkit","m9b-canyon-128-1","kernel","roomMap",438,453.0000000000582,94,106.99999999994179,453.0000000000582,438,343,106.99999999994179,80,94,100,100,8
"webkit","m9b-canyon-128-1","complete","checks",1002.9999999999418,2038,538,669,1002.9999999999418,2038,950,538,669,510,100,100,8
"webkit","m9b-canyon-128-1","complete","measures",8.000000000058208,99,3.0000000000582077,101,8.000000000058208,7.999999999941792,99,101,3,3.0000000000582077,100,100,8
"webkit","m9b-canyon-128-1","complete","outcomes",104,153.0000000000582,75.99999999994179,105.00000000005821,153.0000000000582,58,104,75.99999999994179,68,105.00000000005821,100,100,8
"webkit","m9b-canyon-256-1","kernel","levelRegions",2,2,4,64,2,1.9999999998835847,2,3,64,4,99.99867771731365,100,38
"webkit","m9b-canyon-256-1","kernel","distanceFrom",2,2,1,4,2,2,1,1,1,4,99.99867771731365,100,38
"webkit","m9b-canyon-256-1","kernel","spillLevels",82,118,72,89,82,13.000000000116415,118,9,72,89,99.99867771731365,100,38
"webkit","m9b-canyon-256-1","kernel","walkDistance",8,46,1,2,5.999999999883585,8,46,1,2,1,99.99867771731365,100,38
"webkit","m9b-canyon-256-1","kernel","landRegions",39,42.999999999883585,4,5,42.999999999883585,39,8,4,3,5,99.99867771731365,100,38
"webkit","m9b-canyon-256-1","kernel","walkRegions",62,71,3,52,62,11.999999999883585,71,3,52,3,99.99867771731365,100,38
"webkit","m9b-canyon-256-1","kernel","components",1,1,1,1,1,0,1,1,1,1,99.99867771731365,100,38
"webkit","m9b-canyon-256-1","kernel","damSites",498,543,285,337,464,543,498,285,337,175,99.99867771731365,100,38
"webkit","m9b-canyon-256-1","kernel","roomMap",3938,5764,633,649,3938,5764,3577,649,633,481,99.99867771731365,100,38
"webkit","m9b-canyon-256-1","complete","checks",1829,1948,1721,2367,1948,1634.0000000001164,1829,1721,1605.9999999998836,2367,99.99867771731365,100,38
"webkit","m9b-canyon-256-1","complete","measures",135,293,117,118,293,135,105,111,117,118,99.99867771731365,100,38
"webkit","m9b-canyon-256-1","complete","outcomes",390,657.9999999998836,470.0000000001164,493,390,292,657.9999999998836,361,470.0000000001164,493,99.99867771731365,100,38
"webkit","m9b-canyon-96-1","kernel","levelRegions",1,1.0000000001164153,1,1,1.0000000001164153,1,1,0.9999999998835847,1,1,100,100,5
"webkit","m9b-canyon-96-1","kernel","distanceFrom",1,7,0,0,7,1,1,0,0,0,100,100,5
"webkit","m9b-canyon-96-1","kernel","spillLevels",4,6,1,1.0000000001164153,4,6,4,1,1.0000000001164153,1,100,100,5
"webkit","m9b-canyon-96-1","kernel","walkDistance",1,1.0000000001164153,0.9999999998835847,1.0000000001164153,1,1.0000000001164153,0.9999999998835847,1.0000000001164153,0.9999999998835847,0,100,100,5
"webkit","m9b-canyon-96-1","kernel","landRegions",0,0.9999999998835847,1,1,0,0.9999999998835847,0,1,1,0,100,100,5
"webkit","m9b-canyon-96-1","kernel","walkRegions",5,5,1,2,2,5,5,1,1,2,100,100,5
"webkit","m9b-canyon-96-1","kernel","components",0,1,1,1.0000000001164153,1,0,0,0,1.0000000001164153,1,100,100,5
"webkit","m9b-canyon-96-1","kernel","damSites",110,853,60,67,110,853,69.00000000011642,60,67,44.999999999883585,100,100,5
"webkit","m9b-canyon-96-1","kernel","roomMap",23,35.000000000116415,5,6,23,35.000000000116415,23,5,2.9999999998835847,6,100,100,5
"webkit","m9b-canyon-96-1","complete","checks",221,270.9999999998836,159,200,210,221,270.9999999998836,150,200,159,100,100,5
"webkit","m9b-canyon-96-1","complete","measures",5,5,7,17,5,3,5,7,17,4,100,100,5
"webkit","m9b-canyon-96-1","complete","outcomes",32.000000000116415,47,22.999999999883585,28,47,15,32.000000000116415,28,19,22.999999999883585,100,100,5
"webkit","m9b-delta-128-1","kernel","levelRegions",1,1,0,1,0,1,1,1,0,0,100,100,14
"webkit","m9b-delta-128-1","kernel","distanceFrom",2,4,0,1,2,4,1,1,0,0,100,100,14
"webkit","m9b-delta-128-1","kernel","spillLevels",11.00000000023283,21,2,3,11.00000000023283,7,21,1.9999999997671694,3,2,100,100,14
"webkit","m9b-delta-128-1","kernel","walkDistance",38,49.00000000023283,2,6.999999999767169,49.00000000023283,38,18,6.999999999767169,2,2,100,100,14
"webkit","m9b-delta-128-1","kernel","landRegions",1,1.9999999997671694,1,1,1,1,1.9999999997671694,0,1,1,100,100,14
"webkit","m9b-delta-128-1","kernel","walkRegions",3.0000000002328306,4,1,1,4,3.0000000002328306,3,1,0,1,100,100,14
"webkit","m9b-delta-128-1","kernel","components",1,2,0,0,2,1,1,0,0,0,100,100,14
"webkit","m9b-delta-128-1","kernel","damSites",380,387,145.99999999976717,152,380,387,326.00000000023283,152,140,145.99999999976717,100,100,14
"webkit","m9b-delta-128-1","kernel","roomMap",484,495.00000000023283,55,72.99999999976717,484,495.00000000023283,375,55,72.99999999976717,24,100,100,14
"webkit","m9b-delta-128-1","complete","checks",715.0000000002328,870,394,456,870,715.0000000002328,700.9999999997672,456,394,362,100,100,14
"webkit","m9b-delta-128-1","complete","measures",18,25,28,40,10.00000000023283,18,25,5.999999999767169,40,28,100,100,14
"webkit","m9b-delta-128-1","complete","outcomes",41,66.00000000023283,28,45.99999999976717,39,41,66.00000000023283,28,27,45.99999999976717,100,100,14
"webkit","m9b-delta-256-1","kernel","levelRegions",2.9999999998835847,4.000000000232831,4.999999999883585,5.000000000116415,4.000000000232831,2.9999999998835847,1,4.999999999883585,5.000000000116415,2.9999999998835847,100,100,39
"webkit","m9b-delta-256-1","kernel","distanceFrom",1,8,1,1.0000000002328306,1,8,0.9999999998835847,0.9999999998835847,1,1.0000000002328306,100,100,39
"webkit","m9b-delta-256-1","kernel","spillLevels",13,25.000000000116415,12.999999999883585,14.000000000116415,13,25.000000000116415,12,14.000000000116415,9,12.999999999883585,100,100,39
"webkit","m9b-delta-256-1","kernel","walkDistance",22.999999999883585,32.000000000116415,2.9999999998835847,4,21.999999999883585,32.000000000116415,22.999999999883585,4,2.9999999998835847,2.9999999998835847,100,100,39
"webkit","m9b-delta-256-1","kernel","landRegions",5.000000000116415,32,3.9999999998835847,5.999999999767169,5.000000000116415,5.000000000116415,32,5.999999999767169,3.9999999998835847,3.0000000001164153,100,100,39
"webkit","m9b-delta-256-1","kernel","walkRegions",26.99999999976717,28.000000000116415,27.000000000116415,36,26.99999999976717,28.000000000116415,19,27.000000000116415,2.9999999998835847,36,100,100,39
"webkit","m9b-delta-256-1","kernel","components",7,22.999999999883585,1,5.999999999883585,1,22.999999999883585,7,0.9999999998835847,1,5.999999999883585,100,100,39
"webkit","m9b-delta-256-1","kernel","damSites",1451,1716,444,562,1716,1451,995,562,444,368,100,100,39
"webkit","m9b-delta-256-1","kernel","roomMap",9128,10958,1476,1477,8423,10958,9128,1476,1135,1477,100,100,39
"webkit","m9b-delta-256-1","complete","checks",2311,3943,1213,1529,2148,3943,2311,909,1529,1213,100,100,39
"webkit","m9b-delta-256-1","complete","measures",35,66,28.00000000023283,48,35,25.99999999976717,66,28.00000000023283,48,21,100,100,39
"webkit","m9b-delta-256-1","complete","outcomes",174,216.00000000023283,314.99999999976717,533,126,174,216.00000000023283,533,251,314.99999999976717,100,100,39
"webkit","m9b-delta-96-1","kernel","levelRegions",1,2,0,3,2,1,0.9999999997671694,0,3,0,100,100,4
"webkit","m9b-delta-96-1","kernel","distanceFrom",1,2,0,0,2,1,0,0,0,0,100,100,4
"webkit","m9b-delta-96-1","kernel","spillLevels",3,7,1,1,7,3,2,1,1,1,100,100,4
"webkit","m9b-delta-96-1","kernel","walkDistance",19,22,2,2,22,8.99999999976717,19,2,2,2,100,100,4
"webkit","m9b-delta-96-1","kernel","landRegions",0.9999999997671694,2,0,1,2,0.9999999997671694,0,0,0,1,100,100,4
"webkit","m9b-delta-96-1","kernel","walkRegions",2,7,0,1,2,7,0,0,1,0,100,100,4
"webkit","m9b-delta-96-1","kernel","components",0,1,0,3,0,0,1,0,0,3,100,100,4
"webkit","m9b-delta-96-1","kernel","damSites",63.00000000023283,279,47,60.99999999976717,279,63,63.00000000023283,47,46,60.99999999976717,100,100,4
"webkit","m9b-delta-96-1","kernel","roomMap",41,74,11,12,74,34,41,11,12,6,100,100,4
"webkit","m9b-delta-96-1","complete","checks",214,493,125,149,214,167.00000000023283,493,125,87.99999999976717,149,100,100,4
"webkit","m9b-delta-96-1","complete","measures",20,48,5,8,20,9,48,5,3,8,100,100,4
"webkit","m9b-delta-96-1","complete","outcomes",21,27,14,30,20,21,27,10,30,14,100,100,4
"webkit","m9b-highlands-128-1","kernel","levelRegions",2,23,1.0000000002328306,2,23,1,2,1.0000000002328306,1,2,100,100,16
"webkit","m9b-highlands-128-1","kernel","distanceFrom",1,1,0,0,1,1,1,0,0,0,100,100,16
"webkit","m9b-highlands-128-1","kernel","spillLevels",45,49,2,2,49,45,42,2,2,2,100,100,16
"webkit","m9b-highlands-128-1","kernel","walkDistance",2,2,0,0,2,2,2,0,0,0,100,100,16
"webkit","m9b-highlands-128-1","kernel","landRegions",1,1.0000000002328306,0,0,1,1.0000000002328306,1,0,0,0,100,100,16
"webkit","m9b-highlands-128-1","kernel","walkRegions",22,33,1,1.0000000002328306,33,3,22,1.0000000002328306,1,1,100,100,16
"webkit","m9b-highlands-128-1","kernel","components",1,44.99999999976717,0,5,44.99999999976717,0,1,0,5,0,100,100,16
"webkit","m9b-highlands-128-1","kernel","damSites",264.00000000023283,272,121,208,264.00000000023283,239,272,103.99999999976717,121,208,100,100,16
"webkit","m9b-highlands-128-1","kernel","roomMap",117,292,5,17,292,117,104,4.000000000232831,5,17,100,100,16
"webkit","m9b-highlands-128-1","complete","checks",950,1116,727,1802,1116,950,928.9999999997672,1802,727,693,100,100,16
"webkit","m9b-highlands-128-1","complete","measures",13,52,6,40,8,13,52,40,4,6,100,100,16
"webkit","m9b-highlands-128-1","complete","outcomes",71.99999999976717,94.99999999976717,69,108.00000000023283,64,94.99999999976717,71.99999999976717,59.00000000023283,108.00000000023283,69,100,100,16
"webkit","m9b-highlands-256-1","kernel","levelRegions",3,6,5.000000000232831,12,6,2,3,12,5,5.000000000232831,100,100,42
"webkit","m9b-highlands-256-1","kernel","distanceFrom",3,7,1,2,7,3,3,1,2,1,100,100,42
"webkit","m9b-highlands-256-1","kernel","spillLevels",67.99999999976717,188,12,160,11,188,67.99999999976717,160,10,12,100,100,42
"webkit","m9b-highlands-256-1","kernel","walkDistance",9,10,2,2,7,9,10,2,2,1,100,100,42
"webkit","m9b-highlands-256-1","kernel","landRegions",4,49,12,23.00000000023283,3.9999999997671694,4,49,12,23.00000000023283,12,100,100,42
"webkit","m9b-highlands-256-1","kernel","walkRegions",11,13,5,48,11,13,6,48,5,4,100,100,42
"webkit","m9b-highlands-256-1","kernel","components",1,1.0000000002328306,1,2.9999999997671694,1,1.0000000002328306,0,1,0.9999999997671694,2.9999999997671694,100,100,42
"webkit","m9b-highlands-256-1","kernel","damSites",155,284,43.00000000023283,49,155,105,284,43.00000000023283,37.99999999976717,49,100,100,42
"webkit","m9b-highlands-256-1","kernel","roomMap",9285.000000000233,10930,1244.9999999997672,1823,8608.999999999767,9285.000000000233,10930,1823,1244.9999999997672,864,100,100,42
"webkit","m9b-highlands-256-1","complete","checks",1085,1546.0000000002328,1073.0000000002328,1097,1546.0000000002328,1085,949.0000000002328,1097,1073.0000000002328,1038,100,100,42
"webkit","m9b-highlands-256-1","complete","measures",67,112,98,110.99999999976717,61.00000000023283,67,112,110.99999999976717,98,86,100,100,42
"webkit","m9b-highlands-256-1","complete","outcomes",334,355,258,342,355,334,265,258,342,149,100,100,42
"webkit","m9b-highlands-96-1","kernel","levelRegions",1,17,1,2,17,1,0,1,0,2,100,100,3
"webkit","m9b-highlands-96-1","kernel","distanceFrom",0,1,0,0,0,1,0,0,0,0,100,100,3
"webkit","m9b-highlands-96-1","kernel","spillLevels",3,3,1,3,3,3,2,1,3,1,100,100,3
"webkit","m9b-highlands-96-1","kernel","walkDistance",9,17,1,1,17,9,3,0,1,1,100,100,3
"webkit","m9b-highlands-96-1","kernel","landRegions",0,1,0,1,1,0,0,0,1,0,100,100,3
"webkit","m9b-highlands-96-1","kernel","walkRegions",2,21,0,0,21,2,2,0,0,0,100,100,3
"webkit","m9b-highlands-96-1","kernel","components",1,1,0,3.0000000002328306,1,1,1,0,3.0000000002328306,0,100,100,3
"webkit","m9b-highlands-96-1","kernel","damSites",391.00000000023283,493,19,51.99999999976717,348,391.00000000023283,493,15,51.99999999976717,19,100,100,3
"webkit","m9b-highlands-96-1","kernel","roomMap",57,81,12,22.00000000023283,81,57,40,8,12,22.00000000023283,100,100,3
"webkit","m9b-highlands-96-1","complete","checks",529,531,187.00000000023283,242,529,531,515,187.00000000023283,242,111,100,100,3
"webkit","m9b-highlands-96-1","complete","measures",7,11,12,17,7,5,11,6,12,17,100,100,3
"webkit","m9b-highlands-96-1","complete","outcomes",23.00000000023283,29.99999999976717,30,33,23.00000000023283,20,29.99999999976717,30,17.00000000023283,33,100,100,3
"webkit","m9b-islands-128-1","kernel","levelRegions",2.0000000002328306,3,1,53.99999999976717,3,1,2.0000000002328306,1,0,53.99999999976717,99.99671945745517,100,29
"webkit","m9b-islands-128-1","kernel","distanceFrom",1.0000000002328306,2,0,1,0,2,1.0000000002328306,1,0,0,99.99671945745517,100,29
"webkit","m9b-islands-128-1","kernel","spillLevels",3.0000000002328306,65.00000000023283,1.9999999997671694,2,3.0000000002328306,65.00000000023283,2,0.9999999997671694,1.9999999997671694,2,99.99671945745517,100,29
"webkit","m9b-islands-128-1","kernel","walkDistance",2,2,1,1,2,1,2,1,1,0,99.99671945745517,100,29
"webkit","m9b-islands-128-1","kernel","landRegions",1,1,1,1,1,1,0,1,1,1,99.99671945745517,100,29
"webkit","m9b-islands-128-1","kernel","walkRegions",1,3,1,1.0000000002328306,1,0.9999999997671694,3,1,1,1.0000000002328306,99.99671945745517,100,29
"webkit","m9b-islands-128-1","kernel","components",0.9999999997671694,1,0,0,0.9999999997671694,1,0.9999999997671694,0,0,0,99.99671945745517,100,29
"webkit","m9b-islands-128-1","kernel","damSites",1275,1493.9999999997672,817,861.0000000002328,1275,1493.9999999997672,969,861.0000000002328,817,538,99.99671945745517,100,29
"webkit","m9b-islands-128-1","kernel","roomMap",74,88,5,5,88,47,74,3,5,5,99.99671945745517,100,29
"webkit","m9b-islands-128-1","complete","checks",1913,2663.000000000233,1462,1600.9999999997672,1913,2663.000000000233,1665,1128.9999999997672,1600.9999999997672,1462,99.99671945745517,100,29
"webkit","m9b-islands-128-1","complete","measures",6,67,6,61.00000000023283,6,5.999999999767169,67,61.00000000023283,6,6,99.99671945745517,100,29
"webkit","m9b-islands-128-1","complete","outcomes",67,103,44,127.00000000023283,67,11.99999999976717,103,127.00000000023283,44,20,99.99671945745517,100,29
"webkit","m9b-islands-256-1","kernel","levelRegions",1,2.0000000002328306,3,3,2.0000000002328306,1,1,2.9999999997671694,3,3,100,100,14
"webkit","m9b-islands-256-1","kernel","distanceFrom",2,3.0000000002328306,1,1,3.0000000002328306,2,2,1,1,1,100,100,14
"webkit","m9b-islands-256-1","kernel","spillLevels",34.00000000023283,67,8,22.99999999976717,12,67,34.00000000023283,8,7,22.99999999976717,100,100,14
"webkit","m9b-islands-256-1","kernel","walkDistance",9,13.00000000023283,1,2,9,3.9999999997671694,13.00000000023283,2,1,1,100,100,14
"webkit","m9b-islands-256-1","kernel","landRegions",1.9999999997671694,2,2,3,1.9999999997671694,2,1.9999999997671694,2,3,2,100,100,14
"webkit","m9b-islands-256-1","kernel","walkRegions",12,14,4.000000000232831,6,12,14,8,6,2,4.000000000232831,100,100,14
"webkit","m9b-islands-256-1","kernel","components",3.9999999997671694,8.00000000023283,3,3,8.00000000023283,3.9999999997671694,2.9999999997671694,1.9999999997671694,3,3,100,100,14
"webkit","m9b-islands-256-1","kernel","damSites",419,543,27,35,399,419,543,20,35,27,100,100,14
"webkit","m9b-islands-256-1","kernel","roomMap",664.9999999997672,741,69,84,661,741,664.9999999997672,84,69,67,100,100,14
"webkit","m9b-islands-256-1","complete","checks",1321.0000000002328,1385,885,922,1103.0000000002328,1321.0000000002328,1385,885,815.9999999997672,922,100,100,14
"webkit","m9b-islands-256-1","complete","measures",26,27,24,64.00000000023283,27,26,25,23,24,64.00000000023283,100,100,14
"webkit","m9b-islands-256-1","complete","outcomes",65.99999999976717,86,57,77,49.99999999976717,86,65.99999999976717,56.00000000023283,77,57,100,100,14
"webkit","m9b-islands-96-1","kernel","levelRegions",1,1,0,0,1,1,0.9999999997671694,0,0,0,100,100,7
"webkit","m9b-islands-96-1","kernel","distanceFrom",2,11.99999999976717,0,0,2,11.99999999976717,0.9999999997671694,0,0,0,100,100,7
"webkit","m9b-islands-96-1","kernel","spillLevels",1,1.0000000002328306,1,1.0000000002328306,1,1,1.0000000002328306,1.0000000002328306,1,0.9999999997671694,100,100,7
"webkit","m9b-islands-96-1","kernel","walkDistance",0,0,0,1,0,0,0,0,1,0,100,100,7
"webkit","m9b-islands-96-1","kernel","landRegions",0,1,0,0,0,1,0,0,0,0,100,100,7
"webkit","m9b-islands-96-1","kernel","walkRegions",2,10,0,19,2,10,1,0,0,19,100,100,7
"webkit","m9b-islands-96-1","kernel","components",2,2.0000000002328306,1,1,2.0000000002328306,2,0,1,0,1,100,100,7
"webkit","m9b-islands-96-1","kernel","damSites",320.99999999976717,331,179,201,320.99999999976717,302,331,149,201,179,100,100,7
"webkit","m9b-islands-96-1","kernel","roomMap",3,32,1,2,3,3,32,2,1,1,100,100,7
"webkit","m9b-islands-96-1","complete","checks",578.0000000002328,603.0000000002328,303.99999999976717,389.99999999976717,578.0000000002328,603.0000000002328,526.0000000002328,389.99999999976717,229.99999999976717,303.99999999976717,100,100,7
"webkit","m9b-islands-96-1","complete","measures",4,4,3,8,4,3,4,3,3,8,100,100,7
"webkit","m9b-islands-96-1","complete","outcomes",16,16.99999999976717,8,13,16,16.99999999976717,9,6.000000000232831,8,13,100,100,7
"webkit","m9b-lakeBasin-128-1","kernel","levelRegions",1,1.0000000002328306,1.0000000002328306,2.9999999997671694,1,1,1.0000000002328306,1.0000000002328306,1,2.9999999997671694,100,100,15
"webkit","m9b-lakeBasin-128-1","kernel","distanceFrom",3.0000000002328306,6,0,0,6,3.0000000002328306,1,0,0,0,100,100,15
"webkit","m9b-lakeBasin-128-1","kernel","spillLevels",7,9,2,2,9,7,5.999999999767169,2,2,2,100,100,15
"webkit","m9b-lakeBasin-128-1","kernel","walkDistance",1,1,0,0,1,1,1,0,0,0,100,100,15
"webkit","m9b-lakeBasin-128-1","kernel","landRegions",1,1.0000000002328306,0,1.0000000002328306,1.0000000002328306,1,1,0,0,1.0000000002328306,100,100,15
"webkit","m9b-lakeBasin-128-1","kernel","walkRegions",3,4.000000000232831,1,1,2.9999999997671694,4.000000000232831,3,1,0.9999999997671694,1,100,100,15
"webkit","m9b-lakeBasin-128-1","kernel","components",1,2,0,1,1,1,2,0,0,1,100,100,15
"webkit","m9b-lakeBasin-128-1","kernel","damSites",1422,1595,85,86,1595,1422,1363.0000000002328,85,86,71.99999999976717,100,100,15
"webkit","m9b-lakeBasin-128-1","kernel","roomMap",23,31.99999999976717,5,6.999999999767169,31.99999999976717,23,20,5,5,6.999999999767169,100,100,15
"webkit","m9b-lakeBasin-128-1","complete","checks",1545,1550.0000000002328,174,201,1545,1493.9999999995343,1550.0000000002328,201,174,149,100,100,15
"webkit","m9b-lakeBasin-128-1","complete","measures",7.000000000232831,9.00000000023283,8.000000000465661,10.99999999976717,9.00000000023283,7.000000000232831,5.999999999767169,10.99999999976717,5.999999999767169,8.000000000465661,100,100,15
"webkit","m9b-lakeBasin-128-1","complete","outcomes",27,32.00000000023283,33,35.00000000046566,22.99999999953434,27,32.00000000023283,35.00000000046566,22.99999999953434,33,100,100,15
"webkit","m9b-lakeBasin-256-1","kernel","levelRegions",1,1.9999999997671694,4,6,1.9999999997671694,1,1,4,6,3.9999999997671694,99.99611620639742,100,25
"webkit","m9b-lakeBasin-256-1","kernel","distanceFrom",3,5,1,4,2,3,5,1,1,4,99.99611620639742,100,25
"webkit","m9b-lakeBasin-256-1","kernel","spillLevels",13.00000000023283,14.00000000023283,21.00000000023283,40.99999999976717,13,13.00000000023283,14.00000000023283,21.00000000023283,40.99999999976717,10.99999999976717,99.99611620639742,100,25
"webkit","m9b-lakeBasin-256-1","kernel","walkDistance",3.0000000002328306,4.999999999767169,3,3.0000000002328306,3.0000000002328306,4.999999999767169,2,1.9999999997671694,3,3.0000000002328306,99.99611620639742,100,25
"webkit","m9b-lakeBasin-256-1","kernel","landRegions",3,4.000000000232831,3,3.9999999997671694,3,3,4.000000000232831,3,3,3.9999999997671694,99.99611620639742,100,25
"webkit","m9b-lakeBasin-256-1","kernel","walkRegions",5,13.00000000023283,5.999999999767169,7,13.00000000023283,5,5,5.999999999767169,5,7,99.99611620639742,100,25
"webkit","m9b-lakeBasin-256-1","kernel","components",1,1,2,2,1,1,0.9999999997671694,2,2,2,99.99611620639742,100,25
"webkit","m9b-lakeBasin-256-1","kernel","damSites",557,648,320,341.99999999976717,557,551.0000000002328,648,341.99999999976717,306.99999999976717,320,99.99611620639742,100,25
"webkit","m9b-lakeBasin-256-1","kernel","roomMap",1478,1522,191,195,1522,1406,1478,144,191,195,99.99611620639742,100,25
"webkit","m9b-lakeBasin-256-1","complete","checks",1073,1218,683,772,1218,837,1073,617,683,772,99.99611620639742,100,25
"webkit","m9b-lakeBasin-256-1","complete","measures",37.00000000023283,42,38,40.99999999976717,42,37.00000000023283,37,38,40.99999999976717,21,99.99611620639742,100,25
"webkit","m9b-lakeBasin-256-1","complete","outcomes",89,164,92.00000000023283,204.99999999976717,88,164,89,92.00000000023283,204.99999999976717,86,99.99611620639742,100,25
"webkit","m9b-lakeBasin-96-1","kernel","levelRegions",1,2.0000000004656613,1,24.99999999953434,2.0000000004656613,0,1,24.99999999953434,1,0,100,100,10
"webkit","m9b-lakeBasin-96-1","kernel","distanceFrom",1.9999999995343387,2,0,0,1.9999999995343387,2,1.9999999995343387,0,0,0,100,100,10
"webkit","m9b-lakeBasin-96-1","kernel","spillLevels",7.999999999534339,59,2,47,4,7.999999999534339,59,47,2,1,100,100,10
"webkit","m9b-lakeBasin-96-1","kernel","walkDistance",0,1,0,1,0,1,0,1,0,0,100,100,10
"webkit","m9b-lakeBasin-96-1","kernel","landRegions",1,11,0,1,11,1,0,0,0,1,100,100,10
"webkit","m9b-lakeBasin-96-1","kernel","walkRegions",4,9,0,1,4,9,0.9999999995343387,0,0,1,100,100,10
"webkit","m9b-lakeBasin-96-1","kernel","components",1,3,0,0,3,1,0,0,0,0,100,100,10
"webkit","m9b-lakeBasin-96-1","kernel","damSites",270,271.99999999953434,94.99999999953434,106.00000000046566,270,271.99999999953434,248.00000000046566,106.00000000046566,67,94.99999999953434,100,100,10
"webkit","m9b-lakeBasin-96-1","kernel","roomMap",3,37.00000000046566,5.999999999534339,6,3,2,37.00000000046566,6,2.0000000004656613,5.999999999534339,100,100,10
"webkit","m9b-lakeBasin-96-1","complete","checks",692,722,473,491,692,722,633,491,473,395,100,100,10
"webkit","m9b-lakeBasin-96-1","complete","measures",11,14,8,23.99999999953434,14,11,8.000000000465661,4,8,23.99999999953434,100,100,10
"webkit","m9b-lakeBasin-96-1","complete","outcomes",41,44,29,39,44,23,41,26,39,29,100,100,10
"webkit","m9b-riverValley-128-1","kernel","levelRegions",1,1,1,1,0.9999999998835847,1,1,1,1,1,99.76254677557232,100,7
"webkit","m9b-riverValley-128-1","kernel","distanceFrom",4.000000000116415,7,0,0,4.000000000116415,7,4.000000000116415,0,0,0,99.76254677557232,100,7
"webkit","m9b-riverValley-128-1","kernel","spillLevels",11,14.000000000116415,2.0000000001164153,2.9999999998835847,11,14.000000000116415,7.999999999883585,2,2.9999999998835847,2.0000000001164153,99.76254677557232,100,7
"webkit","m9b-riverValley-128-1","kernel","walkDistance",4,6,0,2,6,0.9999999998835847,4,0,0,2,99.76254677557232,100,7
"webkit","m9b-riverValley-128-1","kernel","landRegions",1,18,1,2,18,1,1,1,1,2,99.76254677557232,100,7
"webkit","m9b-riverValley-128-1","kernel","walkRegions",5,5,1,1,5,4,5,1,1,1,99.76254677557232,100,7
"webkit","m9b-riverValley-128-1","kernel","components",0,4,0,1,4,0,0,0,0,1,99.76254677557232,100,7
"webkit","m9b-riverValley-128-1","kernel","damSites",102,330.9999999998836,68,69,102,330.9999999998836,96,59.000000000116415,69,68,99.76254677557232,100,7
"webkit","m9b-riverValley-128-1","kernel","roomMap",123,135,16,19.000000000116415,98,123,135,12,19.000000000116415,16,99.76254677557232,100,7
"webkit","m9b-riverValley-128-1","complete","checks",616,672,226,496,458,616,672,226,216,496,99.76254677557232,100,7
"webkit","m9b-riverValley-128-1","complete","measures",27,38,12.999999999883585,42,38,27,8.000000000116415,42,12,12.999999999883585,99.76254677557232,100,7
"webkit","m9b-riverValley-128-1","complete","outcomes",41,42,40,49,41,38,42,40,49,36,99.76254677557232,100,7
"webkit","m9b-riverValley-256-1","kernel","levelRegions",3,3,6,11,3,2,3,5,11,6,99.99790644297983,100,16
"webkit","m9b-riverValley-256-1","kernel","distanceFrom",3,20,6,9,20,2.9999999995343387,3,9,1,6,99.99790644297983,100,16
"webkit","m9b-riverValley-256-1","kernel","spillLevels",21,43,16,64,21,20.99999999953434,43,9,64,16,99.99790644297983,100,16
"webkit","m9b-riverValley-256-1","kernel","walkDistance",17,27,2,8,17,9,27,8,2,2,99.99790644297983,100,16
"webkit","m9b-riverValley-256-1","kernel","landRegions",3,9,3,13.999999999534339,9,3,2,13.999999999534339,3,3,99.99790644297983,100,16
"webkit","m9b-riverValley-256-1","kernel","walkRegions",10,18,4,11,18,5,10,4,3,11,99.99790644297983,100,16
"webkit","m9b-riverValley-256-1","kernel","components",1,1,2,2,1,1,1,2,2,1,99.99790644297983,100,16
"webkit","m9b-riverValley-256-1","kernel","damSites",128,180,40,48,180,62,128,30,40,48,99.99790644297983,100,16
"webkit","m9b-riverValley-256-1","kernel","roomMap",2052,3335,572,647,1750,2052,3335,572,540,647,99.99790644297983,100,16
"webkit","m9b-riverValley-256-1","complete","checks",894,1235,801,1007,1235,894,650,1007,801,569,99.99790644297983,100,16
"webkit","m9b-riverValley-256-1","complete","measures",83,96,32.00000000046566,78,96,35,83,24,78,32.00000000046566,99.99790644297983,100,16
"webkit","m9b-riverValley-256-1","complete","outcomes",133,154,115,177.00000000046566,106.99999999953434,154,133,110,115,177.00000000046566,99.99790644297983,100,16
"webkit","m9b-riverValley-96-1","kernel","levelRegions",1,1,0,1,1,1,1,1,0,0,89.3635494029961,96.79311434982465,3
"webkit","m9b-riverValley-96-1","kernel","distanceFrom",3,3,0,1,2,3,3,1,0,0,89.3635494029961,96.79311434982465,3
"webkit","m9b-riverValley-96-1","kernel","spillLevels",4,4,1,1,3.9999999997671694,4,4,1,1,1,89.3635494029961,96.79311434982465,3
"webkit","m9b-riverValley-96-1","kernel","walkDistance",6.000000000232831,6.000000000232831,0.9999999997671694,2,6,6.000000000232831,6.000000000232831,2,0.9999999997671694,0.9999999997671694,89.3635494029961,96.79311434982465,3
"webkit","m9b-riverValley-96-1","kernel","landRegions",0,1,1,1,1,0,0,0,1,1,89.3635494029961,96.79311434982465,3
"webkit","m9b-riverValley-96-1","kernel","walkRegions",2,2.0000000002328306,0,1,2.0000000002328306,2,1,0,0,1,89.3635494029961,96.79311434982465,3
"webkit","m9b-riverValley-96-1","kernel","components",0,1,0,0.9999999997671694,1,0,0,0,0.9999999997671694,0,89.3635494029961,96.79311434982465,3
"webkit","m9b-riverValley-96-1","kernel","damSites",32,33,17,17,33,32,32,17,17,16,89.3635494029961,96.79311434982465,3
"webkit","m9b-riverValley-96-1","kernel","roomMap",16,16.00000000023283,3,3,13,16,16.00000000023283,3,3,2.9999999997671694,89.3635494029961,96.79311434982465,3
"webkit","m9b-riverValley-96-1","complete","checks",116,136,76.00000000023283,153,116,105,136,73,76.00000000023283,153,89.3635494029961,96.79311434982465,3
"webkit","m9b-riverValley-96-1","complete","measures",8.99999999976717,14,11,22,14,8,8.99999999976717,11,7.000000000232831,22,89.3635494029961,96.79311434982465,3
"webkit","m9b-riverValley-96-1","complete","outcomes",14,15,15,123,14,11,15,15,123,15,89.3635494029961,96.79311434982465,3
"native","m9b-any-96-1","kernel","levelRegions",0.24899999999990996,2.0164000000000897,0.6814000000000533,0.7153999999999314,2.0164000000000897,0.24899999999990996,0.2400000000000091,0.5380999999999858,0.6814000000000533,0.7153999999999314,"","",0
"native","m9b-any-96-1","kernel","distanceFrom",0.5723000000000411,1.8968999999999596,0.1573999999999387,0.18450000000007094,1.8968999999999596,0.5723000000000411,0.283800000000042,0.151299999999992,0.1573999999999387,0.18450000000007094,"","",0
"native","m9b-any-96-1","kernel","spillLevels",2.8179000000000087,35.94080000000008,0.9954999999999927,1.3192999999999984,35.94080000000008,2.8179000000000087,2.1194999999999027,0.9954999999999927,0.9447000000000116,1.3192999999999984,"","",0
"native","m9b-any-96-1","kernel","walkDistance",1.2333000000000993,15.191000000000031,0.3926000000000158,0.4288999999999987,15.191000000000031,1.2333000000000993,0.7363000000000284,0.3926000000000158,0.4288999999999987,0.3566000000000713,"","",0
"native","m9b-any-96-1","kernel","landRegions",0.28579999999988104,2.03449999999998,0.37020000000006803,0.37560000000007676,2.03449999999998,0.28579999999988104,0.2577000000001135,0.37020000000006803,0.37560000000007676,0.24579999999991742,"","",0
"native","m9b-any-96-1","kernel","walkRegions",0.6897000000001299,0.9710000000000036,0.48450000000002547,0.5606999999999971,0.9710000000000036,0.6747000000000298,0.6897000000001299,0.5606999999999971,0.4389000000001033,0.48450000000002547,"","",0
"native","m9b-any-96-1","kernel","components",0.2961999999999989,0.513300000000072,0.18209999999999127,0.2841000000000804,0.2961999999999989,0.513300000000072,0.08539999999993597,0.18209999999999127,0.18060000000014043,0.2841000000000804,"","",0
"native","m9b-any-96-1","kernel","damSites",69.25299999999993,80.73880000000008,9.517900000000054,21.398799999999937,69.25299999999993,80.73880000000008,50.684799999999996,9.2967000000001,9.517900000000054,21.398799999999937,"","",0
"native","m9b-any-96-1","kernel","roomMap",2.1631999999999607,3.9069999999999254,1.749599999999873,13.446500000000015,2.1631999999999607,1.9450999999999112,3.9069999999999254,1.7490000000000236,1.749599999999873,13.446500000000015,"","",0
"native","m9b-any-96-1","complete","checks",309.5881999999999,710.0945000000002,149.2898,358.2682,309.5881999999999,217.6959999999999,710.0945000000002,149.2898,88.65210000000025,358.2682,"","",0
"native","m9b-any-96-1","complete","measures",53.828599999999824,63.39959999999974,30.77270000000044,67.28329999999914,63.39959999999974,46.38340000000062,53.828599999999824,30.77270000000044,24.66229999999996,67.28329999999914,"","",0
"native","m9b-any-96-1","complete","outcomes",87.20479999999952,186.88909999999942,41.151600000000144,102.41200000000026,186.88909999999942,87.20479999999952,52.52610000000004,102.41200000000026,32.27300000000014,41.151600000000144,"","",0
"native","m9b-riverValley-96-1","kernel","levelRegions",0.2672000000002299,0.35279999999966094,0.6712999999999738,11.107299999999668,0.35279999999966094,0.2672000000002299,0.2646000000004278,11.107299999999668,0.6712999999999738,0.6525999999994383,"","",0
"native","m9b-riverValley-96-1","kernel","distanceFrom",0.19799999999941065,0.2206000000005588,0.20499999999992724,0.21060000000034051,0.19799999999941065,0.19650000000001455,0.2206000000005588,0.12400000000070577,0.20499999999992724,0.21060000000034051,"","",0
"native","m9b-riverValley-96-1","kernel","spillLevels",14.564099999999598,25.78020000000015,0.9216999999998734,1.7454999999999927,25.78020000000015,14.564099999999598,10.318500000000313,1.7454999999999927,0.9216999999998734,0.7470999999995911,"","",0
"native","m9b-riverValley-96-1","kernel","walkDistance",13.220600000000559,27.734999999999673,1.2020000000002256,9.363900000000285,1.2732000000005428,27.734999999999673,13.220600000000559,9.363900000000285,0.5663999999997031,1.2020000000002256,"","",0
"native","m9b-riverValley-96-1","kernel","landRegions",0.30389999999988504,9.475499999999556,0.3002999999998792,0.3458999999993466,0.30389999999988504,0.2665999999999258,9.475499999999556,0.3458999999993466,0.27039999999942665,0.3002999999998792,"","",0
"native","m9b-riverValley-96-1","kernel","walkRegions",0.3117000000002008,0.3172000000004118,0.4353999999993903,9.099600000000464,0.3059000000002925,0.3117000000002008,0.3172000000004118,0.4353999999993903,9.099600000000464,0.3202000000001135,"","",0
"native","m9b-riverValley-96-1","kernel","components",0.09259999999994761,0.09379999999964639,0.306999999999789,0.4695000000001528,0.09109999999964202,0.09379999999964639,0.09259999999994761,0.1503999999995358,0.306999999999789,0.4695000000001528,"","",0
"native","m9b-riverValley-96-1","kernel","damSites",438.89800000000014,469.28639999999996,72.40059999999903,104.95949999999993,469.28639999999996,438.89800000000014,421.8895999999995,104.95949999999993,65.02629999999954,72.40059999999903,"","",0
"native","m9b-riverValley-96-1","kernel","roomMap",33.88080000000082,36.05529999999999,15.291199999999662,15.556300000000192,29.96230000000105,33.88080000000082,36.05529999999999,15.291199999999662,13.675300000000789,15.556300000000192,"","",0
"native","m9b-riverValley-96-1","complete","checks",777.4017000000003,924.0915000000005,460.7937000000002,483.02950000000055,924.0915000000005,759.6252999999997,777.4017000000003,352.84299999999894,483.02950000000055,460.7937000000002,"","",0
"native","m9b-riverValley-96-1","complete","measures",115.33870000000024,118.60759999999937,112.71979999999894,158.66789999999855,118.60759999999937,97.46160000000054,115.33870000000024,112.71979999999894,158.66789999999855,27.752399999999398,"","",0
"native","m9b-riverValley-96-1","complete","outcomes",48.54650000000038,154.03949999999895,38.77820000000065,172.1225000000013,154.03949999999895,48.54650000000038,38.79780000000028,172.1225000000013,38.75010000000111,38.77820000000065,"","",0
"native","m9b-canyon-96-1","kernel","levelRegions",0.2007999999987078,0.20760000000154832,0.560300000001007,12.57220000000234,0.20760000000154832,0.19349999999758438,0.2007999999987078,0.560300000001007,12.57220000000234,0.44910000000163564,"","",0
"native","m9b-canyon-96-1","kernel","distanceFrom",0.18009999999776483,0.2014999999992142,0.19369999999980791,0.20490000000063446,0.18009999999776483,0.2014999999992142,0.15890000000217697,0.20490000000063446,0.19369999999980791,0.16589999999996508,"","",0
"native","m9b-canyon-96-1","kernel","spillLevels",17.638599999998405,22.47660000000178,0.9537000000018452,17.674999999999272,22.47660000000178,17.638599999998405,1.254799999998795,0.9537000000018452,17.674999999999272,0.6926999999996042,"","",0
"native","m9b-canyon-96-1","kernel","walkDistance",0.1782999999995809,0.19139999999970314,0.15460000000166474,0.16639999999824795,0.17679999999745633,0.1782999999995809,0.19139999999970314,0.16639999999824795,0.15300000000206637,0.15460000000166474,"","",0
"native","m9b-canyon-96-1","kernel","landRegions",0.2757999999994354,0.2885999999998603,0.35960000000341097,0.3870999999999185,0.20310000000245054,0.2885999999998603,0.2757999999994354,0.307200000002922,0.3870999999999185,0.35960000000341097,"","",0
"native","m9b-canyon-96-1","kernel","walkRegions",0.3117999999994936,0.669000000001688,0.4173000000009779,12.508999999998196,0.2894000000014785,0.669000000001688,0.3117999999994936,0.3587999999981548,0.4173000000009779,12.508999999998196,"","",0
"native","m9b-canyon-96-1","kernel","components",0.09239999999772408,0.09360000000015134,0.24439999999958673,0.2550999999984924,0.09000000000014552,0.09239999999772408,0.09360000000015134,0.24439999999958673,0.2341999999989639,0.2550999999984924,"","",0
"native","m9b-canyon-96-1","kernel","damSites",331.71310000000085,332.01710000000094,55.88119999999981,62.17669999999998,331.71310000000085,268.54449999999997,332.01710000000094,62.17669999999998,55.88119999999981,53.98229999999967,"","",0
"native","m9b-canyon-96-1","kernel","roomMap",30.727500000000873,44.714599999999336,12.82300000000032,14.420599999997648,44.714599999999336,30.727500000000873,21.708999999998923,14.420599999997648,12.82300000000032,12.45430000000124,"","",0
"native","m9b-canyon-96-1","complete","checks",772.0835000000006,869.1587999999974,346.27609999999913,368.27779999999984,869.1587999999974,772.0835000000006,632.9308999999994,368.27779999999984,346.27609999999913,258.4843000000001,"","",0
"native","m9b-canyon-96-1","complete","measures",32.098399999998946,33.6404999999977,37.06779999999708,40.46889999999985,33.6404999999977,28.460199999997712,32.098399999998946,40.46889999999985,37.06779999999708,27.853799999997136,"","",0
"native","m9b-canyon-96-1","complete","outcomes",51.468400000001566,115.57809999999881,51.87379999999757,68.99459999999817,115.57809999999881,47.01350000000093,51.468400000001566,68.99459999999817,42.61539999999877,51.87379999999757,"","",0
"native","m9b-highlands-96-1","kernel","levelRegions",0.22009999999863794,0.2220999999990454,0.5619000000006054,12.734499999998661,0.2040000000015425,0.2220999999990454,0.22009999999863794,12.734499999998661,0.4871999999995751,0.5619000000006054,"","",0
"native","m9b-highlands-96-1","kernel","distanceFrom",0.06149999999979627,0.06959999999889988,0.12739999999757856,0.18590000000040163,0.06959999999889988,0.05229999999937718,0.06149999999979627,0.11590000000069267,0.12739999999757856,0.18590000000040163,"","",0
"native","m9b-highlands-96-1","kernel","spillLevels",12.483700000000681,14.276000000001659,1.1408999999985099,12.298099999999977,10.799799999997049,12.483700000000681,14.276000000001659,12.298099999999977,1.1408999999985099,1.0406000000002678,"","",0
"native","m9b-highlands-96-1","kernel","walkDistance",0.45509999999922,0.860900000003312,0.2528999999994994,0.30600000000049477,0.45509999999922,0.860900000003312,0.4287999999978638,0.2142999999996391,0.30600000000049477,0.2528999999994994,"","",0
"native","m9b-highlands-96-1","kernel","landRegions",0.2890000000006694,13.783299999999144,0.25460000000020955,0.33510000000023865,0.21849999999903957,13.783299999999144,0.2890000000006694,0.21779999999853317,0.33510000000023865,0.25460000000020955,"","",0
"native","m9b-highlands-96-1","kernel","walkRegions",0.31639999999970314,0.32300000000032014,0.39069999999992433,0.3934000000008382,0.32300000000032014,0.31639999999970314,0.3063000000001921,0.3934000000008382,0.39069999999992433,0.31049999999959255,"","",0
"native","m9b-highlands-96-1","kernel","components",0.08139999999912106,0.08150000000023283,0.16570000000137952,0.3449000000000524,0.06950000000142609,0.08139999999912106,0.08150000000023283,0.11059999999997672,0.3449000000000524,0.16570000000137952,"","",0
"native","m9b-highlands-96-1","kernel","damSites",160.04320000000007,196.81940000000031,41.558100000002014,44.415399999998044,196.81940000000031,149.99259999999776,160.04320000000007,30.88140000000203,44.415399999998044,41.558100000002014,"","",0
"native","m9b-highlands-96-1","kernel","roomMap",41.4336000000003,74.23150000000169,30.00050000000192,34.6872000000003,39.63379999999961,74.23150000000169,41.4336000000003,30.00050000000192,34.6872000000003,22.7484000000004,"","",0
"native","m9b-highlands-96-1","complete","checks",507.83890000000247,563.1965000000018,299.47499999999854,316.9591999999975,563.1965000000018,409.9573999999993,507.83890000000247,279.2739999999976,316.9591999999975,299.47499999999854,"","",0
"native","m9b-highlands-96-1","complete","measures",47.611000000000786,52.36990000000151,29.29650000000038,34.36230000000069,52.36990000000151,47.611000000000786,43.176000000003114,34.36230000000069,29.29650000000038,28.21350000000166,"","",0
"native","m9b-highlands-96-1","complete","outcomes",38.50900000000183,81.95699999999852,33.09109999999782,95.33590000000186,81.95699999999852,32.47110000000248,38.50900000000183,95.33590000000186,31.569899999998597,33.09109999999782,"","",0
"native","m9b-lakeBasin-96-1","kernel","levelRegions",0.26380000000062864,0.38519999999698484,9.556499999998778,10.883800000003248,0.26380000000062864,0.23879999999917345,0.38519999999698484,0.567799999997078,9.556499999998778,10.883800000003248,"","",0
"native","m9b-lakeBasin-96-1","kernel","distanceFrom",0.2235000000000582,10.329600000004575,0.23410000000149012,0.2617000000027474,0.2235000000000582,10.329600000004575,0.19679999999789288,0.23410000000149012,0.2617000000027474,0.20610000000306172,"","",0
"native","m9b-lakeBasin-96-1","kernel","spillLevels",3.4487000000008265,15.708000000005995,0.9265999999988708,13.128799999998591,2.1982999999963795,3.4487000000008265,15.708000000005995,13.128799999998591,0.9265999999988708,0.8503999999957159,"","",0
"native","m9b-lakeBasin-96-1","kernel","walkDistance",0.09140000000479631,0.0970999999990454,0.1301000000021304,14.402900000000955,0.05819999999948777,0.09140000000479631,0.0970999999990454,0.06459999999788124,0.1301000000021304,14.402900000000955,"","",0
"native","m9b-lakeBasin-96-1","kernel","landRegions",0.27219999999942956,0.385999999998603,0.2710000000006403,0.4732999999978347,0.180899999999383,0.385999999998603,0.27219999999942956,0.22520000000076834,0.4732999999978347,0.2710000000006403,"","",0
"native","m9b-lakeBasin-96-1","kernel","walkRegions",0.3816999999980908,15.593699999997625,0.48940000000584405,0.5213000000003376,15.593699999997625,0.3816999999980908,0.3499999999985448,0.48940000000584405,0.42629999999917345,0.5213000000003376,"","",0
"native","m9b-lakeBasin-96-1","kernel","components",10.589599999999336,14.01650000000518,0.24459999999817228,1.0676999999996042,14.01650000000518,0.13130000000091968,10.589599999999336,1.0676999999996042,0.19939999999769498,0.24459999999817228,"","",0
"native","m9b-lakeBasin-96-1","kernel","damSites",920.8705000000045,1242.9069000000018,242.17919999999867,264.8836999999985,817.8839999999982,1242.9069000000018,920.8705000000045,184.6270000000004,242.17919999999867,264.8836999999985,"","",0
"native","m9b-lakeBasin-96-1","kernel","roomMap",13.020099999994272,13.531699999999546,12.495199999997567,13.835700000003271,0.7062999999980093,13.020099999994272,13.531699999999546,13.835700000003271,1.5298000000038883,12.495199999997567,"","",0
"native","m9b-lakeBasin-96-1","complete","checks",1089.0371000000014,1332.184699999998,528.4192999999941,560.6877999999997,1332.184699999998,1085.7434999999969,1089.0371000000014,426.6041000000041,528.4192999999941,560.6877999999997,"","",0
"native","m9b-lakeBasin-96-1","complete","measures",39.216599999999744,48.60440000000381,59.99869999999646,102.77610000000277,28.507799999999406,39.216599999999744,48.60440000000381,102.77610000000277,50.44229999999516,59.99869999999646,"","",0
"native","m9b-lakeBasin-96-1","complete","outcomes",35.5850999999966,61.119800000000396,25.395400000001246,33.849300000001676,35.5850999999966,61.119800000000396,26.81180000000313,33.849300000001676,25.395400000001246,24.27350000000297,"","",0
"native","m9b-delta-96-1","kernel","levelRegions",0.15120000000024447,0.16349999999511056,0.4279999999998836,12.613900000003923,0.1437000000005355,0.15120000000024447,0.16349999999511056,0.2999000000054366,12.613900000003923,0.4279999999998836,"","",0
"native","m9b-delta-96-1","kernel","distanceFrom",0.10679999999410938,0.10849999999481952,0.15639999999984866,0.1581000000005588,0.10849999999481952,0.09969999999884749,0.10679999999410938,0.11849999999685679,0.1581000000005588,0.15639999999984866,"","",0
"native","m9b-delta-96-1","kernel","spillLevels",1.2180000000007567,10.892199999994773,10.189700000002631,10.966200000002573,1.2180000000007567,10.892199999994773,1.1459000000031665,10.966200000002573,1.085400000003574,10.189700000002631,"","",0
"native","m9b-delta-96-1","kernel","walkDistance",11.05340000000433,11.764600000002247,0.7068999999974039,0.7254000000029919,11.05340000000433,11.764600000002247,1.5197000000043772,0.675199999997858,0.7254000000029919,0.7068999999974039,"","",0
"native","m9b-delta-96-1","kernel","landRegions",0.21300000000337604,0.26260000000183936,0.32449999999516876,12.561399999998685,0.20360000000073342,0.26260000000183936,0.21300000000337604,0.1849000000001979,12.561399999998685,0.32449999999516876,"","",0
"native","m9b-delta-96-1","kernel","walkRegions",0.3194000000003143,0.33360000000539003,0.28090000000520376,0.3452000000033877,0.2528000000020256,0.3194000000003143,0.33360000000539003,0.21899999999732245,0.28090000000520376,0.3452000000033877,"","",0
"native","m9b-delta-96-1","kernel","components",0.10080000000016298,13.76090000000113,0.21929999999701977,0.8466000000044005,13.76090000000113,0.10080000000016298,0.09109999999782303,0.8466000000044005,0.21929999999701977,0.2088999999978114,"","",0
"native","m9b-delta-96-1","kernel","damSites",414.6667000000016,435.45500000000175,104.87769999999728,117.55809999999474,385.1638000000021,414.6667000000016,435.45500000000175,91.83069999999861,104.87769999999728,117.55809999999474,"","",0
"native","m9b-delta-96-1","kernel","roomMap",68.88749999999709,70.69700000000012,27.99869999999646,30.554900000002817,70.69700000000012,68.88749999999709,51.53819999999541,20.673099999999977,27.99869999999646,30.554900000002817,"","",0
"native","m9b-delta-96-1","complete","checks",808.700499999999,835.3892999999953,409.05169999999634,418.8217000000004,835.3892999999953,664.8259000000035,808.700499999999,418.8217000000004,397.30889999999636,409.05169999999634,"","",0
"native","m9b-delta-96-1","complete","measures",38.14890000000014,38.665500000002794,24.28589999999531,70.4965000000011,38.665500000002794,38.14890000000014,24.699699999997392,70.4965000000011,23.904600000001665,24.28589999999531,"","",0
"native","m9b-delta-96-1","complete","outcomes",34.308100000002014,38.908000000003085,27.338400000000547,103.68119999999908,28.686299999993935,34.308100000002014,38.908000000003085,103.68119999999908,26.2612999999983,27.338400000000547,"","",0
"native","m9b-islands-96-1","kernel","levelRegions",0.1415999999953783,0.233700000004319,0.49510000000009313,1.1289000000033411,0.13509999999951106,0.233700000004319,0.1415999999953783,0.2885000000023865,1.1289000000033411,0.49510000000009313,"","",0
"native","m9b-islands-96-1","kernel","distanceFrom",0.1661999999996624,0.17050000000017462,0.13799999999901047,0.14970000000175787,0.17050000000017462,0.1635999999998603,0.1661999999996624,0.0904999999984284,0.14970000000175787,0.13799999999901047,"","",0
"native","m9b-islands-96-1","kernel","spillLevels",14.319499999997788,14.387699999999313,0.8434000000052038,1.8387999999977183,14.387699999999313,11.140999999995984,14.319499999997788,0.8434000000052038,0.8422999999966123,1.8387999999977183,"","",0
"native","m9b-islands-96-1","kernel","walkDistance",0.3000000000029104,0.3136999999987893,15.116199999996752,22.61750000000029,0.3000000000029104,0.29460000000108266,0.3136999999987893,22.61750000000029,0.35869999999704305,15.116199999996752,"","",0
"native","m9b-islands-96-1","kernel","landRegions",0.15310000000317814,0.1532999999981257,0.20850000000064028,0.21929999999701977,0.09539999999833526,0.15310000000317814,0.1532999999981257,0.1305999999967753,0.21929999999701977,0.20850000000064028,"","",0
"native","m9b-islands-96-1","kernel","walkRegions",0.32779999999911524,1.5172999999995227,0.31190000000060536,11.939899999997579,1.5172999999995227,0.32779999999911524,0.32119999999849824,0.26389999999810243,11.939899999997579,0.31190000000060536,"","",0
"native","m9b-islands-96-1","kernel","components",0.251300000003539,0.2771999999968102,0.2995999999984633,13.423999999999069,0.2771999999968102,0.22880000000441214,0.251300000003539,0.1771999999982654,13.423999999999069,0.2995999999984633,"","",0
"native","m9b-islands-96-1","kernel","damSites",2981.294200000004,3158.6498000000065,616.1114000000089,622.5574999999953,3158.6498000000065,2978.837900000006,2981.294200000004,622.5574999999953,616.1114000000089,592.1441999999952,"","",0
"native","m9b-islands-96-1","kernel","roomMap",11.29769999999553,13.088799999997718,0.8312000000005355,0.8748000000050524,13.088799999997718,10.82050000000163,11.29769999999553,0.8007999999972526,0.8748000000050524,0.8312000000005355,"","",0
"native","m9b-islands-96-1","complete","checks",3737.534799999994,3759.057099999991,1115.3573999999935,1153.785400000008,3737.534799999994,3759.057099999991,3626.3637000000017,1115.3573999999935,1153.785400000008,1050.3582999999926,"","",0
"native","m9b-islands-96-1","complete","measures",30.889299999995274,32.581400000010035,30.49549999998999,63.10689999999886,18.45710000001418,32.581400000010035,30.889299999995274,63.10689999999886,28.53269999999611,30.49549999998999,"","",0
"native","m9b-islands-96-1","complete","outcomes",14.920899999997346,18.70010000000184,28.982300000003306,43.99439999999595,14.920899999997346,13.7612999999983,18.70010000000184,28.982300000003306,43.99439999999595,25.533199999990757,"","",0
"native","m9b-any-128-1","kernel","levelRegions",0.3712999999988824,0.5068000000028405,0.8179000000091037,1.5856999999959953,0.3712999999988824,0.3625000000029104,0.5068000000028405,0.8179000000091037,0.7548999999999069,1.5856999999959953,"","",0
"native","m9b-any-128-1","kernel","distanceFrom",0.3220000000001164,0.37490000000980217,0.2921000000060303,0.3021000000007916,0.2698999999993248,0.37490000000980217,0.3220000000001164,0.231099999989965,0.2921000000060303,0.3021000000007916,"","",0
"native","m9b-any-128-1","kernel","spillLevels",13.45810000000347,15.37149999999383,15.040200000003097,15.220199999996112,15.37149999999383,13.45810000000347,2.5207999999984168,15.220199999996112,15.040200000003097,11.82369999999355,"","",0
"native","m9b-any-128-1","kernel","walkDistance",0.7605000000039581,14.888000000006286,0.830100000006496,10.92939999999362,14.888000000006286,0.7605000000039581,0.7407999999995809,0.830100000006496,0.3871999999973923,10.92939999999362,"","",0
"native","m9b-any-128-1","kernel","landRegions",10.57709999999497,11.21600000000035,0.6313000000081956,10.992299999998068,10.57709999999497,0.5522999999957392,11.21600000000035,0.5268999999971129,10.992299999998068,0.6313000000081956,"","",0
"native","m9b-any-128-1","kernel","walkRegions",12.705900000000838,15.95230000000447,0.5819000000046799,0.7161999999952968,0.577000000004773,15.95230000000447,12.705900000000838,0.5366999999969266,0.5819000000046799,0.7161999999952968,"","",0
"native","m9b-any-128-1","kernel","components",0.1738000000041211,0.21379999999771826,0.2923000000009779,0.3092000000033295,0.21379999999771826,0.16999999999825377,0.1738000000041211,0.2691000000049826,0.2923000000009779,0.3092000000033295,"","",0
"native","m9b-any-128-1","kernel","damSites",694.9162999999971,766.0319000000018,128.273199999996,207.34880000000703,679.0183000000106,766.0319000000018,694.9162999999971,120.69210000000021,128.273199999996,207.34880000000703,"","",0
"native","m9b-any-128-1","kernel","roomMap",36.908400000000256,48.109800000005635,32.16939999999886,35.279999999998836,36.908400000000256,48.109800000005635,30.778099999995902,32.16939999999886,35.279999999998836,27.048299999994924,"","",0
"native","m9b-any-128-1","complete","checks",1288.7836000000098,1301.6707000000024,547.056500000006,549.9971000000078,1288.7836000000098,1301.6707000000024,1092.5141000000003,547.056500000006,549.9971000000078,542.3769999999931,"","",0
"native","m9b-any-128-1","complete","measures",52.2783999999956,63.774499999999534,51.49659999999858,52.695999999996275,51.05310000000463,52.2783999999956,63.774499999999534,41.81720000000496,52.695999999996275,51.49659999999858,"","",0
"native","m9b-any-128-1","complete","outcomes",43.035900000002584,44.499299999995856,47.67609999999695,60.194799999997485,32.32499999999709,44.499299999995856,43.035900000002584,60.194799999997485,38.4320000000007,47.67609999999695,"","",0
"native","m9b-riverValley-128-1","kernel","levelRegions",0.30860000000393484,0.31560000000172295,0.6928999999945518,18.393899999995483,0.30160000000614673,0.31560000000172295,0.30860000000393484,0.6429000000061933,18.393899999995483,0.6928999999945518,"","",0
"native","m9b-riverValley-128-1","kernel","distanceFrom",0.32679999999527354,28.18279999999504,0.32779999999911524,0.4021000000066124,28.18279999999504,0.32679999999527354,0.286099999997532,0.4021000000066124,0.29399999999441206,0.32779999999911524,"","",0
"native","m9b-riverValley-128-1","kernel","spillLevels",16.550600000002305,30.570900000006077,18.026400000002468,21.80260000000999,30.570900000006077,16.550600000002305,13.865200000000186,2.273700000005192,21.80260000000999,18.026400000002468,"","",0
"native","m9b-riverValley-128-1","kernel","walkDistance",0.3239000000030501,0.35619999999471474,7.305600000006962,12.900999999998021,0.3239000000030501,0.314700000002631,0.35619999999471474,12.900999999998021,7.305600000006962,0.5018999999883818,"","",0
"native","m9b-riverValley-128-1","kernel","landRegions",8.496099999989383,10.103800000011688,0.6287000000011176,0.6693000000086613,8.496099999989383,10.103800000011688,0.4740999999921769,0.5663000000058673,0.6693000000086613,0.6287000000011176,"","",0
"native","m9b-riverValley-128-1","kernel","walkRegions",0.5475000000005821,10.309399999998277,0.7737000000051921,11.18430000000808,0.5475000000005821,0.5216000000073109,10.309399999998277,0.5639000000082888,11.18430000000808,0.7737000000051921,"","",0
"native","m9b-riverValley-128-1","kernel","components",0.164600000003702,0.16499999999359716,0.37660000000323635,14.630100000009406,0.1523999999917578,0.16499999999359716,0.164600000003702,0.2930999999953201,0.37660000000323635,14.630100000009406,"","",0
"native","m9b-riverValley-128-1","kernel","damSites",925.8890000000101,946.1427000000112,191.30259999999544,230.86329999999725,925.8890000000101,916.4146999999939,946.1427000000112,188.27939999999944,230.86329999999725,191.30259999999544,"","",0
"native","m9b-riverValley-128-1","kernel","roomMap",78.41580000000249,82.94690000000992,45.4887000000017,52.33929999999236,78.41580000000249,64.66640000000189,82.94690000000992,38.14639999999781,52.33929999999236,45.4887000000017,"","",0
"native","m9b-riverValley-128-1","complete","checks",1487.5840999999928,1608.857999999993,621.0432000000001,726.6162999999942,1487.5840999999928,1394.0911999999953,1608.857999999993,506.6261000000086,726.6162999999942,621.0432000000001,"","",0
"native","m9b-riverValley-128-1","complete","measures",20.667799999995623,40.6984999999986,18.315600000001723,20.965400000000955,20.642599999991944,20.667799999995623,40.6984999999986,17.56140000000596,18.315600000001723,20.965400000000955,"","",0
"native","m9b-riverValley-128-1","complete","outcomes",52.698199999998906,81.30680000000575,77.16449999999895,176.00440000000526,81.30680000000575,42.06170000000566,52.698199999998906,176.00440000000526,77.16449999999895,61.14480000000913,"","",0
"native","m9b-canyon-128-1","kernel","levelRegions",0.34619999999995343,0.35440000001108274,18.90690000000177,19.734400000001187,0.3087999999988824,0.35440000001108274,0.34619999999995343,18.90690000000177,16.716599999999744,19.734400000001187,"","",0
"native","m9b-canyon-128-1","kernel","distanceFrom",0.33900000000721775,10.269100000004983,0.2958000000071479,20.750400000004447,10.269100000004983,0.33900000000721775,0.2955999999976484,0.2958000000071479,0.20970000000670552,20.750400000004447,"","",0
"native","m9b-canyon-128-1","kernel","spillLevels",11.478799999997136,21.097000000008848,19.983399999997346,28.747000000003027,21.097000000008848,11.478799999997136,2.1889999999984866,19.983399999997346,1.3650999999954365,28.747000000003027,"","",0
"native","m9b-canyon-128-1","kernel","walkDistance",0.6120999999984633,0.632900000011432,0.34549999999580905,0.3512999999948079,0.4254999999975553,0.6120999999984633,0.632900000011432,0.24040000000968575,0.3512999999948079,0.34549999999580905,"","",0
"native","m9b-canyon-128-1","kernel","landRegions",0.5311999999976251,0.5345999999990454,0.5397999999986496,13.460800000000745,0.5345999999990454,0.5311999999976251,0.5032999999966705,0.4348000000027241,0.5397999999986496,13.460800000000745,"","",0
"native","m9b-canyon-128-1","kernel","walkRegions",0.5869999999995343,1.650500000003376,0.5932999999931781,10.057499999995343,0.5869999999995343,1.650500000003376,0.48619999999937136,0.5932999999931781,0.5544999999983702,10.057499999995343,"","",0
"native","m9b-canyon-128-1","kernel","components",0.14379999999073334,0.15110000000277068,0.2790999999997439,0.3145000000076834,0.12610000000859145,0.15110000000277068,0.14379999999073334,0.20399999999790452,0.3145000000076834,0.2790999999997439,"","",0
"native","m9b-canyon-128-1","kernel","damSites",786.5843999999925,874.1062999999995,142.95990000000165,167.05259999999544,874.1062999999995,786.5843999999925,699.1833000000042,167.05259999999544,137.40579999999318,142.95990000000165,"","",0
"native","m9b-canyon-128-1","kernel","roomMap",87.21140000000014,93.95030000001134,37.57480000000214,42.32129999999597,81.80780000000959,93.95030000001134,87.21140000000014,35.83540000001085,42.32129999999597,37.57480000000214,"","",0
"native","m9b-canyon-128-1","complete","checks",1246.1826,1444.1720000000205,546.6925000000047,550.8712999999989,1246.1826,1444.1720000000205,1199.6772999999812,546.6925000000047,535.166899999982,550.8712999999989,"","",0
"native","m9b-canyon-128-1","complete","measures",24.718900000007125,56.435599999997066,47.81999999997788,63.00280000001658,23.416500000021188,24.718900000007125,56.435599999997066,47.81999999997788,23.308699999994133,63.00280000001658,"","",0
"native","m9b-canyon-128-1","complete","outcomes",54.485599999985425,57.20079999999143,39.304999999993015,44.79970000000321,54.485599999985425,57.20079999999143,46.76469999999972,39.304999999993015,44.79970000000321,38.87729999999283,"","",0
"native","m9b-highlands-128-1","kernel","levelRegions",0.2930999999807682,0.666399999987334,0.9434999999939464,26.911399999982677,0.276400000002468,0.2930999999807682,0.666399999987334,26.911399999982677,0.6181999999971595,0.9434999999939464,"","",0
"native","m9b-highlands-128-1","kernel","distanceFrom",0.1327000000164844,0.13430000000516884,0.3166999999957625,14.625800000008894,0.09260000000358559,0.13430000000516884,0.1327000000164844,14.625800000008894,0.3166999999957625,0.19030000001657754,"","",0
"native","m9b-highlands-128-1","kernel","spillLevels",16.2506000000285,16.36480000001029,12.242599999997765,13.527700000006007,16.2506000000285,16.36480000001029,13.407999999995809,13.527700000006007,12.242599999997765,1.2896999999938998,"","",0
"native","m9b-highlands-128-1","kernel","walkDistance",0.2639999999955762,0.28270000001066364,0.42290000000502914,11.285200000012992,0.2639999999955762,0.28270000001066364,0.25930000000516884,0.42290000000502914,11.285200000012992,0.2315999999991618,"","",0
"native","m9b-highlands-128-1","kernel","landRegions",0.42689999999129213,0.4372000000148546,0.3969000000215601,12.035800000012387,0.354300000006333,0.4372000000148546,0.42689999999129213,0.34799999999813735,12.035800000012387,0.3969000000215601,"","",0
"native","m9b-highlands-128-1","kernel","walkRegions",0.5397999999986496,14.366600000008475,2.0722999999998137,17.274600000004284,0.4967999999935273,14.366600000008475,0.5397999999986496,17.274600000004284,2.0722999999998137,0.560799999977462,"","",0
"native","m9b-highlands-128-1","kernel","components",0.1631000000052154,0.1661000000021886,0.32229999999981374,0.8994999999995343,0.13730000000214204,0.1661000000021886,0.1631000000052154,0.18769999998039566,0.8994999999995343,0.32229999999981374,"","",0
"native","m9b-highlands-128-1","kernel","damSites",2024.3404000000155,2098.9671999999846,327.1761000000115,395.64549999998417,2098.9671999999846,2024.3404000000155,1797.0113000000129,314.59500000000116,327.1761000000115,395.64549999998417,"","",0
"native","m9b-highlands-128-1","kernel","roomMap",22.871199999994133,56.21499999999651,61.32220000002417,64.18470000001253,56.21499999999651,22.871199999994133,22.365099999995437,61.32220000002417,64.18470000001253,23.933799999998882,"","",0
"native","m9b-highlands-128-1","complete","checks",3345.4182999999903,3470.581999999995,1163.1218999999983,1334.2793999999994,2883.281500000012,3345.4182999999903,3470.581999999995,1334.2793999999994,1121.7320000000182,1163.1218999999983,"","",0
"native","m9b-highlands-128-1","complete","measures",34.50099999998929,43.93579999997746,21.603000000002794,25.403800000000047,34.50099999998929,43.93579999997746,24.394100000004983,25.403800000000047,21.603000000002794,18.921200000011595,"","",0
"native","m9b-highlands-128-1","complete","outcomes",54.359399999986636,63.21659999998519,51.963199999998324,100.76240000000689,53.89989999998943,63.21659999998519,54.359399999986636,100.76240000000689,33.19969999999739,51.963199999998324,"","",0
"native","m9b-lakeBasin-128-1","kernel","levelRegions",0.4684000000124797,0.6246000000101048,15.223900000011781,15.555000000022119,0.375,0.4684000000124797,0.6246000000101048,15.555000000022119,15.223900000011781,1.581000000005588,"","",0
"native","m9b-lakeBasin-128-1","kernel","distanceFrom",0.31239999999525025,0.3246999999973923,0.2637000000104308,0.28640000001178123,0.2890000000188593,0.31239999999525025,0.3246999999973923,0.2637000000104308,0.28640000001178123,0.2445000000006985,"","",0
"native","m9b-lakeBasin-128-1","kernel","spillLevels",16.14729999998235,28.404999999998836,2.8874999999825377,12.325700000015786,16.14729999998235,14.858399999997346,28.404999999998836,12.325700000015786,2.8874999999825377,1.5979000000224914,"","",0
"native","m9b-lakeBasin-128-1","kernel","walkDistance",0.1573999999964144,0.1608000000123866,0.2281000000075437,0.26309999998193234,0.12339999998221174,0.1573999999964144,0.1608000000123866,0.2281000000075437,0.26309999998193234,0.22090000001480803,"","",0
"native","m9b-lakeBasin-128-1","kernel","landRegions",0.7696999999752734,15.739199999981793,0.5388000000093598,0.5629999999946449,0.7696999999752734,0.506599999993341,15.739199999981793,0.41300000000046566,0.5629999999946449,0.5388000000093598,"","",0
"native","m9b-lakeBasin-128-1","kernel","walkRegions",0.6068000000086613,0.6247000000148546,0.955500000010943,1.0045999999856576,0.5050000000046566,0.6068000000086613,0.6247000000148546,1.0045999999856576,0.955500000010943,0.7276999999885447,"","",0
"native","m9b-lakeBasin-128-1","kernel","components",0.20079999999143183,16.348899999982677,0.42770000000018626,0.4496999999973923,0.14759999999660067,0.20079999999143183,16.348899999982677,0.3623000000079628,0.4496999999973923,0.42770000000018626,"","",0
"native","m9b-lakeBasin-128-1","kernel","damSites",2071.6595999999845,2352.701300000015,411.66260000001057,572.3244000000122,2071.6595999999845,2352.701300000015,1716.719299999997,411.66260000001057,572.3244000000122,290.89079999999376,"","",0
"native","m9b-lakeBasin-128-1","kernel","roomMap",37.65249999999651,52.321999999985565,36.100199999986216,63.32469999999739,37.65249999999651,36.666199999977835,52.321999999985565,36.100199999986216,63.32469999999739,19.26500000001397,"","",0
"native","m9b-lakeBasin-128-1","complete","checks",3111.8994999999995,4045.7125000000233,1614.2810999999929,1765.1424000000115,2966.750800000009,4045.7125000000233,3111.8994999999995,1223.8096000000078,1614.2810999999929,1765.1424000000115,"","",0
"native","m9b-lakeBasin-128-1","complete","measures",238.27660000001197,276.96529999998165,215.2221000000136,235.35800000000745,59.68230000001495,276.96529999998165,238.27660000001197,182.65869999999995,215.2221000000136,235.35800000000745,"","",0
"native","m9b-lakeBasin-128-1","complete","outcomes",55.10689999998431,73.04420000000391,78.83030000000144,82.10000000000582,73.04420000000391,55.10689999998431,53.75399999998626,82.10000000000582,66.91899999999441,78.83030000000144,"","",0
"native","m9b-delta-128-1","kernel","levelRegions",0.24309999999240972,0.2687000000150874,16.794100000028266,17.420899999997346,0.21319999999832362,0.24309999999240972,0.2687000000150874,16.181500000006054,16.794100000028266,17.420899999997346,"","",0
"native","m9b-delta-128-1","kernel","distanceFrom",0.13959999999497086,0.14379999999073334,15.382400000002235,15.494999999995343,0.12930000000051223,0.14379999999073334,0.13959999999497086,15.382400000002235,15.494999999995343,0.1245000000053551,"","",0
"native","m9b-delta-128-1","kernel","spillLevels",59.177700000000186,76.04910000000382,25.746199999994133,71.14530000000377,76.04910000000382,59.177700000000186,25.396200000017416,71.14530000000377,1.5631999999750406,25.746199999994133,"","",0
"native","m9b-delta-128-1","kernel","walkDistance",17.329100000002654,36.920100000017555,18.382500000006985,19.996000000013737,17.329100000002654,36.920100000017555,2.8522000000230037,18.382500000006985,16.71099999998114,19.996000000013737,"","",0
"native","m9b-delta-128-1","kernel","landRegions",0.8722999999881722,0.937099999981001,1.0495999999984633,1.603400000021793,0.30389999999897555,0.8722999999881722,0.937099999981001,0.30599999998230487,1.0495999999984633,1.603400000021793,"","",0
"native","m9b-delta-128-1","kernel","walkRegions",19.67809999999008,29.710800000000745,0.9363000000012107,17.372899999987567,0.47119999999995343,19.67809999999008,29.710800000000745,17.372899999987567,0.5412000000069384,0.9363000000012107,"","",0
"native","m9b-delta-128-1","kernel","components",0.14120000001275912,0.7437999999965541,0.5273999999917578,19.463500000012573,0.1396999999997206,0.14120000001275912,0.7437999999965541,0.30220000000554137,19.463500000012573,0.5273999999917578,"","",0
"native","m9b-delta-128-1","kernel","damSites",1806.2816999999923,2102.8115999999864,418.72299999999814,442.18700000000536,1454.8122000000149,2102.8115999999864,1806.2816999999923,442.18700000000536,409.89770000000135,418.72299999999814,"","",0
"native","m9b-delta-128-1","kernel","roomMap",497.46830000000773,633.51979999998,125.36790000001201,418.3385999999882,633.51979999998,497.46830000000773,278.0866999999853,418.3385999999882,120.20069999998668,125.36790000001201,"","",0
"native","m9b-delta-128-1","complete","checks",2444.2388999999966,3084.9290000000037,1039.9543999999878,1329.6790000000037,2444.2388999999966,2421.023599999986,3084.9290000000037,984.4126000000106,1039.9543999999878,1329.6790000000037,"","",0
"native","m9b-delta-128-1","complete","measures",88.02449999999953,104.6769000000204,80.65570000000298,81.72079999998095,104.6769000000204,86.023199999996,88.02449999999953,78.26050000000396,81.72079999998095,80.65570000000298,"","",0
"native","m9b-delta-128-1","complete","outcomes",81.09200000000419,88.47630000000936,83.48050000000512,93.79839999999967,81.09200000000419,55.274199999985285,88.47630000000936,93.79839999999967,83.48050000000512,57.5738999999885,"","",0
"native","m9b-islands-128-1","kernel","levelRegions",0.2539000000106171,0.30890000000363216,0.6915999999910127,0.8874000000068918,0.30890000000363216,0.2539000000106171,0.24890000000596046,0.6479000000108499,0.8874000000068918,0.6915999999910127,"","",0
"native","m9b-islands-128-1","kernel","distanceFrom",0.6416000000026543,1.2364999999990687,0.34820000000763685,16.14120000001276,1.2364999999990687,0.6416000000026543,0.2537000000011176,0.34820000000763685,0.34099999998579733,16.14120000001276,"","",0
"native","m9b-islands-128-1","kernel","spillLevels",16.86579999999958,19.483099999983096,19.29420000000391,28.03630000000703,16.86579999999958,19.483099999983096,16.068399999989197,28.03630000000703,17.815399999992223,19.29420000000391,"","",0
"native","m9b-islands-128-1","kernel","walkDistance",0.39029999999911524,0.6828000000095926,0.36290000000735745,16.77929999999469,0.38610000000335276,0.39029999999911524,0.6828000000095926,16.77929999999469,0.3591000000014901,0.36290000000735745,"","",0
"native","m9b-islands-128-1","kernel","landRegions",0.29050000000279397,16.668600000004517,0.6423999999824446,0.6441000000049826,0.22539999999571592,0.29050000000279397,16.668600000004517,0.47529999999096617,0.6441000000049826,0.6423999999824446,"","",0
"native","m9b-islands-128-1","kernel","walkRegions",18.704400000016904,28.856799999979557,0.5693999999784864,0.6688999999896623,12.598200000007637,18.704400000016904,28.856799999979557,0.6688999999896623,0.5693999999784864,0.5440999999991618,"","",0
"native","m9b-islands-128-1","kernel","components",0.44729999999981374,2.534700000018347,0.4065999999875203,0.41949999998905696,2.534700000018347,0.44729999999981374,0.4248999999836087,0.32360000000335276,0.4065999999875203,0.41949999998905696,"","",0
"native","m9b-islands-128-1","kernel","damSites",7030.088899999973,7362.784700000018,1319.1747000000323,1346.7318000000087,7362.784700000018,7030.088899999973,6429.156699999992,1319.1747000000323,1192.3165000000154,1346.7318000000087,"","",0
"native","m9b-islands-128-1","kernel","roomMap",38.45610000001034,40.006600000022445,19.223699999973178,31.759399999980815,40.006600000022445,38.45610000001034,20.73540000000503,19.223699999973178,16.321100000001024,31.759399999980815,"","",0
"native","m9b-islands-128-1","complete","checks",8639.367099999974,9300.018899999966,2785.3601999999955,2791.8371000000043,7736.538399999961,8639.367099999974,9300.018899999966,2261.8740999999573,2785.3601999999955,2791.8371000000043,"","",0
"native","m9b-islands-128-1","complete","measures",142.89980000001378,205.7785000000149,101.55670000001555,144.05530000000726,205.7785000000149,142.89980000001378,74.8072000000393,144.05530000000726,101.55670000001555,80.37800000002608,"","",0
"native","m9b-islands-128-1","complete","outcomes",74.0732999999891,98.52059999998892,84.73870000004536,85.0964999999851,98.52059999998892,52.571699999971315,74.0732999999891,85.0964999999851,84.73870000004536,59.04969999997411,"","",0
"native","m9b-any-256-1","kernel","levelRegions",27.114699999976438,27.524099999980535,73.33270000002813,125.89119999995455,27.524099999980535,1.488599999982398,27.114699999976438,73.33270000002813,125.89119999995455,46.13689999998314,"","",0
"native","m9b-any-256-1","kernel","distanceFrom",1.2388999999966472,22.397399999957997,22.101500000047963,22.22219999996014,1.0468000000109896,22.397399999957997,1.2388999999966472,22.101500000047963,0.8239999999641441,22.22219999996014,"","",0
"native","m9b-any-256-1","kernel","spillLevels",84.89730000001146,153.4707000000053,71.60659999999916,75.22179999999935,153.4707000000053,82.29469999996945,84.89730000001146,66.67189999995753,71.60659999999916,75.22179999999935,"","",0
"native","m9b-any-256-1","kernel","walkDistance",1.3836000000010245,16.723100000002887,29.478499999968335,56.0166999999783,1.3836000000010245,16.723100000002887,1.3702000000048429,29.478499999968335,20.53100000001723,56.0166999999783,"","",0
"native","m9b-any-256-1","kernel","landRegions",37.836999999999534,88.64529999997467,29.737300000037067,63.052700000000186,88.64529999997467,36.975399999995716,37.836999999999534,29.737300000037067,63.052700000000186,26.057399999990594,"","",0
"native","m9b-any-256-1","kernel","walkRegions",21.509100000024773,27.73660000000382,41.72110000002431,52.01589999999851,21.509100000024773,27.73660000000382,19.789699999964796,33.91989999997895,41.72110000002431,52.01589999999851,"","",0
"native","m9b-any-256-1","kernel","components",0.32150000002002344,0.36890000000130385,22.20089999999618,34.71779999998398,0.32150000002002344,0.29540000000270084,0.36890000000130385,34.71779999998398,22.20089999999618,12.135100000014063,"","",0
"native","m9b-any-256-1","kernel","damSites",1073.3523999999743,1146.1955000000307,238.10559999995166,280.6506999999983,1146.1955000000307,1022.5045999999857,1073.3523999999743,238.10559999995166,213.35009999998147,280.6506999999983,"","",0
"native","m9b-any-256-1","kernel","roomMap",3598.2667000000365,5375.452099999995,1429.949900000007,1459.1602999999886,5375.452099999995,3598.2667000000365,3404.3030000000144,1332.458900000027,1429.949900000007,1459.1602999999886,"","",0
"native","m9b-any-256-1","complete","checks",3927.3350999999675,5845.926399999997,2926.9945999999763,4976.9392000000225,3609.808799999999,3927.3350999999675,5845.926399999997,2463.206200000015,4976.9392000000225,2926.9945999999763,"","",0
"native","m9b-any-256-1","complete","measures",196.295599999954,402.0009999999893,199.4775999999838,456.7299999999814,402.0009999999893,190.17700000002515,196.295599999954,456.7299999999814,135.95799999998417,199.4775999999838,"","",0
"native","m9b-any-256-1","complete","outcomes",305.9978000000119,340.9709000000148,250.37099999998463,384.9727000000421,340.9709000000148,295.1388000000152,305.9978000000119,384.9727000000421,250.37099999998463,235.58159999997588,"","",0
"native","m9b-riverValley-256-1","kernel","levelRegions",2.9248999999836087,14.0791999999783,51.26290000003064,82.19580000004498,14.0791999999783,2.9248999999836087,1.0442000000039116,51.26290000003064,38.37900000001537,82.19580000004498,"","",0
"native","m9b-riverValley-256-1","kernel","distanceFrom",20.38850000000093,21.743500000040513,0.9304999999585561,19.474799999967217,2.8493000000016764,20.38850000000093,21.743500000040513,19.474799999967217,0.8782999999821186,0.9304999999585561,"","",0
"native","m9b-riverValley-256-1","kernel","spillLevels",91.73560000001453,137.9256999999634,76.44719999999506,104.6537000000244,90.53210000001127,137.9256999999634,91.73560000001453,104.6537000000244,63.947399999946356,76.44719999999506,"","",0
"native","m9b-riverValley-256-1","kernel","walkDistance",23.208699999959208,45.807999999960884,23.42009999998845,26.259300000034273,16.31319999997504,23.208699999959208,45.807999999960884,23.42009999998845,18.1083000000217,26.259300000034273,"","",0
"native","m9b-riverValley-256-1","kernel","landRegions",33.312900000019,72.51640000002226,49.66339999996126,88.84990000003017,72.51640000002226,33.312900000019,25.339299999992363,88.84990000003017,49.210900000005495,49.66339999996126,"","",0
"native","m9b-riverValley-256-1","kernel","walkRegions",28.457899999979418,39.20350000000326,57.80790000001434,73.26500000001397,39.20350000000326,24.398700000019744,28.457899999979418,53.92550000001211,57.80790000001434,73.26500000001397,"","",0
"native","m9b-riverValley-256-1","kernel","components",0.716599999985192,58.71450000000186,17.884300000034273,47.945699999982025,0.716599999985192,58.71450000000186,0.570899999991525,47.945699999982025,1.3925000000162981,17.884300000034273,"","",0
"native","m9b-riverValley-256-1","kernel","damSites",1060.4867000000086,1277.4977000000072,206.65570000000298,253.15200000000186,1277.4977000000072,866.1773999999859,1060.4867000000086,137.1189000000013,206.65570000000298,253.15200000000186,"","",0
"native","m9b-riverValley-256-1","kernel","roomMap",5831.215099999972,6686.238400000031,1987.2170000000042,2164.36599999998,5831.215099999972,5096.198199999984,6686.238400000031,1987.2170000000042,1765.84580000001,2164.36599999998,"","",0
"native","m9b-riverValley-256-1","complete","checks",3203.7112999999663,3289.258600000001,2800.4888999999966,3496.545600000012,3203.7112999999663,3289.258600000001,2947.321900000039,2800.4888999999966,2385.7483000000357,3496.545600000012,"","",0
"native","m9b-riverValley-256-1","complete","measures",86.84269999997923,92.36900000000605,74.90820000000531,87.99280000000726,82.77970000001369,86.84269999997923,92.36900000000605,72.55219999997644,74.90820000000531,87.99280000000726,"","",0
"native","m9b-riverValley-256-1","complete","outcomes",222.44140000001062,271.7853999999934,178.17560000001686,226.9423999999999,271.7853999999934,211.15690000000177,222.44140000001062,173.58830000000307,226.9423999999999,178.17560000001686,"","",0
"native","m9b-canyon-256-1","kernel","levelRegions",32.883900000015274,38.368299999972805,55.48090000002412,207.0402999999933,32.883900000015274,14.889099999971222,38.368299999972805,55.48090000002412,28.631900000036694,207.0402999999933,"","",0
"native","m9b-canyon-256-1","kernel","distanceFrom",3.111700000008568,4.40669999999227,1.3422000000136904,2.6243999999715015,3.111700000008568,4.40669999999227,1.8021000000298955,1.3422000000136904,2.6243999999715015,0.8276999999652617,"","",0
"native","m9b-canyon-256-1","kernel","spillLevels",138.95409999997355,192.27330000000075,13.727100000018254,167.49030000000494,192.27330000000075,9.066200000001118,138.95409999997355,13.727100000018254,167.49030000000494,6.894299999985378,"","",0
"native","m9b-canyon-256-1","kernel","walkDistance",1.6141999999526888,2.260800000047311,1.9822999999742024,8.012099999992643,1.6141999999526888,1.0770999999949709,2.260800000047311,1.9822999999742024,1.590299999981653,8.012099999992643,"","",0
"native","m9b-canyon-256-1","kernel","landRegions",1.8794000000343658,1.8938000000198372,3.0758999999961816,11.348600000026636,1.6929999999701977,1.8794000000343658,1.8938000000198372,2.944499999983236,11.348600000026636,3.0758999999961816,"","",0
"native","m9b-canyon-256-1","kernel","walkRegions",9.809799999988172,126.90979999996489,14.620799999975134,164.5517000000109,2.2723000000114553,9.809799999988172,126.90979999996489,164.5517000000109,7.080100000021048,14.620799999975134,"","",0
"native","m9b-canyon-256-1","kernel","components",0.4751999999862164,0.5509999999776483,3.153200000000652,15.859900000039488,0.4322999999858439,0.4751999999862164,0.5509999999776483,3.153200000000652,1.8455000000540167,15.859900000039488,"","",0
"native","m9b-canyon-256-1","kernel","damSites",1279.5519000000786,1390.340199999977,253.12329999997746,311.59820000000764,1110.05979999993,1279.5519000000786,1390.340199999977,253.12329999997746,311.59820000000764,164.0511000000406,"","",0
"native","m9b-canyon-256-1","kernel","roomMap",2298.6534000000684,2346.9762000000337,796.3785999999382,821.9133999999613,2298.6534000000684,2346.9762000000337,2005.9871000000276,821.9133999999613,796.3785999999382,768.1913000000641,"","",0
"native","m9b-canyon-256-1","complete","checks",3782.185199999949,4001.0180999999866,2648.521999999997,3024.3843000000343,4001.0180999999866,3782.185199999949,3300.931099999929,2497.3701999998884,3024.3843000000343,2648.521999999997,"","",0
"native","m9b-canyon-256-1","complete","measures",96.69969999999739,170.00560000003316,111.6765000000596,121.21369999996386,96.69969999999739,15.964500000001863,170.00560000003316,111.6765000000596,121.21369999996386,11.103099999949336,"","",0
"native","m9b-canyon-256-1","complete","outcomes",132.19860000000335,220.88859999994747,229.3003000000026,297.1720000000205,220.88859999994747,108.42609999992419,132.19860000000335,229.3003000000026,120.77480000001378,297.1720000000205,"","",0
"native","m9b-highlands-256-1","kernel","levelRegions",1.2423999999882653,4.551699999952689,4.009299999917857,5.192999999970198,4.551699999952689,1.2423999999882653,1.165099999983795,5.192999999970198,4.009299999917857,3.662999999942258,"","",0
"native","m9b-highlands-256-1","kernel","distanceFrom",1.4405999999726191,2.4847999999765307,1.0955000000540167,1.4252000000560656,1.4405999999726191,2.4847999999765307,1.2509999999310821,0.6949999999487773,1.0955000000540167,1.4252000000560656,"","",0
"native","m9b-highlands-256-1","kernel","spillLevels",15.771300000022165,120.18109999992885,115.68389999994542,132.41019999992568,15.771300000022165,120.18109999992885,15.572299999999814,115.68389999994542,7.567399999941699,132.41019999992568,"","",0
"native","m9b-highlands-256-1","kernel","walkDistance",1.1864999999525025,89.76010000007227,1.922000000020489,6.400399999925867,89.76010000007227,1.1864999999525025,1.0995000000111759,6.400399999925867,1.6479999999282882,1.922000000020489,"","",0
"native","m9b-highlands-256-1","kernel","landRegions",5.048999999999069,93.63119999994524,9.646599999978207,13.440300000016578,1.8853000000817701,5.048999999999069,93.63119999994524,9.646599999978207,13.440300000016578,5.600600000005215,"","",0
"native","m9b-highlands-256-1","kernel","walkRegions",2.3795999999856576,13.484400000073947,72.93319999997038,138.99199999996927,13.484400000073947,2.299900000100024,2.3795999999856576,15.423300000024028,72.93319999997038,138.99199999996927,"","",0
"native","m9b-highlands-256-1","kernel","components",0.32039999996777624,0.4119000000646338,1.5872999998973683,4.726699999999255,0.4119000000646338,0.32039999996777624,0.31819999997969717,4.726699999999255,1.546900000073947,1.5872999998973683,"","",0
"native","m9b-highlands-256-1","kernel","damSites",972.4349999999395,1067.5855999999912,119.3188000000082,166.10349999996834,1067.5855999999912,972.4349999999395,879.6888000000035,114.05489999998827,119.3188000000082,166.10349999996834,"","",0
"native","m9b-highlands-256-1","kernel","roomMap",7865.361499999999,8196.911699999939,2076.2650999999605,2610.9131999999518,7046.525900000008,7865.361499999999,8196.911699999939,2610.9131999999518,2076.2650999999605,1911.9719999999506,"","",0
"native","m9b-highlands-256-1","complete","checks",2887.736900000018,3148.263099999982,2152.1190000000643,3588.2492000000784,3148.263099999982,2887.736900000018,2548.3791999999667,2152.1190000000643,1841.4229999999516,3588.2492000000784,"","",0
"native","m9b-highlands-256-1","complete","measures",171.41909999994095,462.8394000000553,183.40489999996498,219.09510000003502,171.41909999994095,462.8394000000553,23.99099999992177,82.44980000006035,219.09510000003502,183.40489999996498,"","",0
"native","m9b-highlands-256-1","complete","outcomes",352.7439000000013,477.81460000004154,220.87219999998342,309.01599999994505,477.81460000004154,352.7439000000013,288.0587999999989,125.69040000007953,220.87219999998342,309.01599999994505,"","",0
"native","m9b-lakeBasin-256-1","kernel","levelRegions",1.5934000000124797,5.6459000000031665,141.23499999998603,331.06829999992624,1.5934000000124797,1.2295999999623746,5.6459000000031665,4.985099999932572,331.06829999992624,141.23499999998603,"","",0
"native","m9b-lakeBasin-256-1","kernel","distanceFrom",1.3985000000102445,2.763799999956973,0.8543999999528751,0.9019000000553206,2.763799999956973,1.3675999999977648,1.3985000000102445,0.8543999999528751,0.8421000000089407,0.9019000000553206,"","",0
"native","m9b-lakeBasin-256-1","kernel","spillLevels",35.053300000028685,215.3693000000203,148.59640000003856,190.74820000003092,16.56950000009965,35.053300000028685,215.3693000000203,148.59640000003856,190.74820000003092,12.929400000022724,"","",0
"native","m9b-lakeBasin-256-1","kernel","walkDistance",1.0346000000135973,1.101799999945797,2.086100000073202,144.09640000003856,1.0346000000135973,1.000800000037998,1.101799999945797,144.09640000003856,1.621599999954924,2.086100000073202,"","",0
"native","m9b-lakeBasin-256-1","kernel","landRegions",2.6812999999383464,115.73869999998715,2.9248999999836087,5.845600000000559,115.73869999998715,2.6812999999383464,1.9533000000519678,5.845600000000559,2.9248999999836087,2.649500000057742,"","",0
"native","m9b-lakeBasin-256-1","kernel","walkRegions",5.244799999985844,6.5812999999616295,7.826200000010431,8.368799999938346,6.5812999999616295,5.244799999985844,3.449499999987893,6.784300000057556,8.368799999938346,7.826200000010431,"","",0
"native","m9b-lakeBasin-256-1","kernel","components",21.81050000002142,338.0080999999773,6.136100000003353,9.22039999999106,1.4233999999705702,338.0080999999773,21.81050000002142,6.136100000003353,3.709599999943748,9.22039999999106,"","",0
"native","m9b-lakeBasin-256-1","kernel","damSites",6904.8131000000285,6996.996399999945,1123.1424000000115,1182.1994000000414,6904.8131000000285,6996.996399999945,5963.3724999999395,1182.1994000000414,776.0825999999652,1123.1424000000115,"","",0
"native","m9b-lakeBasin-256-1","kernel","roomMap",1640.704400000046,2021.0793999999296,711.5507999999681,972.1205000000773,2021.0793999999296,1640.704400000046,1435.5531999999657,711.5507999999681,699.3049999999348,972.1205000000773,"","",0
"native","m9b-lakeBasin-256-1","complete","checks",7209.800500000012,7816.575700000045,3170.7266000000527,3573.9463000000687,7209.800500000012,7205.2495000000345,7816.575700000045,3573.9463000000687,3170.7266000000527,2795.929700000095,"","",0
"native","m9b-lakeBasin-256-1","complete","measures",68.47669999999925,124.40130000002682,59.36399999994319,63.556400000001304,124.40130000002682,68.47669999999925,65.58730000001378,59.36399999994319,14.467399999964982,63.556400000001304,"","",0
"native","m9b-lakeBasin-256-1","complete","outcomes",133.18339999997988,139.6367999999784,174.99800000002142,227.67219999991357,139.6367999999784,133.18339999997988,103.77800000004936,95.73120000003837,227.67219999991357,174.99800000002142,"","",0
"native","m9b-delta-256-1","kernel","levelRegions",1.0982000000076368,1.415599999949336,3.307600000058301,4.07660000002943,0.9812000000383705,1.0982000000076368,1.415599999949336,3.307600000058301,2.2515999999595806,4.07660000002943,"","",0
"native","m9b-delta-256-1","kernel","distanceFrom",1.1960999999428168,1.2423999999882653,0.4597999999532476,7.283199999947101,1.1960999999428168,0.49669999990146607,1.2423999999882653,7.283199999947101,0.4303999999538064,0.4597999999532476,"","",0
"native","m9b-delta-256-1","kernel","spillLevels",8.566700000083074,8.818500000052154,5.425500000012107,63.60739999997895,8.818500000052154,8.566700000083074,8.18550000002142,63.60739999997895,5.207000000053085,5.425500000012107,"","",0
"native","m9b-delta-256-1","kernel","walkDistance",3.399500000057742,6.702200000057928,2.5485999999800697,2.6354999999748543,3.399500000057742,2.9688000000314787,6.702200000057928,2.5485999999800697,2.0955000000540167,2.6354999999748543,"","",0
"native","m9b-delta-256-1","kernel","landRegions",2.216899999999441,2.225700000068173,4.519700000062585,86.0289000000339,1.6511000000173226,2.225700000068173,2.216899999999441,3.566899999976158,4.519700000062585,86.0289000000339,"","",0
"native","m9b-delta-256-1","kernel","walkRegions",3.8963999999687076,63.51399999996647,9.985100000048988,43.67220000002999,1.730600000009872,3.8963999999687076,63.51399999996647,43.67220000002999,9.985100000048988,3.492200000095181,"","",0
"native","m9b-delta-256-1","kernel","components",0.3876000000163913,0.41059999994467944,1.6592999999411404,1.8850000000093132,0.41059999994467944,0.3876000000163913,0.3831999999238178,1.8850000000093132,1.6592999999411404,1.39449999993667,"","",0
"native","m9b-delta-256-1","kernel","damSites",889.202900000033,926.5766000000294,182.26359999994747,197.891100000008,889.202900000033,884.6141999999527,926.5766000000294,171.37049999996088,197.891100000008,182.26359999994747,"","",0
"native","m9b-delta-256-1","kernel","roomMap",2019.754600000102,2786.0348999999696,865.4157000000123,932.1977000000188,1359.2173000000184,2019.754600000102,2786.0348999999696,462.56319999997504,932.1977000000188,865.4157000000123,"","",0
"native","m9b-delta-256-1","complete","checks",4458.715500000049,6304.451600000029,2291.643999999971,2700.2452999999514,4458.715500000049,3839.692000000039,6304.451600000029,2291.643999999971,2214.8896999999415,2700.2452999999514,"","",0
"native","m9b-delta-256-1","complete","measures",79.98889999999665,93.32119999988936,23.966799999936484,58.59539999999106,93.32119999988936,79.98889999999665,55.10809999995399,23.966799999936484,10.557799999951385,58.59539999999106,"","",0
"native","m9b-delta-256-1","complete","outcomes",127.80410000006668,320.6524999999674,385.6757000000216,433.2595999999903,320.6524999999674,127.80410000006668,116.80329999991227,385.6757000000216,328.40339999995194,433.2595999999903,"","",0
"native","m9b-islands-256-1","kernel","levelRegions",1.1770999999716878,1.7110999999567866,54.294399999896996,93.59720000007655,0.8242999999783933,1.7110999999567866,1.1770999999716878,93.59720000007655,3.144700000062585,54.294399999896996,"","",0
"native","m9b-islands-256-1","kernel","distanceFrom",0.9285999999847263,1.0720999999903142,0.5767000000923872,7.14739999989979,0.8732000000309199,1.0720999999903142,0.9285999999847263,0.5530000000726432,7.14739999989979,0.5767000000923872,"","",0
"native","m9b-islands-256-1","kernel","spillLevels",76.35640000004787,128.24089999997523,6.266200000070967,156.6042000000598,128.24089999997523,10.383299999986775,76.35640000004787,6.266200000070967,156.6042000000598,5.493300000089221,"","",0
"native","m9b-islands-256-1","kernel","walkDistance",0.4442000000271946,0.4531000000424683,1.8105000000214204,6.040199999930337,0.4442000000271946,0.4235000000335276,0.4531000000424683,6.040199999930337,0.7968000000109896,1.8105000000214204,"","",0
"native","m9b-islands-256-1","kernel","landRegions",0.978899999987334,2.286699999938719,2.6705999999539927,69.37569999997504,0.978899999987334,0.9017000000458211,2.286699999938719,2.157800000044517,2.6705999999539927,69.37569999997504,"","",0
"native","m9b-islands-256-1","kernel","walkRegions",2.976600000052713,70.77000000001863,6.542599999927916,73.50230000005104,2.976600000052713,2.4485000000568107,70.77000000001863,73.50230000005104,6.542599999927916,3.648700000019744,"","",0
"native","m9b-islands-256-1","kernel","components",1.9666999999899417,2.5454000000609085,2.1288999998942018,115.33419999992475,1.9070999999530613,1.9666999999899417,2.5454000000609085,1.5278999999864027,2.1288999998942018,115.33419999992475,"","",0
"native","m9b-islands-256-1","kernel","damSites",287.5478000000585,295.13380000006873,115.09400000004098,127.97750000003725,295.13380000006873,287.5478000000585,257.8452999999281,115.09400000004098,127.97750000003725,72.64859999995679,"","",0
"native","m9b-islands-256-1","kernel","roomMap",872.8016000000061,886.4094000000041,273.45209999999497,432.58749999990687,872.8016000000061,839.9799000000348,886.4094000000041,234.24129999999423,432.58749999990687,273.45209999999497,"","",0
"native","m9b-islands-256-1","complete","checks",3153.74589999998,3391.6099000000395,2797.808200000087,2995.016399999964,3153.74589999998,3391.6099000000395,2581.5422000000253,2797.808200000087,2995.016399999964,2200.1759999999776,"","",0
"native","m9b-islands-256-1","complete","measures",54.30630000005476,68.38500000000931,71.27999999991152,72.7137999999104,68.38500000000931,54.30630000005476,20.537400000030175,71.27999999991152,52.76010000007227,72.7137999999104,"","",0
"native","m9b-islands-256-1","complete","outcomes",89.23459999996703,102.09640000003856,88.18759999994654,100.84719999996014,89.23459999996703,56.847000000067055,102.09640000003856,100.84719999996014,58.29509999998845,88.18759999994654,"","",0
"chromium","m9b-any-128-1","complete","m9bMeasures",3,3.600000023841858,1.7999999523162842,2.5,1.7999999523162842,3,3.600000023841858,2.5,1.600000023841858,1.7999999523162842,"","",0
"chromium","m9b-any-256-1","complete","m9bMeasures",4.5,6.600000023841858,2.899999976158142,3.899999976158142,4.5,6.600000023841858,3.700000047683716,2.899999976158142,3.899999976158142,2.899999976158142,99.53067242955953,99.53067242955953,1
"chromium","m9b-any-96-1","complete","m9bMeasures",0.3999999761581421,0.5,0.40000003576278687,0.40000003576278687,0.3999999761581421,0.5,0.3999999761581421,0.3999999761581421,0.40000003576278687,0.40000003576278687,"","",0
"chromium","m9b-canyon-128-1","complete","m9bMeasures",0.6000000238418579,0.7999999523162842,0.6000000238418579,0.699999988079071,0.7999999523162842,0.6000000238418579,0.6000000238418579,0.6000000238418579,0.5999999642372131,0.699999988079071,"","",0
"chromium","m9b-canyon-256-1","complete","m9bMeasures",2.800000011920929,3,2.800000011920929,2.800000011920929,3,2.800000011920929,2.699999988079071,2.800000011920929,2.800000011920929,2.800000011920929,"","",0
"chromium","m9b-canyon-96-1","complete","m9bMeasures",0.3999999761581421,0.3999999761581421,0.40000003576278687,0.5,0.3999999761581421,0.3999999761581421,0.30000001192092896,0.5,0.40000003576278687,0.2999999523162842,"","",0
"chromium","m9b-delta-128-1","complete","m9bMeasures",0.40000003576278687,0.6000000238418579,0.3999999761581421,0.5,0.40000003576278687,0.6000000238418579,0.30000001192092896,0.3999999761581421,0.3999999761581421,0.5,"","",0
"chromium","m9b-delta-256-1","complete","m9bMeasures",2.800000011920929,3.300000011920929,2.599999964237213,2.600000023841858,3.300000011920929,2.699999988079071,2.800000011920929,2.599999964237213,2.600000023841858,2.5,94.07295492105439,94.07295492105439,1
"chromium","m9b-delta-96-1","complete","m9bMeasures",0.19999998807907104,0.40000003576278687,0.30000001192092896,0.30000001192092896,0.19999998807907104,0.19999998807907104,0.40000003576278687,0.30000001192092896,0.30000001192092896,0.09999996423721313,"","",0
"chromium","m9b-highlands-128-1","complete","m9bMeasures",2.100000023841858,2.100000023841858,0.8999999761581421,1,2.100000023841858,2.100000023841858,0.7999999523162842,0.8999999761581421,1,0.800000011920929,"","",0
"chromium","m9b-highlands-256-1","complete","m9bMeasures",2.099999964237213,2.299999952316284,2.200000047683716,2.400000035762787,2.099999964237213,2.299999952316284,1.899999976158142,2.200000047683716,2.400000035762787,2,84.98426180265601,84.98426180265601,1
"chromium","m9b-highlands-96-1","complete","m9bMeasures",0.3999999761581421,0.3999999761581421,0.5,0.7000000476837158,0.3999999761581421,0.3999999761581421,0.2999999523162842,0.5,0.7000000476837158,0.30000001192092896,"","",0
"chromium","m9b-islands-128-1","complete","m9bMeasures",2.899999976158142,3.800000011920929,2.399999976158142,4.600000023841858,3.800000011920929,2.899999976158142,0.8999999761581421,0.800000011920929,4.600000023841858,2.399999976158142,"","",0
"chromium","m9b-islands-256-1","complete","m9bMeasures",3.099999964237213,3.100000023841858,3.100000023841858,3.399999976158142,3.099999964237213,3,3.100000023841858,3.100000023841858,2.699999988079071,3.399999976158142,"","",0
"chromium","m9b-islands-96-1","complete","m9bMeasures",2.599999964237213,3.100000023841858,0.5,0.6000000238418579,2.599999964237213,0.5,3.100000023841858,0.6000000238418579,0.3999999761581421,0.5,"","",0
"chromium","m9b-lakeBasin-128-1","complete","m9bMeasures",0.699999988079071,0.800000011920929,1,1.0999999642372131,0.800000011920929,0.6000000238418579,0.699999988079071,1.0999999642372131,1,0.8999999761581421,"","",0
"chromium","m9b-lakeBasin-256-1","complete","m9bMeasures",6.199999988079071,6.199999988079071,4.199999988079071,9.199999988079071,6.199999988079071,3.600000023841858,6.199999988079071,4.199999988079071,9.199999988079071,4,99.46053312886734,99.46053312886734,1
"chromium","m9b-lakeBasin-96-1","complete","m9bMeasures",0.5,0.6000000238418579,0.5999999642372131,0.6000000238418579,0.6000000238418579,0.5,0.5,0.6000000238418579,0.5999999642372131,0.3999999761581421,"","",0
"chromium","m9b-riverValley-128-1","complete","m9bMeasures",0.800000011920929,0.800000011920929,0.9000000357627869,1,0.800000011920929,0.800000011920929,0.7999999523162842,0.800000011920929,1,0.9000000357627869,"","",0
"chromium","m9b-riverValley-256-1","complete","m9bMeasures",3.100000023841858,3.100000023841858,3.099999964237213,4.599999964237213,2.900000035762787,3.100000023841858,3.100000023841858,3.099999964237213,2.699999988079071,4.599999964237213,"","",0
"chromium","m9b-riverValley-96-1","complete","m9bMeasures",0.6000000238418579,0.800000011920929,0.5,0.5,0.800000011920929,0.5,0.6000000238418579,0.3999999761581421,0.5,0.5,"","",0
"firefox","m9b-any-128-1","complete","m9bMeasures",1,1,1,3,1,0,1,3,1,1,"","",0
"firefox","m9b-any-256-1","complete","m9bMeasures",2,2,2,3,2,2,1,3,2,2,"","",0
"firefox","m9b-any-96-1","complete","m9bMeasures",2,3,1,2,1,3,2,2,1,1,"","",0
"firefox","m9b-canyon-128-1","complete","m9bMeasures",0,0,1,1,0,0,0,1,1,0,"","",0
"firefox","m9b-canyon-256-1","complete","m9bMeasures",2,3,2,2,2,3,1,2,2,2,"","",0
"firefox","m9b-canyon-96-1","complete","m9bMeasures",0,1,0,0,0,1,0,0,0,0,"","",0
"firefox","m9b-delta-128-1","complete","m9bMeasures",1,1,1,5,1,1,1,1,0,5,"","",0
"firefox","m9b-delta-256-1","complete","m9bMeasures",2,2,1,3,1,2,2,1,1,3,73.33345820078489,73.33345820078489,1
"firefox","m9b-delta-96-1","complete","m9bMeasures",0,1,1,1,0,0,1,1,0,1,"","",0
"firefox","m9b-highlands-128-1","complete","m9bMeasures",1,1,0,1,1,0,1,1,0,0,"","",0
"firefox","m9b-highlands-256-1","complete","m9bMeasures",1,2,1,2,2,1,1,1,2,1,"","",0
"firefox","m9b-highlands-96-1","complete","m9bMeasures",0,1,0,1,0,1,0,1,0,0,"","",0
"firefox","m9b-islands-128-1","complete","m9bMeasures",0,1,1,1,0,1,0,1,0,1,"","",0
"firefox","m9b-islands-256-1","complete","m9bMeasures",2,2,1,2,1,2,2,1,1,2,"","",0
"firefox","m9b-islands-96-1","complete","m9bMeasures",0,1,0,0,0,0,1,0,0,0,"","",0
"firefox","m9b-lakeBasin-128-1","complete","m9bMeasures",0,0,1,2,0,0,0,1,2,1,"","",0
"firefox","m9b-lakeBasin-256-1","complete","m9bMeasures",1,2,2,2,2,1,1,2,2,2,"","",0
"firefox","m9b-lakeBasin-96-1","complete","m9bMeasures",1,9,1,2,1,9,1,1,2,1,"","",0
"firefox","m9b-riverValley-128-1","complete","m9bMeasures",0,1,1,1,0,0,1,1,0,1,"","",0
"firefox","m9b-riverValley-256-1","complete","m9bMeasures",2,5,2,2,5,2,2,2,2,2,"","",0
"firefox","m9b-riverValley-96-1","complete","m9bMeasures",1,2,1,1,2,0,1,1,1,0,"","",0
"webkit","m9b-any-128-1","complete","m9bMeasures",1,1.0000000000000142,1,1.9999999999999858,1,1.0000000000000142,1,1,1,1.9999999999999858,"","",0
"webkit","m9b-any-256-1","complete","m9bMeasures",4,4,4,7.000000000000114,4,4,4,4,7.000000000000114,3,"","",0
"webkit","m9b-any-96-1","complete","m9bMeasures",1,1,1,2,0,1,1,1,2,1,"","",0
"webkit","m9b-canyon-128-1","complete","m9bMeasures",1,2,1,1,1,1,2,1,1,1,"","",0
"webkit","m9b-canyon-256-1","complete","m9bMeasures",3,3,3,3,2,3,3,3,3,3,"","",0
"webkit","m9b-canyon-96-1","complete","m9bMeasures",0,0,1,1.0000000000004547,0,0,0,1,1.0000000000004547,0.9999999999995453,"","",0
"webkit","m9b-delta-128-1","complete","m9bMeasures",0,1,0.9999999999995453,1,0,0,1,0.9999999999995453,1,0,"","",0
"webkit","m9b-delta-256-1","complete","m9bMeasures",2,2,2,3,2,2,2,3,2,2,"","",0
"webkit","m9b-delta-96-1","complete","m9bMeasures",0,1,0,1.0000000000009095,1,0,0,0,1.0000000000009095,0,"","",0
"webkit","m9b-highlands-128-1","complete","m9bMeasures",1,1,1,1,1,1,1,1,1,1,"","",0
"webkit","m9b-highlands-256-1","complete","m9bMeasures",1,2,2,2,2,1,1,1,2,2,"","",0
"webkit","m9b-highlands-96-1","complete","m9bMeasures",0,1,0,1,0,1,0,0,0,1,"","",0
"webkit","m9b-islands-128-1","complete","m9bMeasures",1,2,1,1.0000000000009095,2,0.9999999999990905,1,1.0000000000009095,1,1,"","",0
"webkit","m9b-islands-256-1","complete","m9bMeasures",3,4.000000000001819,4,6,3,4.000000000001819,3,1.9999999999990905,6,4,"","",0
"webkit","m9b-islands-96-1","complete","m9bMeasures",0.9999999999990905,1,1,1,0.9999999999990905,1,0,0,1,1,"","",0
"webkit","m9b-lakeBasin-128-1","complete","m9bMeasures",0.999999999998181,1.000000000001819,0,1,1.000000000001819,0.999999999998181,0,0,0,1,"","",0
"webkit","m9b-lakeBasin-256-1","complete","m9bMeasures",4,4,4,4,4,4,2.0000000000009095,4,4,2.9999999999990905,"","",0
"webkit","m9b-lakeBasin-96-1","complete","m9bMeasures",0,1,0.999999999998181,1.000000000001819,1,0,0,0,1.000000000001819,0.999999999998181,"","",0
"webkit","m9b-riverValley-128-1","complete","m9bMeasures",1,1,1,1,1,1,0,1,1,1,"","",0
"webkit","m9b-riverValley-256-1","complete","m9bMeasures",4,5,4,6,3,4,5,3,6,4,"","",0
"webkit","m9b-riverValley-96-1","complete","m9bMeasures",1,1.000000000001819,0,0.999999999998181,0.999999999998181,1,1.000000000001819,0,0,0.999999999998181,"","",0
"native","m9b-any-128-1","complete","m9bMeasures",2.065400000000011,2.841799999999978,1.8906999999999812,2.178099999999972,2.065400000000011,2.841799999999978,1.766399999999976,2.178099999999972,1.8906999999999812,1.806100000000015,"","",0
"native","m9b-any-256-1","complete","m9bMeasures",3.072499999999991,4.278500000000008,3.229600000000005,3.322499999999991,3.072499999999991,4.278500000000008,2.3192000000000235,3.322499999999991,2.811800000000062,3.229600000000005,"","",0
"native","m9b-any-96-1","complete","m9bMeasures",0.22829999999999018,0.23939999999993233,0.2074999999999818,0.21669999999994616,0.23939999999993233,0.22829999999999018,0.20000000000004547,0.2074999999999818,0.21669999999994616,0.1957999999999629,"","",0
"native","m9b-canyon-128-1","complete","m9bMeasures",0.7522000000000162,1.1106999999999516,0.7701000000000704,0.8360999999999876,1.1106999999999516,0.7522000000000162,0.38980000000003656,0.7701000000000704,0.8360999999999876,0.36810000000002674,"","",0
"native","m9b-canyon-256-1","complete","m9bMeasures",1.4377000000001772,1.4991999999999734,1.4196000000001732,1.5782999999998992,1.4991999999999734,1.4377000000001772,1.4037000000000717,1.406400000000076,1.4196000000001732,1.5782999999998992,"","",0
"native","m9b-canyon-96-1","complete","m9bMeasures",0.20980000000008658,0.22769999999991342,0.19459999999980937,0.19870000000014443,0.20980000000008658,0.22769999999991342,0.19419999999990978,0.19459999999980937,0.19069999999987886,0.19870000000014443,"","",0
"native","m9b-delta-128-1","complete","m9bMeasures",0.9542999999998756,1.0932999999999993,0.7213999999999032,0.7354000000000269,0.9542999999998756,1.0932999999999993,0.7228000000000065,0.6896999999999025,0.7354000000000269,0.7213999999999032,"","",0
"native","m9b-delta-256-1","complete","m9bMeasures",2.020300000000134,2.5406000000000404,2.0919000000001233,2.4394999999999527,2.020300000000134,1.8032000000000608,2.5406000000000404,2.4394999999999527,1.794300000000021,2.0919000000001233,"","",0
"native","m9b-delta-96-1","complete","m9bMeasures",0.3286000000000513,0.34369999999989886,0.33400000000006,0.350400000000036,0.2460999999998421,0.34369999999989886,0.3286000000000513,0.33400000000006,0.350400000000036,0.22309999999993124,"","",0
"native","m9b-highlands-128-1","complete","m9bMeasures",1.5470000000000255,1.9782000000000153,0.9347999999999956,1.2010999999999967,1.5470000000000255,1.9782000000000153,0.5698999999999614,1.2010999999999967,0.9347999999999956,0.49939999999992324,"","",0
"native","m9b-highlands-256-1","complete","m9bMeasures",2.7431000000001404,3.827299999999923,1.9880999999995765,3.2094999999999345,2.7431000000001404,2.4640999999996893,3.827299999999923,1.9085000000000036,3.2094999999999345,1.9880999999995765,"","",0
"native","m9b-highlands-96-1","complete","m9bMeasures",0.33670000000029177,0.43699999999989814,0.3407999999999447,0.35570000000006985,0.2680000000000291,0.33670000000029177,0.43699999999989814,0.3213999999998123,0.35570000000006985,0.3407999999999447,"","",0
"native","m9b-islands-128-1","complete","m9bMeasures",0.5712000000003172,0.5846000000001368,0.564600000000155,0.5676000000003114,0.5712000000003172,0.5846000000001368,0.5597000000002481,0.5676000000003114,0.5599999999999454,0.564600000000155,"","",0
"native","m9b-islands-256-1","complete","m9bMeasures",2.93100000000004,5.215300000000298,2.4471000000003187,2.5697000000000116,2.93100000000004,5.215300000000298,2.2743000000000393,2.4471000000003187,2.5697000000000116,2.3677999999999884,"","",0
"native","m9b-islands-96-1","complete","m9bMeasures",0.38279999999986103,1.5010000000002037,0.3533999999999651,0.46289999999999054,1.5010000000002037,0.38279999999986103,0.34979999999995925,0.46289999999999054,0.3533999999999651,0.34169999999994616,"","",0
"native","m9b-lakeBasin-128-1","complete","m9bMeasures",0.5331999999998516,0.663300000000163,0.6033999999999651,0.6395000000002256,0.663300000000163,0.5331999999998516,0.49319999999988795,0.6395000000002256,0.6033999999999651,0.49710000000004584,"","",0
"native","m9b-lakeBasin-256-1","complete","m9bMeasures",3.0996000000000095,3.246399999999994,3.4466999999999643,4.886599999999817,3.246399999999994,2.208900000000085,3.0996000000000095,4.886599999999817,2.9972999999999956,3.4466999999999643,"","",0
"native","m9b-lakeBasin-96-1","complete","m9bMeasures",0.9618999999997868,1.9980000000000473,0.793699999999717,1.3597999999997228,1.9980000000000473,0.9618999999997868,0.5100999999999658,1.3597999999997228,0.529399999999896,0.793699999999717,"","",0
"native","m9b-riverValley-128-1","complete","m9bMeasures",0.7552000000000589,0.8288000000002285,0.7345000000000255,0.7810000000004038,0.8288000000002285,0.7552000000000589,0.6788000000001375,0.7810000000004038,0.7345000000000255,0.6847000000002481,"","",0
"native","m9b-riverValley-256-1","complete","m9bMeasures",3.4763999999995576,4.377399999997579,3.3637999999991735,5.017100000000937,4.377399999997579,3.4763999999995576,3.2845000000015716,5.017100000000937,3.3637999999991735,3.156300000002375,"","",0
"native","m9b-riverValley-96-1","complete","m9bMeasures",0.5573000000003958,0.8487000000022817,0.6270000000076834,0.7620000000024447,0.8487000000022817,0.5017999999981839,0.5573000000003958,0.7620000000024447,0.6270000000076834,0.24890000000596046,"","",0
